case_id,pair,method,initial_x_m,initial_y_m,initial_z_m,initial_vx_mps,initial_vy_mps,initial_vz_mps,burn_time_s,propellant_kg,final_x_m,final_y_m,final_z_m,final_vx_mps,final_vy_mps,final_vz_mps,final_speed_mps,position_error_m,max_thrust_N,runtime_s,success
1,T,ESPDI-T,90.35568581925823,40.7438106071569,792.4887646520115,-10.968460188236342,-4.94597390866565,-94.0806699427699,16.2564081087833,932.4519138733158,-3.279070408485161e-12,-1.4675695724040028e-12,-8.000690558738859e-11,-2.394282688777949e-13,-1.0619283230539622e-13,-5.719459628128476e-12,5.725453803093898e-12,8.008752090596237e-11,180000.0,0.5733761000446975,True
1,T,Optimizer-T,90.35568581925823,40.7438106071569,792.4887646520115,-10.968460188236342,-4.94597390866565,-94.0806699427699,16.2564081087833,932.4519138738033,2.7554403203566835e-11,1.2417400441222526e-11,6.366747129504802e-10,-1.630917623174355e-13,-7.421840919619171e-14,-3.751665644813329e-12,3.755942279331784e-12,6.373916590921148e-10,180000.0,3.6699960000114515,True
1,A,ESPDI-A,-92.84681487927304,-426.94936098605973,959.6006688425914,14.578269797450858,44.09832863404843,-78.97165130465868,19.229491753483796,998.1301103202659,-9.037215420448774e-14,2.2737367544323206e-13,-2.5579538487363607e-13,-1.970645868709653e-14,5.684341886080802e-14,-3.552713678800501e-14,6.986913646328488e-14,3.5397343609764777e-13,179999.99999998786,5.2136154000181705,True
1,A,Optimizer-A,-92.84681487927304,-426.94936098605973,959.6006688425914,14.578269797450858,44.09832863404843,-78.97165130465868,18.435517607384707,970.3609259127115,-3.1927688272042034e-08,-4.0002191346156466e-08,1.53347285092309e-07,6.992589840493224e-11,1.1144685174713231e-10,-1.3782752716906543e-10,1.9054253928617533e-10,1.6166305216738023e-07,180000.00000488985,14.566588599933311,True
2,T,ESPDI-T,-394.1916261882089,143.61338932592045,1138.3016468730216,39.936365919638504,-14.549768402084396,-112.27853466888354,19.425532539888305,1114.2298393112324,1.1187834215779646e-11,-4.402753955269723e-12,-8.573832947447599e-11,7.906524827211436e-13,-3.0756408704590843e-13,-6.132357642518738e-12,6.190762252891922e-12,8.657720842060114e-11,180000.0,0.7345200999407098,True
2,T,Optimizer-T,-394.1916261882089,143.61338932592045,1138.3016468730216,39.936365919638504,-14.549768402084396,-112.27853466888354,19.425532539888305,1114.2298393118108,2.2797763676862814e-11,-8.279599228444567e-12,-1.716635722459614e-10,-3.197442310920451e-13,1.212363542890671e-13,2.5153212845907547e-12,2.538459334248479e-12,1.7336860104498206e-10,180000.0,1.5984651000471786,True
2,A,ESPDI-A,-230.93338581161947,13.455599809492242,1390.0609918164319,-8.375310018368658,-4.6340574032864055,-89.32593574636638,23.198395482984044,1177.2586841202974,-2.2737367544323206e-13,7.105427357601002e-14,-7.958078640513122e-13,-5.684341886080802e-14,1.7763568394002505e-15,-7.815970093361102e-14,9.666058432183029e-14,8.306970895361862e-13,180000.0145645565,3.819417899940163,True
2,A,Optimizer-A,-230.93338581161947,13.455599809492242,1390.0609918164319,-8.375310018368658,-4.6340574032864055,-89.32593574636638,21.978747046130735,1138.4376154083402,1.2748047968447048e-08,1.7354249833722065e-09,-1.2901758950079056e-07,-2.291145051458443e-11,5.138167669116456e-12,1.291716955620359e-09,1.2919303498133351e-09,1.2965748272843045e-07,180000.00002270684,17.407919300021604,True
3,T,ESPDI-T,-77.2156466883653,237.33724087601595,633.6970737410556,10.296744692687056,-31.649038506794415,-82.74601344462522,14.816691085134574,849.8711318731457,4.372477559059021e-12,-1.3369103946721944e-11,-9.657690532710594e-11,1.995990178693674e-13,-6.125377982613145e-13,-4.499609018715489e-12,4.545494873337666e-12,9.759585105373852e-11,180000.0,0.5119440999114886,True
3,T,Optimizer-T,-77.2156466883653,237.33724087601595,633.6970737410556,10.296744692687056,-31.649038506794415,-82.74601344462522,14.816691085134574,849.8711318735877,-2.536382215367894e-11,7.811817859249004e-11,5.621831888902307e-10,1.5265566588595902e-13,-4.716227408607665e-13,-3.3804070653786766e-12,3.416560213092429e-12,5.681511340934209e-10,180000.0,2.1902481000870466,True
3,A,ESPDI-A,-424.91062651478876,495.31442220813324,1605.4697870410027,13.437613312031388,-14.336077038524433,-63.95277894739985,26.898187322531136,1225.840055962086,-1.1368683772161603e-13,4.547473508864641e-13,-1.1368683772161603e-13,-2.842170943040401e-14,2.842170943040401e-14,2.842170943040401e-14,4.9227844771419234e-14,4.823324033076557e-13,180000.0144469279,3.8586595999076962,True
3,A,Optimizer-A,-424.91062651478876,495.31442220813324,1605.4697870410027,13.437613312031388,-14.336077038524433,-63.95277894739985,25.14814234913353,1166.9187706189823,7.698689099528122e-08,-8.70467421954816e-08,1.2141782690378022e-08,-1.673399196988612e-10,2.0958168533979915e-10,6.117630846347311e-10,6.679679657562127e-10,1.1683980314458902e-07,180000.0000050518,28.29503380006645,True
4,T,ESPDI-T,-283.4722079144944,63.588778014308915,929.4059052350922,31.690917467600457,-7.108939288062004,-101.40250811412979,17.631134594432748,1011.3049012010433,5.024924696987992e-12,-1.1138787188756183e-12,-4.092370610138743e-11,7.73759528671647e-13,-1.706529882683494e-13,-6.407978314637575e-12,6.456780337868131e-12,4.124609454340494e-11,180000.0,0.6083496001083404,True
4,T,Optimizer-T,-283.4722079144944,63.588778014308915,929.4059052350922,31.690917467600457,-7.108939288062004,-101.40250811412979,17.631134594432748,1011.3049012015763,4.632561001471913e-11,-1.0399070493605223e-11,-4.0093972586419113e-10,-2.7400304247748863e-13,5.96189764223709e-14,2.334132886971929e-12,2.3509165071691686e-12,4.037410885535674e-10,179999.99999999997,7.531669800053351,True
4,A,ESPDI-A,355.9070420091165,167.58470483801398,1283.5720284408164,11.024784558838185,-35.05747800431771,-64.27737956958387,23.672146246809092,1159.212961132882,6.821210263296962e-13,1.2505552149377763e-12,3.979039320256561e-13,5.684341886080802e-14,1.5631940186722204e-13,8.526512829121202e-14,1.8691461090676719e-13,1.4790216290814087e-12,180000.00121657984,4.424588899943046,True
4,A,Optimizer-A,355.9070420091165,167.58470483801398,1283.5720284408164,11.024784558838185,-35.05747800431771,-64.27737956958387,22.4985910570406,1123.8696918054557,2.6681495791607937e-08,-1.8604016683096044e-08,-6.413858244513904e-08,1.2283507544452732e-11,2.383160335739376e-11,4.438831524566922e-10,4.446921214852696e-10,7.19150152088867e-08,180000.00000163267,27.50844360003248,True
5,T,ESPDI-T,168.661014625122,294.3694378790395,361.7954553677778,-27.90960304933342,-48.71151865960419,-58.72745557628447,11.968726662385015,686.5146352309912,-5.831623703898836e-12,-1.0424080869320118e-11,-3.66940035214508e-11,-4.4816234057165616e-13,-8.183315136633951e-13,-2.9222180231158745e-12,3.067551812828031e-12,3.858910716026278e-11,180000.0,0.3807158999843523,True
5,T,Optimizer-T,168.661014625122,294.3694378790395,361.7954553677778,-27.90960304933342,-48.71151865960419,-58.72745557628447,11.968726662385015,686.5146352313604,-2.3802737558753506e-11,-4.1390446625655386e-11,-1.4979661955294432e-10,8.126832540256146e-14,1.509903313490213e-13,5.435651928564766e-13,5.699699463653522e-13,1.5722202967985008e-10,180000.0,22.265859900042415,True
5,A,ESPDI-A,-468.39227305332855,-34.949841276523784,1496.246182587821,-9.074139902808973,-34.20554713428612,-61.56038496928757,25.88651304133757,1258.028523557714,-4.547473508864641e-13,-4.547473508864641e-13,-1.1368683772161603e-12,5.684341886080802e-14,2.842170943040401e-14,-1.5631940186722204e-13,1.6874455023750438e-13,1.306162322757252e-12,180000.00163968647,3.8368711000075564,True
5,A,Optimizer-A,-468.39227305332855,-34.949841276523784,1496.246182587821,-9.074139902808973,-34.20554713428612,-61.56038496928757,24.702730710967067,1221.9730608592836,-3.830872595502688e-08,-3.7192443181076386e-08,-1.3831083833792945e-08,2.3220536604640074e-11,1.637534552401121e-11,-9.407230550095846e-11,9.826975080615522e-11,5.5155554517132306e-08,180000.00000178136,40.16718580003362,True
6,T,ESPDI-T,-26.54927135013871,-268.5871378098159,513.9337197637559,3.8737989213382633,39.18949605099277,-73.51972596653198,13.555759595406778,777.5453159246299,-2.0934916245620187e-13,-2.590399039205122e-12,1.1322998663904418e-11,7.03976807403528e-14,6.683889552938638e-13,-3.770726786367362e-12,3.830154060405505e-12,1.161741335224486e-11,180000.0,0.4146656000521034,True
6,T,Optimizer-T,-26.54927135013871,-268.5871378098159,513.9337197637559,3.8737989213382633,39.18949605099277,-73.51972596653198,13.555759595406776,777.5453159250319,-1.1485423723200938e-11,-1.1620060469397231e-10,6.122817808318359e-10,5.939693181744587e-14,5.933031843596837e-13,-3.154809746774845e-12,3.210663670088511e-12,6.233165123979556e-10,180000.0,15.718532499973662,True
6,A,ESPDI-A,37.90617703788803,277.73483451148854,1682.7525624809114,13.026648796287851,-16.909403705673512,-82.65642260107066,26.376215222592936,1248.4362587224477,-5.115907697472721e-13,-3.410605131648481e-13,-9.094947017729282e-13,-8.526512829121202e-14,-2.842170943040401e-14,-9.947598300641403e-14,1.3406493525361332e-13,1.097828767105282e-12,180000.06633657456,4.935916599933989,True
6,A,Optimizer-A,37.90617703788803,277.73483451148854,1682.7525624809114,13.026648796287851,-16.909403705673512,-82.65642260107066,24.371484993745646,1182.3972055206614,-6.844788204300856e-09,-2.209179741844301e-09,1.4991439201139656e-08,-2.984279490192421e-13,-2.3714363805993344e-13,-3.4638958368304884e-12,3.484805692465467e-12,1.6627532890208885e-08,180000.0000000002,30.76359740004409,True
7,T,ESPDI-T,-445.7324266438614,-94.70839381909832,779.4153805765554,53.08264658214706,11.278901639074263,-90.61732070928194,16.566155853397017,950.2187462110815,8.662143376712839e-12,1.7876876872270978e-12,-4.150068082155872e-11,-4.969986228120504e-11,-1.0561362548400233e-11,2.368846369060762e-10,2.4227247035470836e-10,4.243271218999188e-11,180000.0,0.8009754000231624,True
7,T,Optimizer-T,-445.7324266438614,-94.70839381909832,779.4153805765554,53.08264658214706,11.278901639074263,-90.61732070928194,16.566155853397017,950.2187462115835,-2.639355400901877e-11,-5.5992988023945145e-12,1.2642153990327643e-10,-5.0733639511690853e-11,-1.0780487613715195e-11,2.419291433852777e-10,2.474264163552993e-10,1.292686257056259e-10,180000.0,14.96955560008064,True
7,A,ESPDI-A,272.10766279798236,172.33439987587076,936.1275789208901,-2.1344800480295376,-35.893558376613754,-72.70518388931319,19.314630447057116,1004.8713295967191,-5.684341886080801e-13,2.2737367544323206e-13,-1.3926637620897964e-12,-2.842170943040401e-14,7.105427357601002e-15,-2.0605739337042905e-13,2.0812959911434078e-13,1.5212917436511629e-12,180000.00148833677,3.8411500999936834,True
7,A,Optimizer-A,272.10766279798236,172.33439987587076,936.1275789208901,-2.1344800480295376,-35.893558376613754,-72.70518388931319,18.497115119400085,979.8940561174531,-7.971411400466093e-08,7.699072393283169e-08,1.8500165843704508e-07,3.860201047700684e-11,-4.243161377814886e-12,5.851319428984425e-12,3.927286048157349e-11,2.1565603438741675e-07,180000.00000910208,15.759419099893421,True
8,T,ESPDI-T,-332.97312498865875,-34.29705726681639,1058.2103145149692,35.01482466762455,3.606613737531994,-108.45288749954258,18.7263522515779,1074.1255312983612,4.779829700401309e-12,4.951657977483039e-13,-4.0283256189892604e-11,8.92830948062695e-13,9.035187962386226e-14,-7.510960603474004e-12,7.564379667289888e-12,4.0568863558061605e-11,180000.0,0.7082212000386789,True
8,T,Optimizer-T,-332.97312498865875,-34.29705726681639,1058.2103145149692,35.01482466762455,3.606613737531994,-108.45288749954258,18.7263522515779,1074.1255312989306,5.476241682345062e-11,5.634853694758135e-12,-4.5641002088814275e-10,-2.877698079828406e-13,-3.008704396734174e-14,2.48334686148155e-12,2.5001456611628528e-12,4.5971815391565906e-10,180000.0,5.4483580000232905,True
8,A,ESPDI-A,95.48978804704859,134.55451651800968,1073.4570160603234,-44.20088737322048,-21.04001847482085,-60.971336427397794,21.6604720020174,1061.7977189053327,0.0,5.044853423896711e-13,1.3642420526593924e-12,1.4210854715202004e-13,7.105427357601002e-14,1.4210854715202004e-13,2.1316282072803006e-13,1.4545314843379417e-12,180000.07325890826,4.29013490001671,True
8,A,Optimizer-A,95.48978804704859,134.55451651800968,1073.4570160603234,-44.20088737322048,-21.04001847482085,-60.971336427397794,20.131563654909517,1020.5780978627554,1.9634229976928644e-07,6.599549528520825e-08,9.797226852015228e-08,-3.652100843964945e-11,1.686113054732985e-12,3.5565506095736055e-10,3.575292287621617e-10,2.2913810131799797e-07,180000.00000381455,30.50244010007009,True
9,T,ESPDI-T,-118.51040529173395,209.1110523225264,523.1723296207226,17.234282200264303,-30.40980982259811,-74.60386114910189,13.60051137723911,780.11223503367,-6.110636159445135e-12,1.1320312122835227e-11,7.379346252575021e-11,3.2793873953190777e-13,-5.265924415270851e-13,-3.871461311255597e-12,3.920848900545409e-12,7.490637124017442e-11,180000.0,0.4201878000749275,True
9,T,Optimizer-T,-118.51040529173395,209.1110523225264,523.1723296207226,17.234282200264303,-30.40980982259811,-74.60386114910189,13.600511377239112,780.1122350340884,2.5996871322320203e-11,-4.580336110393546e-11,-3.136335635645082e-10,-1.6719958750854857e-13,3.028688411177427e-13,2.021494083237485e-12,2.050883606045744e-12,3.1802483771104923e-10,180000.0,2.1170715999323875,True
9,A,ESPDI-A,24.890693132018782,152.9687264309208,1644.2014837672707,-42.76903214936297,35.97868618699869,-58.351587197667136,27.405229256599707,1317.1139773636805,6.821210263296962e-13,-4.547473508864641e-13,-1.1368683772161603e-12,8.526512829121202e-14,-8.526512829121202e-14,-7.105427357601002e-14,1.399606873320082e-13,1.401625468808783e-12,180000.04382760354,3.84194379998371,True
9,A,Optimizer-A,24.890693132018782,152.9687264309208,1644.2014837672707,-42.76903214936297,35.97868618699869,-58.351587197667136,25.766044205698137,1274.5639475000407,-2.8941484710156513e-07,3.198649179488566e-07,-3.4789409397717463e-07,2.8042457245192054e-11,-3.093969525025386e-11,1.0859935173357371e-10,1.1635060527336962e-10,5.541703890334184e-07,180000.00000104652,30.12138489994686,True
10,T,ESPDI-T,-255.28066450404714,190.37940543337984,670.4089550044116,32.95228667538879,-24.574664740546172,-84.662163892987,15.300308518285899,877.6109621054329,-1.9738935085964836e-12,1.4212977045322158e-12,1.3136959995542655e-11,6.672077170269408e-13,-4.87257586709311e-13,-4.690047395589092e-12,4.7622610875862434e-12,1.336024178945411e-11,180000.0,0.4613737999461591,True
10,T,Optimizer-T,-255.28066450404714,190.37940543337984,670.4089550044116,32.95228667538879,-24.574664740546172,-84.662163892987,15.300308518285899,877.6109621059077,5.307820849509426e-11,-3.958566807682473e-11,-3.7764458227229625e-10,-3.12194714524594e-13,2.327027459614328e-13,2.275513111271721e-12,2.3085874528214413e-12,3.834054666456314e-10,180000.0,19.130961999995634,True
10,A,ESPDI-A,-95.05090495017856,183.498333027606,1599.9502605807215,41.61504117998737,19.184869352327482,-67.97801514565433,26.462446758267255,1269.0525360552874,-1.1368683772161603e-13,-4.547473508864641e-13,-7.958078640513122e-13,0.0,2.842170943040401e-14,-2.842170943040401e-14,4.0194366942304644e-14,9.235962357520249e-13,180000.0545375142,3.9220743000041693,True
10,A,Optimizer-A,-95.05090495017856,183.498333027606,1599.9502605807215,41.61504117998737,19.184869352327482,-67.97801514565433,24.833366260895932,1222.9268281758868,-1.9497545802207757e-07,-1.7548243380932737e-07,1.5842768519291894e-07,4.179501189582879e-11,4.384315133165728e-11,3.086455535594723e-10,3.1453318214473995e-10,3.064455012594418e-07,180000.00000249187,24.835488199954852,True
11,T,ESPDI-T,308.2936901114447,-223.07318265135203,493.5635500702782,-44.79228802682032,32.41051818078688,-70.22955069024448,13.612842881038244,780.8195582161043,-1.3311136698099246e-11,9.498504467773256e-12,-6.05280108261115e-11,-1.526424819875416e-12,1.1094805629774385e-12,-6.957157072662312e-12,7.208533441973594e-12,6.269807047976568e-11,180000.0,0.5663130999309942,True
11,T,Optimizer-T,308.2936901114447,-223.07318265135203,493.5635500702782,-44.79228802682032,32.41051818078688,-70.22955069024448,13.612842881038244,780.8195582165281,-5.948619374862574e-11,4.291322852623125e-11,-2.701687762396432e-10,-4.4364512064021255e-13,3.2462921240039577e-13,-2.0303758674344863e-12,2.1034807538154258e-12,2.799487811798258e-10,180000.0,16.513804999995045,True
11,A,ESPDI-A,-76.74642348689167,-11.100496378841456,1326.5375300144945,32.782175500321884,11.295472158975642,-68.04373387716765,23.940406364334567,1138.5051293415127,-3.410605131648481e-13,1.4210854715202004e-13,0.0,-2.842170943040401e-14,-7.105427357601002e-15,1.4210854715202004e-14,3.256115871121665e-14,3.694822225952521e-13,180000.08002509727,3.8424451999599114,True
11,A,Optimizer-A,-76.74642348689167,-11.100496378841456,1326.5375300144945,32.782175500321884,11.295472158975642,-68.04373387716765,22.09481747521271,1083.7190483689064,1.6844641441010428e-07,6.605924991919002e-08,-4.66338541116329e-08,1.7197798740653525e-10,6.473666047668303e-11,-1.9903723114111926e-10,2.708931205150826e-10,1.8684949926829254e-07,180000.00001006958,17.0066150999628,True
12,T,ESPDI-T,-349.1577053464625,427.1812242566401,685.5038685753559,43.21991891811075,-52.87793336077476,-82.81398732706121,15.946560573618685,914.679357645653,7.029529844500282e-12,-8.796212781596313e-12,-3.913228205018604e-11,1.4708165241295035e-12,-1.8343937480125305e-12,-8.101630477597155e-12,8.435918329733341e-12,4.072005829550286e-11,180000.0,0.6329480999847874,True
12,T,Optimizer-T,-349.1577053464625,427.1812242566401,685.5038685753559,43.21991891811075,-52.87793336077476,-82.81398732706121,15.946560573618683,914.6793576461496,1.042241848381309e-10,-1.273936511836382e-10,-5.767120114796853e-10,-2.220446049250313e-15,7.993605777301127e-15,7.993605777301127e-14,8.036542444528448e-14,5.997404165570435e-10,180000.0,2.5180381999816746,True
12,A,ESPDI-A,279.1749035927778,292.98512093010106,1406.514258244606,40.93324380455802,-17.99370620103667,-55.496269943596225,26.68912266212569,1268.380825577582,1.3642420526593924e-12,5.115907697472721e-13,3.979039320256561e-13,5.684341886080802e-14,3.552713678800501e-14,7.105427357601002e-15,6.740800259667266e-14,1.5103671848449293e-12,179999.99999998385,3.85000850004144,True
12,A,Optimizer-A,279.1749035927778,292.98512093010106,1406.514258244606,40.93324380455802,-17.99370620103667,-55.496269943596225,24.34161995085086,1208.1386872013445,-8.205082091929532e-08,6.156296486380316e-09,1.686406783107941e-07,-1.1592327098242095e-10,-4.410249943020972e-12,-1.4209433629730484e-10,1.8343515330381817e-10,1.8764305364463462e-07,180000.0000031116,22.760866799973883,True
13,T,ESPDI-T,427.01353002564605,-23.70338683103374,738.649591584255,-52.18990980798979,2.897045488889418,-88.18581351774516,16.147678079720823,926.215264115488,-1.590809406946947e-11,8.414941988122045e-13,-7.120520904672911e-11,-1.3083423233695157e-12,7.056421419404657e-14,-6.018879838975977e-12,6.159841999554554e-12,7.296545322821012e-11,180000.0,0.6325865999097005,True
13,T,Optimizer-T,427.01353002564605,-23.70338683103374,738.649591584255,-52.18990980798979,2.897045488889418,-88.18581351774516,16.147678079720823,926.2152641159773,-7.190825712655169e-11,3.975181295245989e-12,-3.388418434724372e-10,1.8474111129762605e-13,-1.1102230246251565e-14,9.023892744153272e-13,9.211725898547694e-13,3.4641073077649883e-10,179999.99999999997,2.5971767000155523,True
13,A,ESPDI-A,-350.7935280765355,309.53249776873895,1190.7772011528928,36.58947753527136,3.209914909151088,-87.26037508316986,21.3392778655205,1123.1664591581848,-1.7053025658242404e-13,1.1368683772161603e-13,-1.9042545318370685e-12,-4.973799150320701e-14,8.526512829121202e-14,-2.6290081223123707e-13,2.808217352220695e-13,1.915252095026454e-12,180000.0033414742,3.8639327000128105,True
13,A,Optimizer-A,-350.7935280765355,309.53249776873895,1190.7772011528928,36.58947753527136,3.209914909151088,-87.26037508316986,20.607500615170782,1098.7389721436994,3.735016013340425e-08,1.9075082888958235e-07,-1.4844977513917001e-07,-8.181499921988689e-11,-3.9240966032139113e-10,4.1510972437208693e-10,5.770572925448301e-10,2.445776950642143e-07,180000.00001481661,14.539451699936762,True
14,T,ESPDI-T,-7.007641502587065,86.90117881714248,694.5803403431962,0.9054473928134783,-11.228377730703116,-87.87344119993612,15.285579382671676,876.7661130710549,1.5651254782556912e-13,-1.8536447740245474e-12,-3.911457540240609e-11,7.987642665352457e-15,-9.631184738623233e-14,-2.1578155928736464e-12,2.1599786821241882e-12,3.915878578347913e-11,180000.0,0.778831799980253,True
14,T,Optimizer-T,-7.007641502587065,86.90117881714248,694.5803403431962,0.9054473928134783,-11.228377730703116,-87.87344119993612,15.285579382671676,876.7661130715278,2.0382723286971327e-12,-2.533873111332241e-11,-5.351683540766317e-10,-2.0775048348298242e-14,2.531308496145357e-13,5.474731779031572e-12,5.4806199359195354e-12,5.357717546246818e-10,180000.0,8.78715650003869,True
14,A,ESPDI-A,182.96718530004227,202.3552915190288,726.0903403655861,-31.306189997890826,-34.18230367180365,-84.09338424254139,15.922790881287536,904.1492588337496,-9.947598300641403e-14,2.8421709430404007e-13,5.329070518200751e-13,-1.7763568394002505e-14,6.217248937900877e-14,1.0302869668521453e-13,1.216382963475126e-13,6.120986470899019e-13,179999.99999999115,3.8193507000105456,True
14,A,Optimizer-A,182.96718530004227,202.3552915190288,726.0903403655861,-31.306189997890826,-34.18230367180365,-84.09338424254139,15.858354619753726,902.1599396819693,3.456616316114204e-08,3.700000511173644e-08,1.467964025891888e-07,-1.5887779980516825e-10,-1.709992147880257e-10,-6.435456612052803e-10,6.845684076739109e-10,1.5528362382131098e-07,180000.00000540534,9.144883600063622,True
15,T,ESPDI-T,301.9334926918048,-257.3351195449468,455.1160824919883,-45.097401258054575,38.43609743472126,-66.57590589346735,13.245896880144716,759.7718889811968,-5.774547615251813e-12,4.723997777157651e-12,-2.4746042671594526e-11,-1.5159123956109966e-12,1.2762846335334643e-12,-6.589798151601656e-12,6.881303113205617e-12,2.584624117862746e-11,180000.0,0.4062149999663234,True
15,T,Optimizer-T,301.9334926918048,-257.3351195449468,455.1160824919883,-45.097401258054575,38.43609743472126,-66.57590589346735,13.245896880144716,759.7718889816097,-1.9765433734164617e-10,1.6861867457862445e-10,-8.62076632301978e-10,3.1885605267234496e-13,-2.615685446016869e-13,1.3500311979441904e-12,1.4116201759940454e-12,9.003752631251799e-10,179999.99999999997,29.327709899982437,True
15,A,ESPDI-A,-488.87914816497704,-432.69380833302625,1655.085679845101,-1.1742339974759943,-19.749468422822513,-62.83874190895117,27.284519254051688,1319.5038482050531,-1.1368683772161603e-12,6.821210263296962e-13,3.410605131648481e-13,5.684341886080802e-14,5.684341886080802e-14,-2.842170943040401e-14,8.526512829121202e-14,1.368970808788651e-12,180000.0277341997,4.1783525000792,True
15,A,Optimizer-A,-488.87914816497704,-432.69380833302625,1655.085679845101,-1.1742339974759943,-19.749468422822513,-62.83874190895117,26.308299273806732,1283.1151211259148,6.747875188950687e-08,9.802158251456654e-08,1.5526722307868113e-07,1.4335199693960021e-12,1.4619416788264061e-12,-1.2004619520666893e-11,1.2177977780030783e-11,1.9562597771714916e-07,180000.00000000064,25.3095535999164,True
16,T,ESPDI-T,-205.14401672991733,290.8200875587673,661.2136474897331,26.519020800497827,-37.594388927887394,-83.60475090351535,15.278378869953006,876.3530985957495,-5.1610713671653785e-12,7.0827804172612484e-12,4.087756519453693e-11,5.36356549452055e-13,-7.628845472007484e-13,-4.976543482859697e-12,5.063166619546618e-12,4.180643218847706e-11,180000.0,0.46511150000151247,True
16,T,Optimizer-T,-205.14401672991733,290.8200875587673,661.2136474897331,26.519020800497827,-37.594388927887394,-83.60475090351535,15.278378869953006,876.3530985962134,-3.645084234449314e-12,5.189182417097982e-12,3.221778399620234e-11,-3.552713678800501e-15,7.993605777301127e-15,3.730349362740526e-14,3.831540349019312e-14,3.283595375286215e-11,180000.0,31.318952100002207,True
16,A,ESPDI-A,310.0641112780793,-83.98718598134201,1429.4245173742906,2.8787350743024547,-37.11605651011981,-61.42591696928399,25.28819913179278,1218.8553086727188,2.2737367544323206e-13,6.821210263296962e-13,-1.1368683772161603e-13,5.684341886080802e-14,0.0,4.263256414560601e-14,7.105427357601002e-14,7.279509460923746e-13,180000.01553419526,3.7522028000093997,True
16,A,Optimizer-A,310.0641112780793,-83.98718598134201,1429.4245173742906,2.8787350743024547,-37.11605651011981,-61.42591696928399,23.917917552910538,1178.9209356864812,1.0364572751346944e-07,-1.6018363920691566e-07,-8.464091649784677e-10,-1.7827339604536974e-10,2.5287150151598325e-10,2.4155966116268246e-10,3.925257570115968e-10,1.9079295456028307e-07,180000.00001686,21.51256179995835,True
17,T,ESPDI-T,305.61170382656417,63.983080144029884,386.182217151689,-49.73913925998674,-10.413420997033725,-61.67211753949327,12.167084216429021,697.8922335086609,8.713635715751344e-12,1.83310799265618e-12,3.134796372136761e-11,-2.1291718388383174e-12,-4.4469289361970255e-13,-7.795000755983494e-12,8.092784519232009e-12,3.2588073919391696e-11,180000.0,0.5135683000553399,True
17,T,Optimizer-T,305.61170382656417,63.983080144029884,386.182217151689,-49.73913925998674,-10.413420997033725,-61.67211753949327,12.167084216429021,697.8922335090319,-4.204414594255468e-11,-8.818779040353775e-12,-1.532560744976763e-10,-1.06403774680075e-12,-2.2293278334473143e-13,-3.8689051962137455e-12,4.018743929363548e-12,1.5916314096623857e-10,180000.0,34.219959200010635,True
17,A,ESPDI-A,-97.84255124203901,-453.39694818941257,1599.6507068564392,-33.188128061015995,-5.110550130989168,-56.692715170378484,27.180704506047423,1280.5844339102732,-1.5916157281026244e-12,-6.821210263296962e-13,-1.0231815394945443e-12,-1.9895196601282805e-13,-8.526512829121202e-14,-1.4210854715202004e-14,2.1691928285568092e-13,2.011325479197027e-12,180000.00699098493,3.8237635999685153,True
17,A,Optimizer-A,-97.84255124203901,-453.39694818941257,1599.6507068564392,-33.188128061015995,-5.110550130989168,-56.692715170378484,25.744762121125326,1236.8964683631984,8.059251098578499e-08,1.0115963976038997e-07,6.036205491000146e-08,-1.0959766427731665e-10,-8.22897305852166e-11,-2.4012791755012586e-10,2.7648628277328877e-10,1.4273052657509457e-07,180000.00000698536,37.63016279996373,True
18,T,ESPDI-T,171.2696299441863,255.0978010615383,837.9741523211796,-20.042378142469403,-29.85214946662723,-95.77922374410318,16.854821885937827,966.7763518464526,-5.355071212650325e-12,-7.468595102040404e-12,-6.762733750006068e-11,-4.885371621132784e-13,-6.868811075477765e-13,-6.162889643057667e-12,6.220263898515819e-12,6.824890825381671e-11,180000.0,0.6530549000017345,True
18,T,Optimizer-T,171.2696299441863,255.0978010615383,837.9741523211796,-20.042378142469403,-29.85214946662723,-95.77922374410318,16.854821885937827,966.7763518469583,1.5990764268281055e-11,2.3792967596136805e-11,2.0880186468730244e-10,-1.254552017826427e-13,-1.8696155734687636e-13,-1.609379296496627e-12,1.6250524150229342e-12,2.1076059533463343e-10,180000.00000000003,1.5904078999301419,True
18,A,ESPDI-A,275.4488983473582,-57.98829466588376,1579.753260541874,-5.459992931566433,3.7168611595911685,-67.59433201641228,26.468172202041174,1198.1911950816611,4.547473508864641e-13,-4.263256414560601e-14,-1.1368683772161603e-13,1.4210854715202004e-14,-3.552713678800501e-15,1.4210854715202004e-14,2.040878629308206e-14,4.706775815088575e-13,180000.07662807612,4.012867800076492,True
18,A,Optimizer-A,275.4488983473582,-57.98829466588376,1579.753260541874,-5.459992931566433,3.7168611595911685,-67.59433201641228,24.24995006309457,1124.0048642768088,-1.9128231861297828e-07,1.868928496500461e-07,-6.389029039155503e-08,-2.859934511434403e-13,-2.6201263381153694e-14,1.8332002582610585e-12,1.8555597395902172e-12,2.749542359568023e-07,180000.00000000003,32.05704799992964,True
19,T,ESPDI-T,296.5246391762225,-358.52835834937906,630.656271251692,-38.465313793028244,46.50846501633312,-79.951473234205,15.226030586799833,873.3504514865272,-4.567591838381131e-12,5.227061990538309e-12,-2.7008476215191002e-11,-1.3764323882059504e-12,1.6497272298243715e-12,-8.13373847441401e-12,8.412720583871133e-12,2.7886248577417406e-11,180000.0,0.6016826999839395,True
19,T,Optimizer-T,296.5246391762225,-358.52835834937906,630.656271251692,-38.465313793028244,46.50846501633312,-79.951473234205,15.226030586799833,873.3504514869855,3.8620218134610695e-11,-4.688338606229081e-11,2.3097612711353577e-10,-7.980283101005625e-13,9.476863738200336e-13,-4.6984638402136625e-12,4.859065867493611e-12,2.388295300707158e-10,180000.0,9.617534099961631,True
19,A,ESPDI-A,123.72191269539405,233.07572676536495,1548.5578819299708,21.139214198134894,-34.444157076274315,-89.8124944358579,24.63659594881708,1244.0870557906637,-5.684341886080801e-13,-3.694822225952521e-13,3.410605131648481e-13,2.842170943040401e-14,-7.105427357601002e-14,3.552713678800501e-14,8.437227511875219e-14,7.589181861259641e-13,180000.03803932585,3.8120323000475764,True
19,A,Optimizer-A,123.72191269539405,233.07572676536495,1548.5578819299708,21.139214198134894,-34.444157076274315,-89.8124944358579,23.227411773538616,1202.529110535932,-1.1798088531007617e-07,6.80051699229995e-08,8.809074714122289e-08,6.913936090313655e-11,-2.1408430583846894e-11,5.231832744811982e-10,5.281659879460493e-10,1.6218561023316541e-07,180000.00000765992,25.354488299926743,True
20,T,ESPDI-T,210.39086047570734,368.347567553987,1067.266050329694,-21.92786769622662,-38.39081559573421,-108.35782601509847,18.891423065649118,1083.5938342269874,2.395472871712795e-12,4.5190227428160146e-12,3.59557041258729e-11,8.622536712410422e-12,1.5138681974669055e-11,1.1572294511541514e-10,1.1702703900155904e-10,3.63176612134718e-11,180000.0,0.573670900077559,True
20,T,Optimizer-T,210.39086047570734,368.347567553987,1067.266050329694,-21.92786769622662,-38.39081559573421,-108.35782601509847,18.891423065649118,1083.593834227555,7.931433287922118e-12,1.3945733456921516e-11,1.0643219638950541e-10,9.190870287056896e-12,1.609379296496627e-11,1.2307665997468575e-10,1.2446423783222681e-10,1.0763458340118434e-10,180000.0,1.6537897000089288,True
20,A,ESPDI-A,-217.50334607225165,325.0411509768303,1544.6116700864086,-13.615651057699267,-41.67867919097687,-82.85897167084423,25.039907069216582,1238.1711796351028,0.0,4.973799150320701e-13,3.979039320256561e-13,0.0,1.0835776720341528e-13,-7.105427357601002e-15,1.0859048213929103e-13,6.369570778308278e-13,180000.03592095015,4.811658899998292,True
20,A,Optimizer-A,-217.50334607225165,325.0411509768303,1544.6116700864086,-13.615651057699267,-41.67867919097687,-82.85897167084423,23.53044433769678,1193.8405127343303,-2.15167791861586e-07,-1.3838625805672687e-07,-1.9508236803744694e-07,-6.728217982754359e-11,-1.5481171899978108e-11,6.645706207564217e-11,9.582849005107167e-11,3.21722031251563e-07,180000.00000056982,20.141729000024498,True
21,T,ESPDI-T,-197.47668791662738,-133.9813380240178,486.60689223257054,29.658622565108345,20.12238496171355,-71.69670906527266,13.173851610444299,755.6394416922176,-1.7091470383076568e-12,-8.759976251326851e-13,1.111767557356036e-11,5.63507573936306e-13,4.1486258872680537e-13,-3.938710468887052e-12,4.0003864702212395e-12,1.1282343089834424e-11,180000.0,0.4153427000856027,True
21,T,Optimizer-T,-197.47668791662738,-133.9813380240178,486.60689223257054,29.658622565108345,20.12238496171355,-71.69670906527266,13.173851610444299,755.6394416926196,3.685873828374042e-11,2.5089041955084213e-11,-2.5012614202069017e-10,-1.5898393712632242e-13,-9.747758156208874e-14,1.0320633236915455e-12,1.048776656529225e-12,2.540691117319217e-10,180000.0,14.707850199891254,True
21,A,ESPDI-A,-21.900748825892208,323.6995917744223,1062.3981236026084,5.668571444696866,-3.195205694664857,-70.77069688722183,20.9415351013137,1040.6213552506179,-9.237055564881302e-14,-2.2737367544323206e-13,-8.526512829121202e-13,-1.4210854715202004e-14,0.0,-1.5631940186722204e-13,1.56964020692204e-13,8.872684588596166e-13,180000.00063333465,4.781342200003564,True
21,A,Optimizer-A,-21.900748825892208,323.6995917744223,1062.3981236026084,5.668571444696866,-3.195205694664857,-70.77069688722183,19.833875062685134,1004.9293929359865,5.491346889539068e-08,2.3428666920122173e-07,-1.1980338143757763e-07,1.512823200044977e-11,4.5913495227978274e-11,-4.411511156376946e-10,4.437918648149058e-10,2.6880956574386533e-07,180000.00001149642,21.61219659994822,True
22,T,ESPDI-T,337.2330505192771,-323.5569942638324,408.4114656188343,-51.32907389442223,49.2474887679375,-60.813612835078786,13.001028303044206,745.7264632120532,7.1524200454419395e-12,-7.349043833826055e-12,2.6883941136405116e-11,-2.4157633359001007e-11,2.317677386814987e-11,-8.880051988874316e-11,9.490145641113387e-11,2.8773457366184408e-11,180000.0,0.44025119999423623,True
22,T,Optimizer-T,337.2330505192771,-323.5569942638324,408.4114656188343,-51.32907389442223,49.2474887679375,-60.813612835078786,13.001028303044208,745.726463212457,-8.44391223608909e-11,8.098144377299832e-11,-3.0963231978375916e-10,-2.2785329178987013e-11,2.1867840871436783e-11,-8.36486435673578e-11,8.941179598258916e-11,3.3099869044349537e-10,179999.99999999997,19.807837400003336,True
22,A,ESPDI-A,-279.5974585478274,48.6076398813841,1337.4021254714762,39.5211123333243,-9.346320933172215,-84.15759533297995,23.020328293581635,1145.5816541732293,-2.7000623958883807e-13,-9.947598300641403e-14,-1.4210854715202004e-12,-4.263256414560601e-14,-3.552713678800501e-15,-1.5631940186722204e-13,1.6206761767928475e-13,1.4499250870227013e-12,180000.0642125627,3.8479380999924615,True
22,A,Optimizer-A,-279.5974585478274,48.6076398813841,1337.4021254714762,39.5211123333243,-9.346320933172215,-84.15759533297995,21.525335700152624,1096.7896693734856,-2.745876232615413e-07,1.549172692394201e-08,5.783552374793999e-07,-1.1154095919466145e-10,2.775896179585402e-11,5.535021330160816e-10,5.653110265963339e-10,6.404163779693342e-07,180000.0000015655,17.13778790005017,True
23,T,ESPDI-T,-71.51785904071167,360.409339814957,471.2920591372455,10.613053920347213,-53.483756479279755,-68.51901196161901,13.331057876628616,764.6566417277681,-9.427748160059299e-13,5.174355898179134e-12,1.8070313095256557e-11,4.2091330421101247e-13,-2.1454643617246916e-12,-8.006179053055007e-12,8.299342646659995e-12,1.8820175309367255e-11,180000.0,0.40994059992954135,True
23,T,Optimizer-T,-71.51785904071167,360.409339814957,471.2920591372455,10.613053920347213,-53.483756479279755,-68.51901196161901,13.331057876628616,764.656641728172,-1.062228083270611e-11,5.366729283196037e-11,1.9981616361519627e-10,2.788880237858393e-13,-1.3997691894473974e-12,-5.242029033070139e-12,5.432863029479728e-12,2.0717024499646455e-10,180000.0,4.654738400015049,True
23,A,ESPDI-A,338.0167260114804,-70.13692730031795,1488.1006551762753,-1.338838602586513,28.62277866964287,-80.67803366959058,24.664231209194284,1213.7420261781008,0.0,4.547473508864641e-13,6.252776074688882e-13,-8.526512829121202e-14,5.684341886080802e-14,6.394884621840902e-14,1.2079226507921703e-13,7.731540852509763e-13,180000.0226668363,3.8056969000026584,True
23,A,Optimizer-A,338.0167260114804,-70.13692730031795,1488.1006551762753,-1.338838602586513,28.62277866964287,-80.67803366959058,23.207521437823534,1170.3968858057615,-1.8611562189405725e-07,-1.764153805470379e-07,2.0401356337629295e-07,5.221423293733096e-11,3.709299534193633e-11,7.79927233907074e-11,1.009211639180314e-10,3.276933707722214e-07,180000.00000145822,21.324479799950495,True
24,T,ESPDI-T,-272.1121211204964,-28.411457476602198,955.0079183478729,30.074891917759118,3.14014498625162,-102.9924356665023,17.83093020439245,1022.7649849811605,3.5028732911783662e-12,4.168464449213604e-13,-3.4968734356180704e-11,4.64033325653368e-13,4.816307942745457e-14,-4.2826020507646945e-12,4.307937666070718e-12,3.5146212665461226e-11,180000.0,0.5451277999673039,True
24,T,Optimizer-T,-272.1121211204964,-28.411457476602198,955.0079183478729,30.074891917759118,3.14014498625162,-102.9924356665023,17.83093020439245,1022.764984981688,-2.754574346397476e-11,-2.8809454821754343e-12,2.559339407071093e-10,-9.547918011776346e-14,-1.0325074129013956e-14,9.983125437429408e-13,1.0029211414594026e-12,2.5742814499530644e-10,180000.00000000003,1.682873500045389,True
24,A,ESPDI-A,-145.22491167338558,-203.56795826677865,1674.5447037502408,-32.30650173780802,14.208000391958777,-69.33227307730532,27.075780349352584,1279.1372151028645,-1.5916157281026244e-12,-1.7053025658242404e-13,3.296918293926865e-12,-1.7053025658242404e-13,-2.1316282072803006e-14,3.410605131648481e-13,3.8191258938629427e-13,3.664968135084307e-12,180000.0536317944,3.9673552000895143,True
24,A,Optimizer-A,-145.22491167338558,-203.56795826677865,1674.5447037502408,-32.30650173780802,14.208000391958777,-69.33227307730532,25.345718849744813,1229.0192568838793,3.9088537906774335e-08,-1.6037467713542213e-09,2.1665016447514063e-08,-3.1527136457043525e-10,-4.1957104457424066e-11,9.974314707505982e-10,1.0469125898451394e-09,4.47197801545023e-08,180000.0000267779,21.03257009992376,True
25,T,ESPDI-T,-0.9471102648022205,-44.062310613748075,358.32945576303155,0.16785293487947683,7.809004324996096,-62.510214485440194,11.182622413756638,641.4244525637987,-7.31369392343567e-14,-3.518370473844191e-12,7.59482969136388e-11,2.0668417064634292e-15,8.37862765279418e-14,-2.026205592198238e-12,2.0279382421130257e-12,7.602978418939078e-11,180000.0,0.3538445000303909,True
25,T,Optimizer-T,-0.9471102648022205,-44.062310613748075,358.32945576303155,0.16785293487947683,7.809004324996096,-62.510214485440194,11.182622413756638,641.4244525641334,-4.3350219247617616e-13,-2.015759781315296e-11,4.4447201474895337e-10,1.2906342661267445e-15,6.0285110237146e-14,-1.3500311979441904e-12,1.3513771478294797e-12,4.449290826286157e-10,180000.00000000003,30.674754700041376,True
25,A,ESPDI-A,39.640368412766406,206.50202679644428,1650.0802664864614,12.916243119441411,-41.70503898200863,-57.359473464962534,27.729467599981316,1243.5763685889087,0.0,-3.410605131648481e-13,5.684341886080801e-13,-7.105427357601002e-14,1.4210854715202004e-14,-2.842170943040401e-14,7.78360568894479e-14,6.629024818318272e-13,180000.10486625796,3.868090200005099,True
25,A,Optimizer-A,39.640368412766406,206.50202679644428,1650.0802664864614,12.916243119441411,-41.70503898200863,-57.359473464962534,25.428844751134093,1177.2357049609582,-6.31919020029983e-08,1.1405646975297799e-07,1.76992600131598e-07,-6.80477896253251e-11,1.2081535771812923e-10,-2.3384316705232777e-10,2.718629785581606e-10,2.1983738370125376e-07,180000.00000419898,29.22102579998318,True
26,T,ESPDI-T,-273.4533881447985,122.58638034195012,816.9341041185369,32.3864294983176,-14.518507857347359,-94.52513989540014,16.65661681685368,955.4074999592358,3.8349853688176595e-12,-1.6721431808912769e-12,-3.249072864051905e-11,6.704949095936996e-13,-2.9301474441245645e-13,-5.516330447985496e-12,5.56464937580132e-12,3.2758977749439797e-11,180000.0,0.8166174000361934,True
26,T,Optimizer-T,-273.4533881447985,122.58638034195012,816.9341041185369,32.3864294983176,-14.518507857347359,-94.52513989540014,16.65661681685368,955.407499959736,-1.7442269850675984e-11,7.827960502027054e-12,1.3853806990482553e-10,6.972200594645983e-14,-2.6867397195928788e-14,-5.222489107836736e-13,5.275670004464035e-13,1.398510155705686e-10,179999.99999999997,2.45524179993663,True
26,A,ESPDI-A,163.2496318203929,406.0197967007375,1281.7500975816713,-30.125958479698212,-3.182403962485722,-69.74073087529838,23.342362712575213,1138.6639713727272,5.684341886080802e-14,4.547473508864641e-13,-1.5347723092418164e-12,7.105427357601002e-15,8.526512829121202e-14,-1.8474111129762605e-13,2.035925033097556e-13,1.6017341753928771e-12,180000.0003298183,3.783005699981004,True
26,A,Optimizer-A,163.2496318203929,406.0197967007375,1281.7500975816713,-30.125958479698212,-3.182403962485722,-69.74073087529838,22.059851327119436,1099.6782092862668,5.479395938906991e-08,2.625264199346425e-07,-2.95714798426161e-07,-2.7067237340361316e-13,1.3322676295501878e-13,-2.5650592760939617e-12,2.5827392423485373e-12,3.9921139908256166e-07,180000.00000000003,29.656318100052886,True
27,T,ESPDI-T,161.07097318940674,201.20394238730665,1013.9871788111934,-17.334031125687865,-21.653034875821177,-106.42378956475372,18.305057064800543,1049.9604451005107,-3.4191139926497945e-12,-3.70535504677031e-12,-5.325075908110995e-11,-4.57899343442314e-13,-5.302104241766692e-13,-7.220279929498474e-12,7.254187560502486e-12,5.348890856272703e-11,180000.0,0.5677918000146747,True
27,T,Optimizer-T,161.07097318940674,201.20394238730665,1013.9871788111934,-17.334031125687865,-21.653034875821177,-106.42378956475372,18.305057064800543,1049.9604451010528,2.4735546944043563e-11,3.0894842240059006e-11,4.0899372777403187e-10,-1.4033219031261979e-13,-1.745270594710746e-13,-2.220446049250313e-12,2.2317108853426513e-12,4.109041347056002e-10,180000.0,1.8155085999751464,True
27,A,ESPDI-A,-307.7547150754557,-244.5127899966586,1375.3678449149988,-14.946253950819806,40.00950237662215,-82.139875369427,23.436150912354208,1203.6845770460986,2.2737367544323206e-13,-5.684341886080801e-13,-9.094947017729282e-13,2.842170943040401e-14,-5.684341886080802e-14,-1.0658141036401503e-13,1.2409095402129096e-13,1.096356159108945e-12,180000.00303519345,4.117820299929008,True
27,A,Optimizer-A,-307.7547150754557,-244.5127899966586,1375.3678449149988,-14.946253950819806,40.00950237662215,-82.139875369427,22.43980738134281,1174.4797733103187,-3.594333243094697e-08,1.79232423218181e-08,4.897180971852322e-08,-8.102851722924242e-11,3.156586103614245e-12,2.4144242161128204e-10,2.546959512707637e-10,6.333564485086909e-08,180000.00001285717,19.992773900041357,True
28,T,ESPDI-T,248.70716183264915,314.0799197359388,1002.6235142223702,-26.689414845737023,-33.704736167544596,-104.87997699343624,18.356230833825528,1052.8957232104203,-3.980299874688665e-13,-6.938311077476882e-13,-4.267222670053042e-12,-6.749271280748204e-13,-8.416427277335714e-13,-7.08359759737931e-12,7.165280457243531e-12,4.341545668632021e-12,180000.0,0.6425677000079304,True
28,T,Optimizer-T,248.70716183264915,314.0799197359388,1002.6235142223702,-26.689414845737023,-33.704736167544596,-104.87997699343624,18.356230833825528,1052.8957232109606,5.3195003957284825e-11,6.709566235940656e-11,5.666311864160889e-10,-2.637889906509372e-13,-3.4283687000424834e-13,-2.8990143619012088e-12,2.93111003231411e-12,5.730640782432341e-10,180000.0,1.7408786000451073,True
28,A,ESPDI-A,-411.78944678554194,439.8878395762317,1280.8367934754565,23.135270749065654,13.283758051896555,-69.61729783252082,23.425415066826183,1180.9437277084126,-1.1368683772161603e-13,-4.547473508864641e-13,1.1368683772161603e-13,-2.842170943040401e-14,-5.684341886080802e-14,4.973799150320701e-14,8.070214144311583e-14,4.823324033076557e-13,180000.0401158285,3.838431500014849,True
28,A,Optimizer-A,-411.78944678554194,439.8878395762317,1280.8367934754565,23.135270749065654,13.283758051896555,-69.61729783252082,22.647516204714982,1153.6677404255988,-4.107113103909652e-08,1.5595998819060593e-07,3.652331415082699e-08,1.190700871234185e-10,-1.9513635152179631e-10,-6.05407279863357e-10,6.47127387648186e-10,1.6536114476443544e-07,180000.00000375044,21.24046810006257,True
29,T,ESPDI-T,-279.4842676464106,-447.03631599891577,1149.6972220412529,28.00891330194699,44.80038008248948,-112.10645445566571,19.634363017807942,1126.2081544167722,1.0987677320729514e-11,1.820669054972482e-11,-1.1939335690892491e-10,6.924096712657146e-13,1.1476965211532075e-12,-7.656118794496791e-12,7.772566722323872e-12,1.2127236415465745e-10,180000.0,0.586992199998349,True
29,T,Optimizer-T,-279.4842676464106,-447.03631599891577,1149.6972220412529,28.00891330194699,44.80038008248948,-112.10645445566571,19.634363017807942,1126.2081544173634,3.975242357512343e-11,6.363487514704502e-11,-4.332285641339695e-10,-2.353672812205332e-13,-3.7925218521195347e-13,2.533084852984757e-12,2.572109805097363e-12,4.3967788356552227e-10,180000.0,1.7464629999594763,True
29,A,ESPDI-A,441.15772828984245,-337.1314780150234,927.6970874711772,-31.655635142889246,42.00265256594855,-72.25269631269151,19.346934301356008,993.2043255709214,2.2737367544323206e-13,1.7053025658242404e-13,5.684341886080802e-14,8.526512829121202e-14,4.973799150320701e-14,4.973799150320701e-14,1.1053450909133776e-13,2.898457019905882e-13,180000.0257389001,3.855393399950117,True
29,A,Optimizer-A,441.15772828984245,-337.1314780150234,927.6970874711772,-31.655635142889246,42.00265256594855,-72.25269631269151,18.597511057453374,965.9769757991362,1.6080913159928716e-07,1.1597995406600228e-07,-3.2458497933873787e-07,1.0903722369448587e-10,-2.752820194018568e-11,3.9615599689568626e-10,4.1180880506550123e-10,3.8035027982531803e-07,180000.00000158104,21.755587700055912,True
30,T,ESPDI-T,-351.46702687257584,-32.08035046295164,1148.8251053526524,35.58081704856929,3.24765907867112,-113.25170267330193,19.440046898911042,1115.0623689671575,-1.7608994232372333e-12,-2.035789376973133e-13,1.737952891409794e-11,6.439432320703986e-13,5.575791564571553e-14,-5.180356144052212e-12,5.2205231165569916e-12,1.7469694800957388e-11,180000.0,0.582893899991177,True
30,T,Optimizer-T,-351.46702687257584,-32.08035046295164,1148.8251053526524,35.58081704856929,3.24765907867112,-113.25170267330193,19.440046898911042,1115.0623689677377,-5.577316386506936e-12,-5.128952818012067e-13,4.867217739956686e-11,-3.2596148002994596e-13,-2.992051051364797e-14,2.9451996397256153e-12,2.963333771489908e-12,4.8993370699107854e-11,180000.0,1.5925352999474853,True
30,A,ESPDI-A,140.48991467339374,-136.07788267070032,1286.861316536677,-14.610648495705146,13.905263242301174,-58.000455385612156,24.2955585254248,1084.8175778985951,1.7053025658242404e-13,9.947598300641403e-14,-9.094947017729282e-13,1.9539925233402755e-14,1.2434497875801753e-14,-9.947598300641403e-14,1.0213665654720963e-13,9.306753742085301e-13,180000.09808676166,3.896608499926515,True
30,A,Optimizer-A,140.48991467339374,-136.07788267070032,1286.861316536677,-14.610648495705146,13.905263242301174,-58.000455385612156,22.041429941704482,1008.1333099396725,-7.13808617318773e-08,6.333242777281047e-09,-3.887819843839679e-09,-2.7144952952085077e-14,4.6851411639181606e-14,-3.8689051962137455e-12,3.869284083720537e-12,7.176665332032365e-08,180000.00000000073,49.567766300053336,True
31,T,ESPDI-T,-220.21320132305,-25.220819011708482,360.4139725189999,37.786433948747614,4.327646144706804,-60.781844972278655,11.546427872688724,662.291983336203,6.744997464204483e-12,7.812139471560439e-13,-3.039355832984425e-11,5.609401831918603e-13,6.48404940850611e-14,-2.540953558671788e-12,2.6029412529135835e-12,3.1142794896620964e-11,180000.0,0.366558900102973,True
31,T,Optimizer-T,-220.21320132305,-25.220819011708482,360.4139725189999,37.786433948747614,4.327646144706804,-60.781844972278655,11.546427872688724,662.291983336545,-1.1462919502491786e-10,-1.3135353915671999e-11,5.284777060410306e-10,6.017408793468348e-13,6.772360450213455e-14,-2.7124968937641825e-12,2.7792657251807e-12,5.409261277262734e-10,180000.00000000003,23.674366200109944,True
31,A,ESPDI-A,164.58763259142233,-484.6265988752156,1327.4252972349514,-41.98510784576598,17.733568018117346,-74.31798207036366,23.48920246664114,1166.0870799566164,3.979039320256561e-13,2.2737367544323206e-13,1.2505552149377763e-12,4.263256414560601e-14,-8.526512829121202e-14,2.2026824808563106e-13,2.4001203874568283e-13,1.331883881205156e-12,180000.0002589111,4.1196805000072345,True
31,A,Optimizer-A,164.58763259142233,-484.6265988752156,1327.4252972349514,-41.98510784576598,17.733568018117346,-74.31798207036366,22.287543766272787,1130.079597480959,2.5080038735016853e-08,6.140311282269435e-09,7.239465205088891e-08,-5.1660009603438084e-11,-1.5559109556306794e-11,-1.3278977917252632e-10,1.4333167108179818e-10,7.68615470255601e-08,180000.00000252615,18.9788411000045,True
32,T,ESPDI-T,-137.92656403343906,184.21406401913418,650.9903857753225,18.20479534910271,-24.31423822811824,-84.12934711217854,14.967609902049086,858.5276898735192,2.813940378453006e-12,-3.6537316683467325e-12,-3.605389695560818e-11,-1.0731079219672424e-11,1.434920932075201e-11,1.36057248800725e-10,1.3723203277869212e-10,3.6347647808948803e-11,180000.0,0.5980062000453472,True
32,T,Optimizer-T,-137.92656403343906,184.21406401913418,650.9903857753225,18.20479534910271,-24.31423822811824,-84.12934711217854,14.967609902049086,858.5276898739685,-2.9503732790203685e-11,3.9497516368669494e-11,3.745110888075942e-10,-1.0926148874546016e-11,1.4594103703302608e-11,1.3861267689208034e-10,1.3980644758851344e-10,3.7774208090666677e-10,180000.0,3.325016799964942,True
32,A,ESPDI-A,402.53435252591146,101.9629317349744,1130.1885559735808,9.138648113497283,2.5418583750843737,-57.34482064597199,22.55457831457574,1096.4953802986583,-4.547473508864641e-13,5.684341886080802e-14,-5.115907697472721e-13,-1.4210854715202004e-13,0.0,-7.105427357601002e-14,1.5888218580782548e-13,6.868416433914361e-13,180000.00949674062,3.9863043000223115,True
32,A,Optimizer-A,402.53435252591146,101.9629317349744,1130.1885559735808,9.138648113497283,2.5418583750843737,-57.34482064597199,21.572960003463898,1063.710738737078,-6.680427567446417e-08,-1.750628347155812e-08,2.8809132146534466e-07,-2.5163870986943948e-11,-3.653966018646315e-12,-1.0383871540398104e-10,1.0690673826968041e-10,2.962530855755344e-07,180000.0000149945,24.112522500101477,True
33,T,ESPDI-T,118.58957520386775,399.056223523857,654.3708663538273,-15.270611589924798,-51.38590454935943,-82.37729692302025,15.337138268231174,879.7234810945083,-7.707650883097446e-12,-2.512294555332903e-11,-1.143636735334054e-10,-3.5479431892415647e-13,-1.1645892583622697e-12,-5.230121891131034e-12,5.369946195775308e-12,1.173440245579918e-10,180000.0,0.723513700067997,True
33,T,Optimizer-T,118.58957520386775,399.056223523857,654.3708663538273,-15.270611589924798,-51.38590454935943,-82.37729692302025,15.337138268231172,879.7234810949667,8.570033571686508e-12,2.8756108605421105e-11,1.3072032345462503e-10,-1.1102230246251565e-13,-3.8902214782865485e-13,-1.687538997430238e-12,1.7353535809722324e-12,1.3411995459896488e-10,180000.0,2.370910699944943,True
33,A,ESPDI-A,-92.08154747213746,-192.92208322364002,1002.464844154983,14.75078522677321,31.232811660679346,-68.77924030962106,20.397674191654083,999.8387634573664,3.907985046680551e-14,-1.6342482922482304e-13,5.400124791776761e-13,3.552713678800501e-15,-1.2434497875801753e-14,7.815970093361102e-14,7.922232868288062e-14,5.655514010125787e-13,180000.07090197632,3.8879414000548422,True
33,A,Optimizer-A,-92.08154747213746,-192.92208322364002,1002.464844154983,14.75078522677321,31.232811660679346,-68.77924030962106,18.936919870157574,951.4530191641225,7.009342452410757e-09,2.388453310310944e-08,-6.750101100294614e-08,5.106470801763408e-13,9.945100298835996e-13,1.744204780607106e-10,1.744240607759344e-10,7.194434160925065e-08,180000.00000124794,31.82731310010422,True
34,T,ESPDI-T,246.9426054294413,-191.09910472665916,498.47061288308635,-36.23447557728916,28.040425956542563,-71.6899513010289,13.480619559647192,773.2353558348186,-1.9637545184262618e-11,1.5045086460300713e-11,-1.1150661245588368e-10,-1.1739567651325444e-12,9.206888723634066e-13,-6.768766103171231e-12,6.9312363287897e-12,1.1421782885718198e-10,180000.0,0.4133247999707237,True
34,T,Optimizer-T,246.9426054294413,-191.09910472665916,498.47061288308635,-36.23447557728916,28.040425956542563,-71.6899513010289,13.480619559647192,773.2353558352188,2.4322988068092855e-11,-1.8850476735110533e-11,1.3659384734410196e-10,-7.829292769656604e-13,6.03073146976385e-13,-4.407141318552021e-12,4.516588322508752e-12,1.4001723948844786e-10,180000.0,7.889136000070721,True
34,A,ESPDI-A,-455.3106712764721,-179.86301858650967,1527.1140161941757,23.080258624315633,-22.09111675537189,-56.25930251691323,26.656170974053442,1214.501917662823,2.2737367544323206e-13,0.0,3.410605131648481e-13,-4.263256414560601e-14,-5.684341886080802e-14,1.4210854715202004e-13,1.5888218580782548e-13,4.0990372275064023e-13,180000.04371661576,3.893415200058371,True
34,A,Optimizer-A,-455.3106712764721,-179.86301858650967,1527.1140161941757,23.080258624315633,-22.09111675537189,-56.25930251691323,24.906635632718377,1160.6288330230036,6.564351888920681e-08,3.731141055377311e-07,2.9247822652678224e-07,-3.432898409982954e-11,1.2233769552949525e-11,4.4086334582971176e-10,4.4236708055976435e-10,4.786091519346768e-07,180000.00000305628,25.948047899990343,True
35,T,ESPDI-T,484.6641460511886,180.7767631898437,892.6906459855277,-54.16051958735146,-20.201542663004076,-97.25390084868718,17.63843066133647,1011.7233965723826,-1.0038517705892452e-11,-3.177115566617948e-12,-4.6457307727350294e-11,-1.2302936447383672e-12,-4.362135652691279e-13,-6.042624733915147e-12,6.182007635204887e-12,4.7635568038272455e-11,180000.0,0.6832012999802828,True
35,T,Optimizer-T,484.6641460511886,180.7767631898437,892.6906459855277,-54.16051958735146,-20.201542663004076,-97.25390084868718,17.63843066133647,1011.7233965729247,-6.218536796609442e-11,-2.315059255408869e-11,-3.1034730341161776e-10,4.227729277772596e-13,1.6053824936079764e-13,2.0889956431346945e-12,2.137384447170167e-12,3.173616527867643e-10,180000.0,13.341987399966456,True
35,A,ESPDI-A,-211.903126129523,12.095865655163266,1764.0598805253019,-26.99427440084248,14.748458889620707,-88.49820601736624,26.594621825263268,1323.665301074714,-4.547473508864641e-13,1.7053025658242404e-13,-3.581135388230905e-12,-2.842170943040401e-14,2.842170943040401e-14,-3.694822225952521e-13,3.716620776294241e-13,3.613918426083804e-12,180000.02276600242,4.331472499994561,True
35,A,Optimizer-A,-211.903126129523,12.095865655163266,1764.0598805253019,-26.99427440084248,14.748458889620707,-88.49820601736624,25.14878832301161,1282.5003478282433,-1.1552576456145985e-07,4.6330538018228815e-08,-7.0793433337712486e-09,1.3223022676811524e-10,-4.772982009626503e-11,-2.552127398303128e-10,2.913700588071189e-10,1.2467091935413732e-07,180000.0000089793,21.660956400097348,True
36,T,ESPDI-T,129.8528621211587,356.20396084614845,677.1187227452072,-16.566863463308245,-45.445146822575715,-84.46769079130135,15.477954580111048,887.8005691350099,-3.703107145842141e-12,-1.1049125705358837e-11,-5.4731700345912043e-11,-9.635675937702537e-12,-2.6485695581168756e-11,-1.3746911595169387e-10,1.403285293934737e-10,5.595851324098164e-11,180000.0,0.6233398999320343,True
36,T,Optimizer-T,129.8528621211587,356.20396084614845,677.1187227452072,-16.566863463308245,-45.445146822575715,-84.46769079130135,15.477954580111046,887.8005691354847,-2.5619506516250112e-11,-7.007283642224138e-11,-3.645439505817194e-10,-9.17954601220572e-12,-2.516742370062275e-11,-1.3085532657441945e-10,1.3356938187180037e-10,3.7210059583951413e-10,180000.0,18.262841499992646,True
36,A,ESPDI-A,-152.96718946699315,290.63390495706346,1701.035977040477,-8.160956966834839,-36.851452070812115,-87.8384456032891,26.166961808316465,1272.7515135818794,-2.2737367544323206e-13,4.263256414560601e-14,-2.8421709430404007e-13,-4.263256414560601e-14,1.2434497875801753e-14,-2.842170943040401e-14,5.2725191607037763e-14,3.6646375060137265e-13,180000.05958788618,3.71032080007717,True
36,A,Optimizer-A,-152.96718946699315,290.63390495706346,1701.035977040477,-8.160956966834839,-36.851452070812115,-87.8384456032891,24.39075856966543,1216.7419264069304,-2.8063321481676116e-07,-1.857476389262006e-07,-4.1715601284408876e-07,-9.325873406851315e-14,1.2430612095215565e-12,-4.74997818855627e-12,4.910823877299771e-12,5.359816467725608e-07,180000.00000004022,20.300867500016466,True
37,T,ESPDI-T,-130.75905142672843,190.42516938565663,367.9103193823273,22.18941915585502,-32.31458056034282,-61.34778705681854,11.674001588915818,669.6094888429452,2.633317934368218e-12,-3.5922826128673147e-12,-2.010480063679987e-11,3.7357616999855736e-13,-5.345862641448207e-13,-2.8781699246138714e-12,2.9511360089895763e-12,2.0592276861960713e-11,180000.0,0.36405189998913556,True
37,T,Optimizer-T,-130.75905142672843,190.42516938565663,367.9103193823273,22.18941915585502,-32.31458056034282,-61.34778705681854,11.674001588915818,669.6094888432926,-2.652722486118364e-11,3.8657743672843026e-11,2.1044233022848857e-10,1.7119639039719914e-13,-2.509104035652854e-13,-1.319833131674386e-12,1.3543351616818276e-12,2.1560169098758773e-10,180000.0,3.7766791000030935,True
37,A,ESPDI-A,-6.18638674450267,99.38936322273742,953.1883316164449,27.555989265877002,16.798436784561787,-65.4809421355164,19.959559091156102,1013.521998693619,0.0,-1.1368683772161603e-13,-5.968558980384842e-13,4.263256414560601e-14,4.263256414560601e-14,-6.394884621840902e-14,8.788928253162695e-14,6.075867510853626e-13,180000.01955970755,3.750339000020176,True
37,A,Optimizer-A,-6.18638674450267,99.38936322273742,953.1883316164449,27.555989265877002,16.798436784561787,-65.4809421355164,18.885858678907184,983.1545575760247,1.2951881562226828e-07,1.2307374337860067e-07,-1.822273318907719e-07,-8.167599929720382e-11,-8.383249650023572e-11,3.06247471826282e-10,3.2785114050533396e-10,2.552039780204186e-07,180000.0000064419,21.171642199973576,True
38,T,ESPDI-T,-163.9202613977218,266.63763323538274,570.2140058091662,22.715594498513497,-36.9498700342025,-77.39088277278294,14.264521594138941,818.1992216199105,-3.5738431257339304e-12,6.418793393938443e-12,3.690532265638452e-11,5.377608081058582e-13,-8.04127597842097e-13,-4.88160900591339e-12,4.9765363825617395e-12,3.762945792452068e-11,180000.0,0.5860803000396118,True
38,T,Optimizer-T,-163.9202613977218,266.63763323538274,570.2140058091662,22.715594498513497,-36.9498700342025,-77.39088277278294,14.264521594138941,818.1992216203362,-5.7166049671764085e-11,9.294409686333438e-11,5.470877084690073e-10,3.554934124849751e-13,-5.804245972740318e-13,-3.4230396295242826e-12,3.490052805436427e-12,5.578633552534931e-10,180000.0,36.32307949999813,True
38,A,ESPDI-A,214.04064577114445,-427.12391416957706,1002.3078034736222,-19.87241657176699,11.361416186440508,-83.25647619957866,19.67588058835146,1050.998711530763,1.7053025658242404e-13,4.547473508864641e-13,-4.689582056016661e-13,4.263256414560601e-14,1.1368683772161603e-13,-6.394884621840902e-14,1.3722859588816026e-13,6.75127780608574e-13,180000.03872498727,3.814100200077519,True
38,A,Optimizer-A,214.04064577114445,-427.12391416957706,1002.3078034736222,-19.87241657176699,11.361416186440508,-83.25647619957866,19.15139113292047,1031.2591868525105,9.761817337872624e-09,7.647171250125203e-08,3.300047559662289e-07,-1.6407764036330263e-11,-1.780815495067145e-10,-9.922516142069071e-10,1.0082388203652928e-09,3.3888988602633515e-07,180000.0000072786,14.114903899957426,True
39,T,ESPDI-T,-276.04206044001467,-346.4456542860585,759.4047828994119,33.28526551490309,41.77455990226403,-89.41954389774465,16.36432381059374,938.6418546041823,3.685658169719913e-12,5.142527354472237e-12,-3.001739579556323e-11,7.692319003993475e-13,1.0065490108068786e-12,-5.844755235351329e-12,5.9804700809313534e-12,3.067692478204123e-11,180000.0,0.6402689000824466,True
39,T,Optimizer-T,-276.04206044001467,-346.4456542860585,759.4047828994119,33.28526551490309,41.77455990226403,-89.41954389774465,16.36432381059374,938.6418546046843,1.5252021867695476e-11,1.9122481376143696e-11,-1.1463363591701636e-10,-5.284661597215745e-14,-5.995204332975845e-14,3.765876499528531e-13,3.849743763111183e-13,1.1721417981024602e-10,179999.99999999997,16.48445719992742,True
39,A,ESPDI-A,164.66585423827064,-95.19011678975528,1192.3386972840717,-21.507698658275494,7.9247431394461,-81.55762252741923,21.710998776250968,1079.6338331883053,2.1316282072803006e-13,4.263256414560601e-14,-1.1368683772161603e-13,2.220446049250313e-14,7.105427357601002e-15,0.0,2.3313626137889344e-14,2.453173877602249e-13,180000.05803655187,3.8212343000341207,True
39,A,Optimizer-A,164.66585423827064,-95.19011678975528,1192.3386972840717,-21.507698658275494,7.9247431394461,-81.55762252741923,20.300436545140585,1031.736770353933,1.4049480262466089e-08,-8.203082602641493e-09,1.5995723501305292e-07,1.9047319277376573e-11,2.8468338797438264e-11,-1.3982059954287251e-10,1.4395501638382864e-10,1.6078244771383545e-07,180000.000006401,14.313347600051202,True
40,T,ESPDI-T,-284.20270450327166,103.70394544935564,341.9606570903013,48.62197514734021,-17.74188133477685,-57.435334769332336,11.580398162617602,664.2404864524542,-9.217174820694979e-12,3.2202230960183976e-12,3.149846628371176e-11,1.854186942873426e-12,-6.78098202588906e-13,-6.601955093721301e-12,6.890837209729253e-12,3.297695447868875e-11,180000.0,0.4966384000144899,True
40,T,Optimizer-T,-284.20270450327166,103.70394544935564,341.9606570903013,48.62197514734021,-17.74188133477685,-57.435334769332336,11.580398162617602,664.2404864527998,-7.566081094978472e-11,2.7590263407262228e-11,2.6623414584037164e-10,1.4619416788264061e-12,-5.331290964250002e-13,-5.1390003363849246e-12,5.369434287064986e-12,2.781481644013015e-10,179999.99999999997,18.411611600080505,True
40,A,ESPDI-A,139.49550203341425,280.2596257867351,1006.3658467632174,10.951923198587536,-19.52754944639377,-82.8834482273349,19.55086891460316,1033.2541281524136,3.410605131648481e-13,-1.7053025658242404e-13,3.979039320256561e-13,8.526512829121202e-14,1.4210854715202004e-14,6.039613253960852e-14,1.0545038321407553e-13,5.51117393276437e-13,180000.00700256048,3.776038600015454,True
40,A,Optimizer-A,139.49550203341425,280.2596257867351,1006.3658467632174,10.951923198587536,-19.52754944639377,-82.8834482273349,18.865373219854124,1009.9593273247156,-5.682487396616035e-09,1.8434401899817827e-08,1.733595667019472e-07,-1.3786216612743374e-10,-1.006990046903411e-10,-1.6905943311940064e-10,2.4026518333213944e-10,1.744295193007869e-07,180000.00000720346,16.11261229997035,True
41,T,ESPDI-T,96.27166230334888,-265.8431453707456,441.86196746215717,-14.945683918841361,41.270790673399944,-67.29982728007349,12.749275385144578,731.2861582844325,-9.766831982928326e-13,3.142126966601544e-12,-1.4162338185866319e-11,-5.025563298843849e-13,1.4369200274089167e-12,-6.630140880758972e-12,6.802651698314935e-12,1.4539556211759678e-11,180000.0,0.3936494999798015,True
41,T,Optimizer-T,96.27166230334888,-265.8431453707456,441.86196746215717,-14.945683918841361,41.270790673399944,-67.29982728007349,12.749275385144578,731.2861582848273,-3.772715473360222e-11,1.04235731157587e-10,-4.855946755810692e-10,-6.905587213168474e-14,1.8918200339612667e-13,-8.775202786637237e-13,9.003334845216515e-13,4.980869550660142e-10,180000.0,35.2061239000177,True
41,A,ESPDI-A,279.3715794034996,367.88619037385456,1471.0335288074134,14.298235007489133,-5.096500184544574,-70.9060947281901,25.112083292456113,1216.8512624557661,0.0,2.2737367544323206e-13,2.2737367544323206e-13,-5.684341886080802e-14,0.0,0.0,5.684341886080802e-14,3.2155493553843715e-13,180000.00259761955,3.8013534999918193,True
41,A,Optimizer-A,279.3715794034996,367.88619037385456,1471.0335288074134,14.298235007489133,-5.096500184544574,-70.9060947281901,23.90245988327781,1178.18763563832,-3.908557559378999e-08,-1.4152416486344243e-08,1.6356201726352992e-07,-6.710010325150506e-11,-6.912337369158195e-11,-2.8748203817485773e-10,3.031936459097372e-10,1.6876168582713343e-07,180000.00001105457,29.603569300030358,True
42,T,ESPDI-T,-186.64009184303745,156.56025612039093,811.0463475130161,22.264314863509327,-18.676088309619416,-94.55324697841465,16.538868524219904,948.6535712877267,3.6421954861809436e-12,-2.897173251087057e-12,-3.966528071708969e-11,5.157263505140008e-13,-4.1587219778982387e-13,-5.7785026763568226e-12,5.816357669037556e-12,3.9937372161571904e-11,180000.0,0.6653500999091193,True
42,T,Optimizer-T,-186.64009184303745,156.56025612039093,811.0463475130161,22.264314863509327,-18.676088309619416,-94.55324697841465,16.538868524219904,948.6535712882251,7.191136575102064e-12,-5.978106898396618e-12,-8.271783258351206e-11,-2.6645352591003757e-14,2.398081733190338e-14,3.232969447708456e-13,3.2527829456139277e-13,8.324475980291107e-11,180000.0,1.7819988999981433,True
42,A,ESPDI-A,30.612193632349886,433.0192346521966,917.4566398632297,-0.04899398804940347,-28.724505144556172,-65.06907739474161,19.632884195574846,964.9579389368046,0.0,-1.1368683772161603e-13,-4.263256414560601e-13,-3.552713678800501e-15,-1.1368683772161603e-13,-4.263256414560601e-14,1.2146956150103533e-13,4.412235823639328e-13,180000.00140890383,3.782663599937223,True
42,A,Optimizer-A,30.612193632349886,433.0192346521966,917.4566398632297,-0.04899398804940347,-28.724505144556172,-65.06907739474161,18.591236175365328,927.5405213264348,-2.9778024427545616e-08,7.970886268546269e-08,-3.2425492513254994e-07,1.7758017278879379e-12,6.175504552174971e-12,-5.119105139783642e-11,5.1592771504025966e-11,3.3523348580076696e-07,180000.0000001308,18.487291599973105,True
43,T,ESPDI-T,28.805456622240403,441.08831335722846,729.2902494816219,-3.5332382658572783,-54.103294657475644,-87.37617956202465,16.090808358288047,922.9532716607828,-7.179036960172289e-13,-1.0906694221813479e-11,-4.4694307066092676e-11,-9.467079897795827e-14,-1.4007822679573678e-12,-6.04660765901599e-12,6.207464676055253e-12,4.601143823749782e-11,180000.0,0.48642720002681017,True
43,T,Optimizer-T,28.805456622240403,441.08831335722846,729.2902494816219,-3.5332382658572783,-54.103294657475644,-87.37617956202465,16.090808358288047,922.9532716612739,-2.9681257451841248e-12,-4.546096832314106e-11,-2.0618529106286587e-10,1.887379141862766e-15,2.5757174171303632e-14,1.2079226507921703e-13,1.2352232803944332e-13,2.1115843260925096e-10,180000.0,2.528591400012374,True
43,A,ESPDI-A,-171.41033462671993,34.808646962176226,1468.9154730178986,-16.410089284024075,-5.156095093862568,-70.20994518124952,25.19754812786782,1187.059734623932,2.2737367544323206e-13,-6.394884621840902e-14,-5.115907697472721e-13,5.684341886080802e-14,-2.6645352591003757e-15,-1.2789769243681803e-13,1.3998604839981432e-13,5.634832374683708e-13,180000.05897402804,3.8700626000063494,True
43,A,Optimizer-A,-171.41033462671993,34.808646962176226,1468.9154730178986,-16.410089284024075,-5.156095093862568,-70.20994518124952,23.35055881401723,1131.562892703696,3.7116710573820565e-08,8.50279739020447e-09,2.03238258222882e-07,-6.766320836959494e-11,-6.676437180885841e-12,2.2536994492838858e-10,2.354028391020857e-10,2.067746052414331e-07,180000.00000535813,19.075478599988855,True
44,T,ESPDI-T,171.59066559312674,25.614644400183227,912.0425184319583,-19.458289248810125,-2.904686907188875,-100.99447858544383,17.38541267614121,997.2105286029673,-2.195787917268731e-12,-4.0295400005542666e-13,-3.597459152402879e-11,-3.235484796748622e-13,-5.3294391469393965e-14,-4.9380360911399634e-12,4.9489114306343026e-12,3.60437940819846e-11,180000.0,0.5114896000595763,True
44,T,Optimizer-T,171.59066559312674,25.614644400183227,912.0425184319583,-19.458289248810125,-2.904686907188875,-100.99447858544383,17.38541267614121,997.2105286034857,2.0934587396936877e-11,3.1181168758109834e-12,2.915214736276539e-10,-5.10702591327572e-15,-8.881784197001252e-16,-5.684341886080802e-14,5.707928558040434e-14,2.922888112610028e-10,180000.0,3.0186396999051794,True
44,A,ESPDI-A,109.01637328025038,-57.92131500511988,1385.5423173676886,-17.371935253753286,36.81638789166509,-72.60798728996619,24.2024131784041,1172.5210585162404,-1.5631940186722204e-13,-4.547473508864641e-13,4.547473508864641e-13,-1.5987211554602254e-14,-1.5631940186722204e-13,1.4210854715202004e-13,2.1186360118499727e-13,6.618353735458992e-13,180000.07169966883,3.767915299977176,True
44,A,Optimizer-A,109.01637328025038,-57.92131500511988,1385.5423173676886,-17.371935253753286,36.81638789166509,-72.60798728996619,22.474531580085255,1123.0229594217762,-3.467551326174947e-08,1.4200795312548928e-07,6.634692439888568e-08,8.884082358662226e-11,-3.071969345569414e-10,5.53050938378874e-10,6.388489563100844e-10,1.6053212870963985e-07,180000.0000031183,15.485838599968702,True
45,T,ESPDI-T,-125.85775139341918,-233.8214087508291,614.8672715915652,16.981469488642688,31.548562361342732,-81.24451588006602,14.645809334908964,840.0695192427502,8.82509462642872e-12,1.6485553644852297e-11,-1.1706434931667287e-10,3.630186429237625e-13,6.654399253847032e-13,-4.756028904040477e-12,4.8160568690033834e-12,1.1854837685552144e-10,180000.0,0.6851732999784872,True
45,T,Optimizer-T,-125.85775139341918,-233.8214087508291,614.8672715915652,16.981469488642688,31.548562361342732,-81.24451588006602,14.645809334908964,840.0695192431886,-3.786571056707544e-11,-7.032263660278204e-11,5.020641680175686e-10,2.680078381445128e-13,4.996003610813204e-13,-3.5207392556912964e-12,3.5660950111663016e-12,5.083773343321767e-10,180000.0,14.483567500021309,True
45,A,ESPDI-A,-131.19470559351612,-71.4558115894115,1395.709932501761,-11.675668278689955,-1.590621920382425,-84.86340130441498,23.54967152798681,1167.7428491434966,-2.2737367544323206e-13,-1.1368683772161603e-13,1.1368683772161603e-12,4.263256414560601e-14,0.0,9.237055564881302e-14,1.0173423748423967e-13,1.1649434288710379e-12,180000.04168459313,4.035052299965173,True
45,A,Optimizer-A,-131.19470559351612,-71.4558115894115,1395.709932501761,-11.675668278689955,-1.590621920382425,-84.86340130441498,22.081710151075804,1120.6408483476753,-1.5823200829748505e-07,-1.8653122512201446e-08,2.8693134979107526e-07,-5.089262344881718e-13,-1.1723955140041653e-13,-9.826806035562186e-12,9.840674158060731e-12,3.2819949256852756e-07,180000.00000000012,22.657807599985972,True
46,T,ESPDI-T,121.20625564975585,28.907697649402685,326.1039595893593,-22.226937856764025,-5.3011257198810355,-58.871764508752214,10.810656268082301,620.0888326587647,2.8579027165631654e-15,-1.9999030643341742e-14,2.2812334703539716e-13,-2.8156990627969947e-13,-6.715027839332421e-14,-2.0450099946778266e-12,2.0653950349371097e-12,2.290161354517251e-13,180000.0,0.4338894000975415,True
46,T,Optimizer-T,121.20625564975585,28.907697649402685,326.1039595893593,-22.226937856764025,-5.3011257198810355,-58.871764508752214,10.810656268082301,620.0888326591012,-6.862688195496958e-11,-1.6356055398958347e-11,-5.086837617795936e-10,3.892441924335799e-13,9.275913370743183e-14,2.9345414986892138e-12,2.961696997627975e-12,5.135526642646433e-10,180000.0,27.964544200105593,True
46,A,ESPDI-A,177.646719694603,272.5769385886184,1729.7292689203705,10.162668666106839,-43.48772776317066,-94.81709670244334,25.940887441955347,1301.7059355610145,3.410605131648481e-13,-3.979039320256561e-13,-5.115907697472721e-13,4.263256414560601e-14,-5.684341886080802e-14,-3.552713678800501e-14,7.944109290391274e-14,7.323762205672396e-13,180000.04618552985,3.813889699988067,True
46,A,Optimizer-A,177.646719694603,272.5769385886184,1729.7292689203705,10.162668666106839,-43.48772776317066,-94.81709670244334,24.411828108108097,1255.6947506078304,-1.7723634759529433e-07,1.2474504458395992e-07,1.8648150046374212e-07,-5.208278253121534e-12,4.356293104024189e-12,9.72022462519817e-12,1.1856905951150001e-11,2.85918518239695e-07,180000.00000003396,19.484517200035043,True
47,T,ESPDI-T,53.97458404956676,393.76351516971,956.5843595166164,-5.915222717345564,-43.153623713982284,-102.2322833647986,17.980128483171114,1031.3228545709753,5.459184350371316e-14,4.421514762935515e-13,7.913950893809023e-12,-1.2696245964283204e-13,-8.733447992570476e-13,-5.4046836450716285e-12,5.4762629509413295e-12,7.926480741601932e-12,180000.0,0.6971218000398949,True
47,T,Optimizer-T,53.97458404956676,393.76351516971,956.5843595166164,-5.915222717345564,-43.153623713982284,-102.2322833647986,17.980128483171114,1031.3228545715174,2.015665412358203e-12,1.4569234707551004e-11,9.445599857826892e-11,2.3314683517128287e-14,1.7630341631047486e-13,1.0729195309977513e-12,1.087558177325095e-12,9.559425283162281e-11,180000.0,1.463628500001505,True
47,A,ESPDI-A,-18.670078334243954,4.183419115002437,1045.7289313803421,18.08736525600154,5.631929254827796,-75.62400636318648,20.456990847328647,1023.6345514288478,1.7053025658242404e-13,-4.263256414560601e-14,9.947598300641403e-13,2.1316282072803006e-14,-1.0658141036401503e-14,1.1368683772161603e-13,1.16157982605158e-13,1.010170888238685e-12,180000.05666973637,4.839840400032699,True
47,A,Optimizer-A,-18.670078334243954,4.183419115002437,1045.7289313803421,18.08736525600154,5.631929254827796,-75.62400636318648,19.138196213301917,980.2491684878787,-1.9170707916873958e-07,-6.478503763395648e-08,1.2057961029654507e-07,7.087352926760104e-11,2.6999291691254257e-11,2.767599482922378e-10,2.869635654249457e-10,2.355592233895952e-07,180000.00001324108,18.433524599997327,True
48,T,ESPDI-T,-261.738564548058,-183.60240874431886,668.0986473084795,33.8321080131535,23.7322938438154,-84.48704078809395,15.279673878321525,876.4273790286479,-2.967633327662436e-13,1.1946085125887768e-13,-6.652852910498525e-14,5.822183013481919e-13,4.415703913629443e-13,-4.3652546855010854e-12,4.4259926604370206e-12,3.267497755820144e-13,180000.0,0.5933211999945343,True
48,T,Optimizer-T,-261.738564548058,-183.60240874431886,668.0986473084795,33.8321080131535,23.7322938438154,-84.48704078809395,15.279673878321525,876.4273790291045,-9.367906450563623e-11,-6.563616317123433e-11,6.484430770115068e-10,4.18332035678759e-13,2.9531932455029164e-13,-2.9114488597770105e-12,2.9561376251157235e-12,6.584544761535477e-10,180000.0,2.5576663999818265,True
48,A,ESPDI-A,-132.2703345538987,12.048310181240822,1190.5826464439574,-36.40833507448263,-11.33705914346266,-60.60277844464918,22.929180407357666,1129.351041229973,1.1368683772161603e-12,1.1368683772161603e-13,-5.115907697472721e-13,1.1368683772161603e-13,2.1316282072803006e-14,-2.842170943040401e-14,1.191086668529821e-13,1.2518464442078561e-12,180000.02147621967,3.7418296000687405,True
48,A,Optimizer-A,-132.2703345538987,12.048310181240822,1190.5826464439574,-36.40833507448263,-11.33705914346266,-60.60277844464918,21.61681991501469,1094.1574982347556,1.5780676195037568e-08,4.853263335376684e-09,1.486992431409817e-07,4.7688075710539124e-11,4.807709785836778e-12,-6.21415807700032e-10,6.232614801973905e-10,1.4961299681804363e-07,180000.00000289883,21.182000800035894,True
49,T,ESPDI-T,-135.4851211882234,-1.926584372647833,443.4603662361902,21.531974891979573,0.30618244996439614,-69.23932639963718,12.45710163979996,714.5273536206314,1.512582499031169e-12,1.961375802492048e-14,-1.452268147861431e-11,1.7534931839868761e-13,2.4293175977796455e-15,-1.6417422976644502e-12,1.6510817838579115e-12,1.4601252269759824e-11,180000.0,0.5390430999686942,True
49,T,Optimizer-T,-135.4851211882234,-1.926584372647833,443.4603662361902,21.531974891979573,0.30618244996439614,-69.23932639963718,12.457101639799959,714.5273536210007,-4.737366054996528e-11,-6.73308631071734e-13,4.21216839185945e-10,8.282263763703668e-14,1.2351231148954867e-15,-7.194245199571014e-13,7.241772951078835e-13,4.238730265919433e-10,180000.0,20.252442799974233,True
49,A,ESPDI-A,87.62335883920366,202.47523720621598,1471.4513705789936,-42.67381554754914,-8.59519963176406,-74.57911065105156,24.887710977673066,1209.6544698947437,7.958078640513122e-13,1.1368683772161603e-13,2.2737367544323206e-13,1.1368683772161603e-13,7.105427357601002e-15,7.105427357601002e-14,1.3425309665884687e-13,8.354242286656625e-13,180000.06193225243,3.7671742999227718,True
49,A,Optimizer-A,87.62335883920366,202.47523720621598,1471.4513705789936,-42.67381554754914,-8.59519963176406,-74.57911065105156,23.20981573312562,1162.0264111154047,1.8268618227513377e-07,-2.7279925490559405e-08,2.3323561393340242e-07,-6.492673065849885e-11,3.941336146340291e-11,1.3302070556164836e-10,1.531776795880028e-10,2.975185492300018e-07,180000.0000072303,19.5249120000517,True
50,T,ESPDI-T,-350.8418704384653,383.4002897916933,1170.202569642923,34.90773863573742,-38.147206011039074,-113.27448592914195,19.77393003225201,1134.2135839594557,1.886070509840576e-12,-1.668362822025704e-12,-1.3840020275657228e-11,9.679132495499232e-13,-1.0294404217958686e-12,-8.308354004782359e-12,8.427653879310933e-12,1.4067226368570707e-11,180000.0,0.5847984999418259,True
50,T,Optimizer-T,-350.8418704384653,383.4002897916933,1170.202569642923,34.90773863573742,-38.147206011039074,-113.27448592914195,19.77393003225201,1134.213583960045,3.866240660954645e-12,-4.170441769701938e-12,-3.325695274725149e-11,-4.6629367034256575e-14,6.084022174945858e-14,4.583000645652646e-13,4.646663099828353e-13,3.3739669640288595e-11,180000.0,1.861150600016117,True
50,A,ESPDI-A,421.35979216316457,277.68976683953633,1695.8584392841717,-13.106804700930969,2.848890104483914,-56.67110385869016,28.2248636916719,1244.0815846283876,-2.2737367544323206e-13,-5.684341886080801e-13,1.4779288903810084e-12,-1.4210854715202004e-14,-2.842170943040401e-14,9.947598300641403e-14,1.0442802858320781e-13,1.5997156060018697e-12,180000.0602183873,4.263081100070849,True
50,A,Optimizer-A,421.35979216316457,277.68976683953633,1695.8584392841717,-13.106804700930969,2.848890104483914,-56.67110385869016,26.107237091249672,1175.3531350473222,-1.3182324132683275e-07,-2.0952986619351793e-07,2.868703958824881e-07,-3.148592497836944e-11,-4.0467185158377106e-11,-6.334488489301293e-12,5.166316183517009e-11,3.789125965374618e-07,180000.00000113965,36.985817799926735,True
51,T,ESPDI-T,123.32614474613037,-77.25535477720801,425.7850038295121,-19.94541021607884,12.494428862526078,-67.66669023630266,12.243321446366926,702.2651275999197,8.842097518578507e-13,-6.539361608638716e-13,1.0003880102776863e-11,-2.786659791809143e-13,1.5670797992584085e-13,-2.4904106554757277e-12,2.5108479348284594e-12,1.0064148076141404e-11,180000.0,0.38078250002581626,True
51,T,Optimizer-T,123.32614474613037,-77.25535477720801,425.7850038295121,-19.94541021607884,12.494428862526078,-67.66669023630266,12.243321446366926,702.2651276002871,5.690670157321165e-11,-3.5661140707077266e-11,5.358238297503704e-10,-2.19824158875781e-13,1.3655743202889425e-13,-2.1156409957256983e-12,2.1314097250090125e-12,5.400159869567071e-10,179999.99999999997,19.897545799962245,True
51,A,ESPDI-A,122.74480093982743,-188.75552433738073,1149.6034770157914,-12.185197029104515,18.726316722786173,-66.26688531577307,22.260254927199668,1044.2172019291775,-1.2789769243681803e-13,2.842170943040401e-14,1.3073986337985843e-12,-1.0658141036401503e-14,-1.0658141036401503e-14,1.3500311979441904e-13,1.358419460068572e-13,1.3139470312596372e-12,180000.0765071154,3.88234609994106,True
51,A,Optimizer-A,122.74480093982743,-188.75552433738073,1149.6034770157914,-12.185197029104515,18.726316722786173,-66.26688531577307,20.39013243068295,980.149909836995,2.4676352496363794e-08,-8.630846160060793e-08,2.667273371059764e-07,2.680078381445128e-13,-4.04121180963557e-13,1.1645795439108042e-11,1.165588664751678e-11,2.8142769102565863e-07,180000.00000000742,23.758314899983816,True
52,T,ESPDI-T,156.46436049935798,394.8326899468432,605.8203132026817,-20.766885861433543,-52.40455641348765,-78.63371161460681,14.885539805182677,853.8202281524082,-8.212688355443455e-12,-2.0342068226273172e-11,-8.841700413269801e-11,-4.096098460415476e-13,-9.749770435441008e-13,-4.3410205985416894e-12,4.467977204325848e-12,9.109782988385358e-11,180000.0,0.5942847999976948,True
52,T,Optimizer-T,156.46436049935798,394.8326899468432,605.8203132026817,-20.766885861433543,-52.40455641348765,-78.63371161460681,14.885539805182677,853.820228152872,-5.0595083678217634e-11,-1.2782175318193367e-10,-5.477911457774098e-10,2.5002222514558525e-13,6.3860028376439e-13,2.7498003873915877e-12,2.8340295704155303e-12,5.647773034312166e-10,180000.0,4.232493199990131,True
52,A,ESPDI-A,381.89164415349205,220.14299740796457,1711.9398212404249,-10.351350480387595,12.33245439389946,-93.86579741039073,25.85287969483744,1293.9934731754001,-1.1368683772161603e-13,-2.2737367544323206e-13,-9.663381206337363e-13,2.842170943040401e-14,8.526512829121202e-14,-3.552713678800501e-14,9.664426065637204e-14,9.992161171366517e-13,180000.00058532404,3.7939535999903455,True
52,A,Optimizer-A,381.89164415349205,220.14299740796457,1711.9398212404249,-10.351350480387595,12.33245439389946,-93.86579741039073,24.53759782865143,1252.803189800914,-8.856688425874795e-09,-3.4631411489730676e-08,2.9556569103306174e-07,-7.055245276887945e-11,-9.956302449154464e-11,-2.8460434009502933e-10,3.0966122592041775e-10,2.977194204406145e-07,180000.0000159131,23.43292689998634,True
53,T,ESPDI-T,-375.64171712787527,242.26025594869952,580.462402157895,50.51733374385002,-32.57982711878837,-76.33385131467361,14.693476225175562,842.8036461642732,4.7178333288655505e-12,-3.3101707681316983e-12,-2.2292994273503952e-11,1.258812498683426e-12,-8.105877080666346e-13,-5.500475075415068e-12,5.700604125403967e-12,2.302591530236373e-11,180000.0,0.6043541999533772,True
53,T,Optimizer-T,-375.64171712787527,242.26025594869952,580.462402157895,50.51733374385002,-32.57982711878837,-76.33385131467361,14.693476225175562,842.803646164728,7.898526277472229e-11,-5.0861759248732596e-11,-3.441087415012589e-10,-1.438849039914203e-13,1.0036416142611415e-13,6.927791673660977e-13,7.146459299764121e-13,3.567021394203407e-10,180000.0,35.42926330002956,True
53,A,ESPDI-A,-106.06488948652657,-225.72678271196634,1430.2660716346609,-0.42999530372073025,-1.8770896922364173,-68.86951102263234,24.9487050607754,1159.379786221598,5.684341886080802e-14,3.410605131648481e-13,-9.094947017729282e-13,1.4210854715202004e-14,1.4210854715202004e-14,-8.526512829121202e-14,8.760159180054893e-14,9.730026004390135e-13,180000.06086713602,4.768074700026773,True
53,A,Optimizer-A,-106.06488948652657,-225.72678271196634,1430.2660716346609,-0.42999530372073025,-1.8770896922364173,-68.86951102263234,23.00387323314718,1096.4448584508518,-7.694395896179098e-08,-7.592226500315001e-08,-1.5376636852693082e-07,-2.9747759811016294e-11,-6.538414254464442e-11,2.042206403984892e-10,2.1648576229129094e-10,1.8795919566193673e-07,180000.0000014182,27.7954017999582,True
54,T,ESPDI-T,309.9058734189247,-185.45567469663737,535.0107577276916,-43.756751307064775,26.185169537639098,-73.97218364823992,14.00326206950759,803.21362688521,-1.4620501522373238e-11,8.2263758606878e-12,-6.850753359646236e-11,-8.419150793192998e-13,4.621199256593655e-13,-3.921023228325993e-12,4.036929400367144e-12,7.053165590029377e-11,180000.0,0.4327538999496028,True
54,T,Optimizer-T,309.9058734189247,-185.45567469663737,535.0107577276916,-43.756751307064775,26.185169537639098,-73.97218364823992,14.00326206950759,803.2136268856411,-8.670530959875578e-11,5.1849857740648986e-11,-4.1881520473907585e-10,4.1389114358025836e-13,-2.4868995751603507e-13,1.978861519091879e-12,2.0369205888905242e-12,4.3082756896579364e-10,180000.0,13.557726200087927,True
54,A,ESPDI-A,-375.2845971518383,141.51954007901702,1797.8838164677181,28.563226194219027,6.142108230616955,-85.31305886692047,27.1954147794551,1287.1995510535853,2.2737367544323206e-13,-2.2737367544323206e-13,-8.526512829121202e-13,7.105427357601002e-15,2.842170943040401e-14,-7.105427357601002e-14,7.685694801574505e-14,9.112693272687351e-13,180000.06124471853,4.100252600037493,True
54,A,Optimizer-A,-375.2845971518383,141.51954007901702,1797.8838164677181,28.563226194219027,6.142108230616955,-85.31305886692047,25.17394460797631,1220.6426114302994,2.4796123119651107e-09,1.1582705035434998e-08,-2.951870925471667e-08,-2.3359092438113294e-13,-4.583000645652646e-13,2.604139126560767e-12,2.6544574322483366e-12,3.180663027137637e-08,180000.00000000003,31.86798139999155,True
55,T,ESPDI-T,159.2621056740373,53.8046314902094,981.6368909220005,-17.45669726380025,-5.897518178224331,-104.9954753452848,17.977363159190855,1031.1642382505288,-4.4166957129777125e-14,-6.505984300763149e-14,-4.993334799731786e-12,-1.8057560655093674e-13,-6.642646502297289e-14,-3.2158876256405122e-12,3.2216382859788058e-12,4.9939539370609694e-12,180000.0,0.5307488999096677,True
55,T,Optimizer-T,159.2621056740373,53.8046314902094,981.6368909220005,-17.45669726380025,-5.897518178224331,-104.9954753452848,17.977363159190855,1031.1642382510618,3.902456136017918e-11,1.3176459923158745e-11,6.293348064900783e-10,2.9753977059954195e-14,9.769962616701378e-15,4.867217739956686e-13,4.877282405212012e-13,6.30681246070759e-10,180000.0,10.7239354000194,True
55,A,ESPDI-A,231.79287288982948,300.9786327888613,1074.7327780360613,19.358955320599662,-12.945191520645857,-69.5930721978208,21.15772749392775,1081.2043416737833,0.0,0.0,-1.6484591469634324e-12,-8.526512829121202e-14,-2.842170943040401e-14,-2.3447910280083306e-13,2.511142873668219e-13,1.6484591469634324e-12,180000.0353033745,3.8022394999861717,True
55,A,Optimizer-A,231.79287288982948,300.9786327888613,1074.7327780360613,19.358955320599662,-12.945191520645857,-69.5930721978208,20.321532062514866,1055.7902448387013,-3.9606095416142895e-07,-1.1010625887177844e-07,4.498780405981506e-07,-8.123279826577345e-12,-5.146993942162226e-12,-3.872457909892546e-13,9.624405492505603e-12,6.094078429643254e-07,180000.00000051036,30.761163800023496,True
56,T,ESPDI-T,-366.43495305233114,213.14666772070646,716.3530717283547,45.38893808904015,-26.401686914617915,-86.69473251505715,15.936028819379484,914.0752663647836,-1.3993829695285037e-12,4.399830245147354e-13,2.363645249577745e-12,1.0295306274166194e-12,-6.153827447619165e-13,-5.807132552604344e-12,5.929706377119917e-12,2.781847699483023e-12,180000.0,0.49484339996706694,True
56,T,Optimizer-T,-366.43495305233114,213.14666772070646,716.3530717283547,45.38893808904015,-26.401686914617915,-86.69473251505715,15.936028819379484,914.0752663652675,-2.8880453584179122e-11,1.6590950835393414e-11,1.53265844460293e-10,2.0738966099997924e-13,-1.2967404927621828e-13,-1.163513729807164e-12,1.188944923028462e-12,1.5684310417413031e-10,180000.00000000003,2.3439624999882653,True
56,A,ESPDI-A,160.6021460174254,237.71190010962607,1574.6628357272084,18.109676557352834,-14.796419055440229,-78.88335658357573,25.60509514654582,1231.107943132878,1.1368683772161603e-13,1.1368683772161603e-13,-3.410605131648481e-13,-2.842170943040401e-14,-7.105427357601002e-15,1.4210854715202004e-14,3.256115871121665e-14,3.770565843246231e-13,180000.044919302,3.8603558000177145,True
56,A,Optimizer-A,160.6021460174254,237.71190010962607,1574.6628357272084,18.109676557352834,-14.796419055440229,-78.88335658357573,23.8851064780402,1178.6753245758882,3.457086094120411e-07,2.3250727128839184e-08,-2.5304593975761236e-07,3.348707977579579e-10,4.5361492340134646e-11,-7.506884003305458e-12,3.380125285929714e-10,4.2905394364979344e-07,180000.00000913892,19.939065199927427,True
57,T,ESPDI-T,-215.50651586254713,264.80625730798414,626.3974170529505,28.567401640475637,-35.102542858858456,-81.25598074959458,14.904019213006,854.8801891891144,1.3883889917869771e-11,-1.7137679625157118e-11,-1.1329052095992694e-10,5.205176567546488e-13,-6.594273738169676e-13,-4.395272340529388e-12,4.474841007204075e-12,1.1541752293979323e-10,180000.0,0.7067338000051677,True
57,T,Optimizer-T,-215.50651586254713,264.80625730798414,626.3974170529505,28.567401640475637,-35.102542858858456,-81.25598074959458,14.904019213005999,854.880189189571,5.21338527903481e-12,-6.45528075438051e-12,-4.221156757466815e-11,-8.881784197001252e-16,-1.3322676295501878e-15,-8.881784197001252e-15,9.024959194593041e-15,4.301937322644657e-11,180000.0,21.351851299987175,True
57,A,ESPDI-A,317.22118786802207,-424.5091393445547,1338.079756244669,-39.58289673579878,23.921890610929267,-97.40673202605693,22.204058257549057,1170.045856042234,-8.526512829121202e-14,-6.821210263296962e-13,-1.0516032489249483e-12,1.7763568394002505e-15,-1.1368683772161603e-13,-1.3855583347321954e-13,1.792360775743e-13,1.2563552960102892e-12,180000.0016328912,3.79870020004455,True
57,A,Optimizer-A,317.22118786802207,-424.5091393445547,1338.079756244669,-39.58289673579878,23.921890610929267,-97.40673202605693,21.448989940114796,1143.7801255013092,1.7372074517022918e-08,-3.658153450145762e-08,2.3677013771816746e-07,-6.478662051279116e-11,-1.0327916299956996e-10,7.076650376802718e-11,1.409673358012783e-10,2.4020844230498297e-07,180000.00000834302,12.177967800060287,True
58,T,ESPDI-T,-315.2665682170548,103.80441418416966,348.3024377104523,53.0365720734183,-17.462778643333024,-57.4895860792702,11.774968267798577,675.4008403107273,-9.4126054606819e-12,2.7639296016832016e-12,2.999236622946988e-11,8.281708652191355e-13,-3.1205593664651587e-13,-2.8451963007825043e-12,2.979662376777039e-12,3.1555957923095356e-11,180000.0,0.49138060002587736,True
58,T,Optimizer-T,-315.2665682170548,103.80441418416966,348.3024377104523,53.0365720734183,-17.462778643333024,-57.4895860792702,11.774968267798577,675.4008403110856,2.7705837624125706e-11,-9.121481348017824e-12,-9.022027569471902e-11,-1.5720758028692217e-13,5.129230373768223e-14,5.258016244624741e-13,5.511918649705966e-13,9.481831577742648e-11,179999.99999999997,36.26377089996822,True
58,A,ESPDI-A,-14.383928512206921,4.727370834374028,1237.1593332824227,-4.170634248885932,-1.74287796483042,-81.38358521286395,22.202549646528105,1092.4005382945306,2.842170943040401e-14,3.552713678800501e-15,-3.410605131648481e-13,-3.552713678800501e-15,-1.7763568394002505e-15,1.4210854715202004e-14,1.475552811121985e-14,3.422611415011926e-13,180000.06363646494,3.930108700064011,True
58,A,Optimizer-A,-14.383928512206921,4.727370834374028,1237.1593332824227,-4.170634248885932,-1.74287796483042,-81.38358521286395,20.672184829966906,1040.2755676068973,-7.036009896693766e-08,-2.939797298954828e-07,4.424021575744064e-07,5.88418203051333e-14,-9.287015600989434e-14,-1.396571747136477e-10,1.3965721798827303e-10,5.358118085135378e-07,180000.00000055527,16.314164000097662,True
59,T,ESPDI-T,310.5587050711175,167.55754108776983,466.7227611302394,-46.41826863219484,-25.04431795521892,-68.36044456479343,13.236699953625134,759.2443621328584,4.159982525554079e-12,2.250110308580494e-12,1.877595610455876e-11,-1.0042938702881088e-12,-5.23719956291302e-13,-4.177949652905966e-12,4.328758721935551e-12,1.936246313499429e-11,180000.0,0.41371889994479716,True
59,T,Optimizer-T,310.5587050711175,167.55754108776983,466.7227611302394,-46.41826863219484,-25.04431795521892,-68.36044456479343,13.236699953625134,759.2443621332568,5.182965168160081e-12,2.8119728767705965e-12,2.2171597890974226e-11,-1.6697754290362354e-13,-8.615330671091215e-14,-6.821210263296962e-13,7.075259618222033e-13,2.2942320554667238e-11,180000.0,3.494356300099753,True
59,A,ESPDI-A,319.31217846714094,493.897627237567,1440.1040789978294,-25.175810068852435,-6.136832735521807,-85.16557221324845,23.974077133186857,1207.763669295291,-5.684341886080802e-14,-4.547473508864641e-13,-5.684341886080802e-14,-7.105427357601002e-15,-1.1368683772161603e-13,-2.1316282072803006e-14,1.1588601317882371e-13,4.617981178760124e-13,180000.0027739464,3.812101900111884,True
59,A,Optimizer-A,319.31217846714094,493.897627237567,1440.1040789978294,-25.175810068852435,-6.136832735521807,-85.16557221324845,22.939225514842832,1173.7276451746602,-2.7277440495998112e-09,8.645112697823955e-08,-8.162021813973297e-08,6.543654507140673e-12,9.707790127322369e-12,4.172306944383308e-11,4.3334456582261165e-11,1.1892475752586347e-07,180000.00000005052,21.640739000053145,True
60,T,ESPDI-T,-103.55818343971872,-198.70826873743457,482.3893011585783,15.64910576929934,30.02762902379969,-71.52698627355443,13.09398889677309,751.0585933454295,4.476328189411197e-12,8.558233223661393e-12,-5.795839264251257e-11,3.1974770053899704e-13,6.047037870438032e-13,-4.111308515852841e-12,4.1678247293509335e-12,5.87576050198913e-11,180000.0,0.4434056000318378,True
60,T,Optimizer-T,-103.55818343971872,-198.70826873743457,482.3893011585783,15.64910576929934,30.02762902379969,-71.52698627355443,13.09398889677309,751.0585933458206,-3.085831590254884e-11,-5.925504531489878e-11,3.9463365908432024e-10,2.204902926905561e-13,4.2721381987576024e-13,-2.8101965199311962e-12,2.8510229914360584e-12,4.0024882378077225e-10,180000.0,19.67149839992635,True
60,A,ESPDI-A,-332.2231843612917,-322.0100630549495,1440.2163096545705,42.85925496196157,-3.0385134402550804,-60.718894135983525,25.532845958630343,1184.238310145658,5.826450433232822e-13,-2.2737367544323206e-13,-1.0231815394945443e-12,9.059419880941277e-14,-2.842170943040401e-14,-7.105427357601002e-14,1.1859094492531964e-13,1.1991974389383006e-12,180000.05439883488,4.856164900003932,True
60,A,Optimizer-A,-332.2231843612917,-322.0100630549495,1440.2163096545705,42.85925496196157,-3.0385134402550804,-60.718894135983525,23.731865913393374,1131.3997199100431,-1.0582374036282693e-07,1.2639931868230413e-07,7.643837207638171e-08,-2.6864066526854913e-12,-7.954348291150382e-11,4.749551862914814e-10,4.815774199851693e-10,1.8170931873026505e-07,180000.00000704298,25.247071400051937,True
61,T,ESPDI-T,449.1919924654428,-357.9664094370343,703.8832159889637,-54.84064770103358,43.70316051493417,-83.83815542950724,16.16508472878361,927.2136927427782,-1.4719385703788196e-11,1.0948580041712785e-11,-6.331755063836153e-11,-1.7680787389728891e-12,1.4020659633295907e-12,-7.826073122885191e-12,8.14489483771775e-12,6.592149830873197e-11,180000.0,0.4882294998969883,True
61,T,Optimizer-T,449.1919924654428,-357.9664094370343,703.8832159889637,-54.84064770103358,43.70316051493417,-83.83815542950724,16.16508472878361,927.2136927432657,3.778888313377138e-11,-2.998268300302698e-11,1.6688517234797473e-10,-8.375522497772181e-13,6.683542608243442e-13,-3.6983749396313215e-12,3.8504763839247104e-12,1.73717073767005e-10,180000.0,19.946755700046197,True
61,A,ESPDI-A,-401.35598542269537,441.69440908384445,1696.088092057396,13.56859115382376,-15.467979067165729,-67.47640130341108,27.49500617067433,1246.011553255481,1.1368683772161603e-13,0.0,3.410605131648481e-13,4.263256414560601e-14,0.0,8.526512829121202e-14,9.532931148469529e-14,3.595093471822542e-13,180000.03876501485,3.8441757999826223,True
61,A,Optimizer-A,-401.35598542269537,441.69440908384445,1696.088092057396,13.56859115382376,-15.467979067165729,-67.47640130341108,25.500357659650795,1178.5029289798313,1.371795648200442e-07,-3.968409793218629e-08,3.667675692042849e-07,-1.2660095194405585e-10,1.3663203901614906e-10,8.060041523094696e-11,2.0295945913963382e-10,3.9358799581914073e-07,180000.00000716923,40.35755060007796,True
62,T,ESPDI-T,93.26435114319901,325.51157689063473,448.2161460792453,-14.213521933120013,-49.60808584317164,-66.96245695384653,12.984670682684976,744.7882058609648,2.1460979423692378e-12,6.74101535225527e-12,2.770486059533797e-11,-2.212067334861345e-13,-8.181788579975091e-13,-3.190114838957925e-12,3.300785020014672e-12,2.8593816201491773e-11,180000.0,0.6654223999939859,True
62,T,Optimizer-T,93.26435114319901,325.51157689063473,448.2161460792453,-14.213521933120013,-49.60808584317164,-66.96245695384653,12.984670682684976,744.7882058613613,1.2844836305703211e-11,4.4720227521111156e-11,1.7529888651779402e-10,-3.26405569239796e-14,-1.199040866595169e-13,-4.707345624410664e-13,4.868607852667359e-13,1.8136865270392976e-10,180000.0,20.806179599952884,True
62,A,ESPDI-A,414.4067365501742,304.78591218004124,1455.5493981393479,7.281230903398431,-25.542087923971557,-95.19764282715182,23.511282548038302,1236.7815576345256,4.547473508864641e-13,3.979039320256561e-13,-7.389644451905042e-13,-1.1368683772161603e-13,3.552713678800501e-14,-1.3500311979441904e-13,1.800353211837081e-13,9.54563326089707e-13,180000.01831434693,3.914123499998823,True
62,A,Optimizer-A,414.4067365501742,304.78591218004124,1455.5493981393479,7.281230903398431,-25.542087923971557,-95.19764282715182,22.719374041630818,1211.8489438247434,7.162772329704252e-08,4.780207974205054e-09,1.0532944827446045e-07,-2.8833646581460926e-10,-2.382938291134451e-11,-5.20248732982509e-10,5.95285226742862e-10,1.2746636343285462e-07,180000.0000024943,17.077452699886635,True
63,T,ESPDI-T,-350.50775530418446,-292.78364646117655,439.2914058888256,52.19426156982418,43.59853953445217,-64.00540361220911,13.28562394183985,762.0505949820745,-1.4507228670310526e-11,-1.1457165321722765e-11,5.24068533252868e-11,-3.5376285234534066e-12,-2.8832700116332433e-12,1.300155816341686e-11,1.3779280685385804e-11,5.557161682333969e-11,180000.0,0.428466200013645,True
63,T,Optimizer-T,-350.50775530418446,-292.78364646117655,439.2914058888256,52.19426156982418,43.59853953445217,-64.00540361220911,13.285623941839848,762.0505949824874,9.774980824772683e-11,8.15596479242231e-11,-3.6419933735487575e-10,-5.0324189260209096e-12,-4.2086334417490434e-12,1.872457744411804e-11,1.9840555338869825e-11,3.8580844795276475e-10,180000.0,3.065184900071472,True
63,A,ESPDI-A,-118.01168961703456,355.42957138076736,1651.2812915902773,17.551608486105486,-37.232169681705265,-78.28538202910046,26.377623661517386,1237.2548227210773,0.0,2.842170943040401e-14,-7.389644451905042e-13,-7.105427357601002e-15,1.7763568394002505e-14,-1.1368683772161603e-13,1.1528542202361757e-13,7.395108145407044e-13,180000.08170207782,3.907976199989207,True
63,A,Optimizer-A,-118.01168961703456,355.42957138076736,1651.2812915902773,17.551608486105486,-37.232169681705265,-78.28538202910046,24.241868813095792,1167.4928873292647,-7.611944106331091e-08,1.4365247738868243e-07,3.4532523685015803e-07,-1.714204334035685e-10,3.050029118156772e-10,1.9092070147053164e-09,1.9410005580123605e-09,3.8168013148880896e-07,180000.00001110477,20.603665399947204,True
64,T,ESPDI-T,54.53226012005457,299.1067658999105,585.3552159069819,-7.4816914720283805,-41.036709916895155,-78.64867357214274,14.40623105001859,826.3275395401233,-3.766608393593199e-12,-2.0221130983034703e-11,-1.097870580931597e-10,-1.6499301924710608e-13,-8.635696324699182e-13,-4.771211203902226e-12,4.851539091748786e-12,1.1169726765581402e-10,180000.0,0.5676480999682099,True
64,T,Optimizer-T,54.53226012005457,299.1067658999105,585.3552159069819,-7.4816914720283805,-41.036709916895155,-78.64867357214274,14.40623105001859,826.3275395405726,-2.6267987784933666e-11,-1.442583830169042e-10,-7.723137684934045e-10,1.0458300891968975e-13,5.613287612504791e-13,3.0677682616442326e-12,3.120453443189526e-12,7.861100719730064e-10,180000.0,30.269302000058815,True
64,A,ESPDI-A,435.2016719751309,-381.2324053158884,1491.1071861110547,-14.038981206260122,23.444859280730327,-92.09041809787384,24.0225984956003,1213.8957859962338,1.1368683772161603e-13,-1.1368683772161603e-13,5.684341886080802e-14,2.842170943040401e-14,-4.263256414560601e-14,7.105427357601002e-14,8.760159180054893e-14,1.7053025658242404e-13,180000.0056381398,3.88563409994822,True
64,A,Optimizer-A,435.2016719751309,-381.2324053158884,1491.1071861110547,-14.038981206260122,23.444859280730327,-92.09041809787384,22.94174619663132,1176.216971731692,8.340568274798965e-08,1.8405713823840405e-08,-1.2266043114550484e-07,1.3140777355147293e-10,-7.411049551819815e-11,2.0409629541973118e-10,2.5380241586668603e-10,1.494685906296856e-07,180000.00001147285,20.55828430003021,True
65,T,ESPDI-T,257.1997118321779,299.8334361824003,353.4851019904057,-42.104004659031766,-49.083213600933334,-56.69962443408273,12.097266701647868,693.8875680964775,-1.5142707075234407e-11,-1.7996812590528877e-11,-6.556636830690188e-11,-1.5369233663520276e-12,-1.791802817230348e-12,-6.603398383653314e-12,7.012671458375093e-12,6.965727165157475e-11,180000.0,0.5203439999604598,True
65,T,Optimizer-T,257.1997118321779,299.8334361824003,353.4851019904057,-42.104004659031766,-49.083213600933334,-56.69962443408273,12.097266701647868,693.8875680968413,2.7637669930413722e-11,3.2029490171225916e-11,1.1447909287198854e-10,-1.1084466677857563e-12,-1.2967404927621828e-12,-4.671818487622659e-12,4.97353776523184e-12,1.220458591866374e-10,179999.99999999997,34.81047559995204,True
65,A,ESPDI-A,-481.44257636592823,452.01929369658785,990.0493465928729,18.85678564288917,-34.088529363935905,-60.226493318088956,20.966226281541726,1022.5667790204043,0.0,0.0,-6.821210263296962e-13,0.0,4.263256414560601e-14,-7.815970093361102e-14,8.903074960742904e-14,6.821210263296962e-13,180000.00795146782,3.808963999967091,True
65,A,Optimizer-A,-481.44257636592823,452.01929369658785,990.0493465928729,18.85678564288917,-34.088529363935905,-60.226493318088956,20.077798250639933,989.0247242026016,-3.5975912876475127e-07,1.0934679127591004e-07,-2.040008695303186e-08,2.212647842725346e-10,-1.50407686305698e-10,-6.417693043658801e-10,6.953045497372142e-10,3.765627637454367e-07,180000.00000762608,21.48667110002134,True
66,T,ESPDI-T,-134.59802508990836,340.05815212232045,1050.0386237405012,14.179825271986743,-35.824932618351795,-107.80471654991963,18.69288296062893,1072.2057650011266,3.4878149630587774e-12,-8.63456474289176e-12,-7.18673117978269e-11,2.988911201873279e-13,-7.374378885316446e-13,-6.118536233223892e-12,6.170059657608058e-12,7.246813828546858e-11,180000.0,0.6863658999791369,True
66,T,Optimizer-T,-134.59802508990836,340.05815212232045,1050.0386237405012,14.179825271986743,-35.824932618351795,-107.80471654991963,18.69288296062893,1072.205765001694,2.8237523430618694e-11,-7.119549394474234e-11,-5.797762270276507e-10,-2.0961010704922955e-13,5.369038547087257e-13,4.348521542851813e-12,4.386552376847288e-12,5.848133287758998e-10,180000.00000000003,13.622788800043054,True
66,A,ESPDI-A,-295.4893349024454,-99.02957813289049,1552.6934428247955,-28.375617544071808,-34.535130640134895,-56.348734243084415,27.06965927980795,1301.0224180793848,6.821210263296962e-13,1.8189894035458565e-12,-6.821210263296962e-13,2.842170943040401e-14,1.9895196601282805e-13,-1.1368683772161603e-13,2.308990589380062e-13,2.0589562014123242e-12,179999.9999999839,3.9486131999874488,True
66,A,Optimizer-A,-295.4893349024454,-99.02957813289049,1552.6934428247955,-28.375617544071808,-34.535130640134895,-56.348734243084415,25.52722528335211,1256.7472674573764,1.0509834661523737e-07,9.81631310804824e-08,1.32014168485739e-07,-1.9912960169676808e-12,1.4734879982825078e-12,1.0693312901821628e-10,1.0696181799284622e-10,1.9521629912935452e-07,180000.0000000911,31.517410600092262,True
67,T,ESPDI-T,393.44681243419,27.54106790609034,564.7133736027156,-54.0123447175579,-3.7808354436274385,-75.86517884139161,14.397689688590722,825.8376152741239,1.5325832616874813e-11,1.012240326823434e-12,5.950606370500044e-11,-1.1754486273218845e-12,-8.516104488265341e-14,-4.788919261144997e-12,4.9318028720543926e-12,6.145630475014978e-11,180000.0,0.6249977999832481,True
67,T,Optimizer-T,393.44681243419,27.54106790609034,564.7133736027156,-54.0123447175579,-3.7808354436274385,-75.86517884139161,14.397689688590722,825.8376152745695,-3.425748573704368e-11,-2.3944735083603064e-12,-1.376054825641404e-10,1.270095140171179e-13,1.0103029524088925e-14,5.293543381412746e-13,5.444717652600693e-13,1.4182587092669638e-10,180000.0,15.056653600069694,True
67,A,ESPDI-A,-476.5868107168506,193.71053301580832,1648.5681501534052,19.46201028273572,-32.19598469580177,-55.67705493025308,27.87657704142128,1227.4290630507858,-1.1368683772161603e-13,-4.547473508864641e-13,-1.1368683772161603e-12,-1.4210854715202004e-14,0.0,-1.5631940186722204e-13,1.56964020692204e-13,1.2297111682519208e-12,180000.07998704573,3.8297535000601783,True
67,A,Optimizer-A,-476.5868107168506,193.71053301580832,1648.5681501534052,19.46201028273572,-32.19598469580177,-55.67705493025308,25.61245077578645,1155.2056369518796,5.5688729163390855e-08,1.3046576867397006e-07,1.5401829500660824e-07,-4.3790748804894974e-11,-8.138245632949292e-11,1.53168144834126e-10,1.7888883271753727e-10,2.0939003450084718e-07,180000.00001029865,20.94919969991315,True
68,T,ESPDI-T,-225.94930462401874,246.0886282657796,319.3842725732874,39.18765925291001,-42.68053547030159,-54.35341136888898,11.424731926224851,655.3116210426688,3.3821296457903216e-13,-8.96010479353726e-13,-1.8102355552052085e-12,1.0271367090197714e-12,-1.1454309722935818e-12,-4.378691853546002e-12,4.641116706097306e-12,2.0479686408366073e-12,180000.0,0.4926648000255227,True
68,T,Optimizer-T,-225.94930462401874,246.0886282657796,319.3842725732874,39.18765925291001,-42.68053547030159,-54.35341136888898,11.424731926224851,655.3116210430089,-3.615641119836255e-11,3.948730231684294e-11,1.5375434259112808e-10,6.306066779870889e-13,-6.661338147750939e-13,-2.62367905179417e-12,2.7794047579171132e-12,1.6280949290700713e-10,180000.0,36.8875154000707,True
68,A,ESPDI-A,273.6650866051839,434.18859389427405,1336.4625404183184,-33.00296816569869,-5.373438897167098,-73.1010902294065,23.686175310254356,1157.1232944887724,5.258016244624741e-13,0.0,1.7053025658242404e-13,8.08242361927114e-14,-8.526512829121202e-14,-4.263256414560601e-14,1.249809376836374e-13,5.527638887422405e-13,180000.00444144243,3.8179829000728205,True
68,A,Optimizer-A,273.6650866051839,434.18859389427405,1336.4625404183184,-33.00296816569869,-5.373438897167098,-73.1010902294065,22.408507578394254,1117.1054820929603,-4.440647502393872e-08,1.717735089117776e-07,1.4310649021354038e-07,6.80039358158524e-11,-3.2445157671645575e-10,-4.4774850493922713e-10,5.571104779086046e-10,2.2794196833657985e-07,180000.00000581567,14.629867799929343,True
69,T,ESPDI-T,299.1824383942295,-174.39369055065302,609.9985986089512,-40.084216646980195,23.365123004604897,-79.98576127781617,14.748022911394612,845.9323915562472,7.472864774898946e-12,-4.168660750793196e-12,4.093098971737208e-11,8.801820383652625e-12,-5.107234080092837e-12,4.910707951388815e-11,5.0150385246758354e-11,4.1815874493339823e-11,180000.0,0.609340300085023,True
69,T,Optimizer-T,299.1824383942295,-174.39369055065302,609.9985986089512,-40.084216646980195,23.365123004604897,-79.98576127781617,14.748022911394612,845.9323915566856,9.9298347322474e-11,-5.783173939732933e-11,5.557208027084926e-10,9.095391106939132e-12,-5.297984273511247e-12,5.091571608772938e-11,5.1992354452138676e-11,5.674771206186789e-10,180000.00000000003,15.71146029990632,True
69,A,ESPDI-A,45.02884757112599,41.995498502417036,1295.104104520328,27.437669490158626,31.903295358738404,-71.02961082321465,23.337147094272105,1169.4479350294769,-2.2737367544323206e-13,-2.2737367544323206e-13,-5.684341886080802e-14,0.0,5.684341886080802e-14,7.105427357601002e-14,9.099386826154683e-14,3.26540580689313e-13,180000.03035186857,4.340316299931146,True
69,A,Optimizer-A,45.02884757112599,41.995498502417036,1295.104104520328,27.437669490158626,31.903295358738404,-71.02961082321465,22.025671814005925,1134.0293124428244,-2.2784859678775944e-08,-7.913870267574712e-09,6.471296032373175e-08,-3.0020430585864233e-13,-7.460698725481052e-13,7.685230229981244e-11,7.685650988473088e-11,6.9061902718173e-08,180000.00000004674,27.33693770004902,True
70,T,ESPDI-T,-220.38410985375526,-40.5711669405605,668.7911098384354,28.749039492298706,5.2924962756925495,-85.40675195623442,15.1419944474999,868.5302194647684,-2.3148280167695212e-12,-6.502418842626624e-13,2.2545070085984442e-11,4.1588260613067973e-13,5.990000162547915e-14,-3.0629249136993053e-12,3.0916104831036973e-12,2.267292280314166e-11,180000.0,0.46626380004454404,True
70,T,Optimizer-T,-220.38410985375526,-40.5711669405605,668.7911098384354,28.749039492298706,5.2924962756925495,-85.40675195623442,15.1419944474999,868.5302194652322,2.1035617692177766e-11,3.864575326417707e-12,-1.7128698459600855e-10,-3.4017233474514796e-13,-6.233902283270254e-14,2.7498003873915877e-12,2.7714627079563287e-12,1.7261710009769683e-10,180000.0,4.631084099994041,True
70,A,ESPDI-A,478.8361274991312,430.34406642710326,1112.099227278431,-17.620420614584088,-43.02198621718572,-74.26420025444125,21.383485429951374,1081.8910129494834,4.547473508864641e-13,-2.8421709430404007e-13,-2.5579538487363607e-13,2.842170943040401e-14,-2.842170943040401e-14,-5.684341886080802e-14,6.961868572213853e-14,5.941429026383637e-13,180000.01255672588,3.827968400088139,True
70,A,Optimizer-A,478.8361274991312,430.34406642710326,1112.099227278431,-17.620420614584088,-43.02198621718572,-74.26420025444125,20.535795193955092,1051.5598081792177,-1.9800396059191424e-07,8.197010922482889e-08,2.790133493135727e-07,6.048317402473913e-11,-1.2044587549553398e-11,-4.411404574966582e-11,7.582437247844088e-11,3.5181403654714014e-07,180000.00000084625,23.713851399952546,True
71,T,ESPDI-T,454.8936900878029,370.3817721211156,1149.3484751020421,-45.40894316981053,-36.97269319812975,-111.59499106102008,19.71041052811625,1130.5701663727814,-4.0657483890010893e-13,3.977212439595923e-13,4.552181765218877e-12,-1.2736062204865561e-12,-1.0072567779850772e-12,-8.115993987978243e-12,8.27683498896516e-12,4.587574970626057e-12,180000.0,0.7231905999360606,True
71,T,Optimizer-T,454.8936900878029,370.3817721211156,1149.3484751020421,-45.40894316981053,-36.97269319812975,-111.59499106102008,19.71041052811625,1130.570166373378,-6.653833040104473e-11,-5.417843951249779e-11,-4.4721204517372826e-10,4.2454928461665986e-13,3.4283687000424834e-13,2.8137492336099967e-12,2.8661758432000768e-12,4.553693732224827e-10,180000.00000000003,1.402764800004661,True
71,A,ESPDI-A,-61.31069406918499,79.07432302144412,1346.6566675307217,44.259913148113895,9.387308607970652,-83.92691252070557,23.047748227670773,1187.3398968612037,-2.2737367544323206e-13,1.7053025658242404e-13,-8.526512829121202e-13,-8.526512829121202e-14,4.263256414560601e-14,-8.526512829121202e-14,1.2789769243681803e-13,8.987733679556354e-13,180000.03432263577,3.8154129000613466,True
71,A,Optimizer-A,-61.31069406918499,79.07432302144412,1346.6566675307217,44.259913148113895,9.387308607970652,-83.92691252070557,21.805310558078297,1153.9262375179787,3.4945196882078806e-08,1.798654342978388e-08,1.0877620937321808e-07,-8.055156541786346e-11,-4.150013666048835e-11,-3.0122748739813687e-10,3.145613059457604e-10,1.156587491514798e-07,180000.0000049053,18.29685679997783,True
72,T,ESPDI-T,-509.0501566244624,409.01964163116287,1092.853364250811,51.63667904109667,-41.48985258439621,-107.8184700156701,19.401942053367733,1112.8767117225234,-1.8399652681593557e-12,8.455103564036998e-13,7.107749425581066e-12,3.9895012640678296e-11,-3.21010301673752e-11,-2.3053198586198143e-10,2.3615055510600733e-10,7.39056573258547e-12,180000.0,0.5815251999301836,True
72,T,Optimizer-T,-509.0501566244624,409.01964163116287,1092.853364250811,51.63667904109667,-41.48985258439621,-107.8184700156701,19.401942053367733,1112.876711723111,9.354383934123689e-11,-7.513190070085329e-11,-5.403073544130166e-10,3.7985614653734956e-11,-3.051026098432885e-11,-2.1933743710178533e-10,2.246835424777114e-10,5.534684179015232e-10,180000.0,1.5258790000807494,True
72,A,ESPDI-A,420.0284711478723,182.96088321300635,1046.4371219879556,-7.805226220749404,11.66510256316753,-56.19145293980864,21.728487122229676,1055.5011948418232,6.821210263296962e-13,2.2737367544323206e-13,-2.2737367544323206e-13,5.684341886080802e-14,2.842170943040401e-14,1.4210854715202004e-14,6.51223174224333e-14,7.541131686492462e-13,180000.01284986502,3.7912410999415442,True
72,A,Optimizer-A,420.0284711478723,182.96088321300635,1046.4371219879556,-7.805226220749404,11.66510256316753,-56.19145293980864,20.856885435217933,1023.6595441276768,8.71861133956282e-08,8.252711844232911e-08,-6.705442245902304e-08,-2.1593393739749445e-11,-1.7331025503608544e-11,8.397549322580744e-11,8.842240983327819e-11,1.3750796056498946e-07,180000.00001369437,28.0316160999937,True
73,T,ESPDI-T,61.015108909193486,348.4306125484584,418.06746532671104,-9.51945305974725,-54.36143473365595,-63.94186859980802,12.68676811820809,727.7008016487052,2.670777824159004e-12,1.4956990507242196e-11,5.1860105836423753e-11,-1.69485953049886e-13,-9.910891551889733e-13,-3.3929109521935175e-12,3.5387607903514958e-12,5.403994075297294e-11,180000.0,0.40060799999628216,True
73,T,Optimizer-T,61.015108909193486,348.4306125484584,418.06746532671104,-9.51945305974725,-54.36143473365595,-63.94186859980802,12.68676811820809,727.70080164908,2.1807944339258256e-11,1.2462342269259352e-10,4.318092550192887e-10,-1.1157741397482823e-13,-6.190603585309873e-13,-2.168931700907706e-12,2.2583068812754874e-12,4.499620168861302e-10,180000.0,27.59904350002762,True
73,A,ESPDI-A,459.9199150324265,-239.40371398110716,1167.4813010317084,-10.265076489377194,31.861169414458388,-77.90729601232572,21.68686336830053,1107.1459618295885,-9.094947017729282e-13,4.831690603168681e-13,0.0,-1.1368683772161603e-13,6.927791673660977e-14,7.105427357601002e-15,1.3332146832539701e-13,1.0298703575695889e-12,180000.00733986218,3.8154642999870703,True
73,A,Optimizer-A,459.9199150324265,-239.40371398110716,1167.4813010317084,-10.265076489377194,31.861169414458388,-77.90729601232572,20.806815239246795,1078.4762095582737,2.684453602784922e-07,1.2680623032129843e-07,-2.814555273289443e-07,-1.084821121821733e-11,7.580824856745494e-12,-6.113154427112022e-11,6.254772815311231e-11,4.090964988451524e-07,180000.000000258,26.09534330002498,True
74,T,ESPDI-T,-108.0967967788389,140.58192964059847,1008.2424536187318,11.698849140708504,-15.214574675509866,-106.4491511889686,18.203750324766595,1044.1495880525817,-1.7936253094132863e-12,1.871540053500749e-12,4.204452641620206e-11,1.2898926718407644e-13,-2.065994944566718e-13,-3.5344019377880898e-12,3.5427840238996566e-12,4.212436296830064e-11,180000.0,0.5433722001034766,True
74,T,Optimizer-T,-108.0967967788389,140.58192964059847,1008.2424536187318,11.698849140708504,-15.214574675509866,-106.4491511889686,18.203750324766595,1044.1495880531293,-9.031553283023186e-12,1.1746825734348931e-11,2.2084556405843614e-10,-1.1746159600534156e-13,1.5276668818842154e-13,2.8705926524708048e-12,2.877053538600829e-12,2.2134208825667582e-10,180000.0,8.446110999910161,True
74,A,ESPDI-A,-420.7585427681511,421.681194860686,1595.1990559682683,40.156134889174595,25.811824744173947,-61.554626849063595,26.785817447747394,1292.5193045244414,3.979039320256561e-13,-9.094947017729282e-13,-5.684341886080801e-13,4.618527782440651e-14,1.1368683772161603e-13,-2.842170943040401e-14,1.2595860639831242e-13,1.1439517378163435e-12,180000.00495688134,3.812107599922456,True
74,A,Optimizer-A,-420.7585427681511,421.681194860686,1595.1990559682683,40.156134889174595,25.811824744173947,-61.554626849063595,25.53696838443983,1254.1897426456708,-1.0274594655987249e-07,-3.0308094540507373e-07,3.942102608789355e-07,-2.4479973603774852e-11,-8.388134631331923e-11,4.106581741325499e-11,9.65492140143839e-11,5.077563576995918e-07,180000.00000104718,26.432633199961856,True
75,T,ESPDI-T,-185.45485398988328,186.71557803148903,318.1374795007707,33.065122085214924,-33.28989913178246,-55.73801505032292,11.116398590437495,637.6259178330802,5.793336893111095e-12,-5.557716504893395e-12,-2.761253801563529e-11,1.229145951686661e-11,-1.2380402258926893e-11,-6.121209095155677e-11,6.364962227546422e-11,2.8755924968095717e-11,180000.0,0.44536380004137754,True
75,T,Optimizer-T,-185.45485398988328,186.71557803148903,318.1374795007707,33.065122085214924,-33.28989913178246,-55.73801505032292,11.116398590437495,637.6259178334076,-1.2444600905325842e-10,1.2519474346106563e-10,6.197096169557881e-10,1.2465140031281408e-11,-1.255395787325142e-11,-6.216538395165117e-11,6.46337105243002e-11,6.443605685538612e-10,180000.0,28.876532100024633,True
75,A,ESPDI-A,-65.14886072980153,76.8484792838326,1120.185154696321,22.700219677727617,-44.69228768311502,-67.83270701035775,21.709372193770037,1094.1164603653433,-1.7053025658242404e-13,-7.958078640513122e-13,-6.252776074688882e-13,-1.4210854715202004e-14,-8.526512829121202e-14,-4.263256414560601e-14,9.638270602075164e-14,1.026334648785666e-12,180000.05755628183,3.746009900001809,True
75,A,Optimizer-A,-65.14886072980153,76.8484792838326,1120.185154696321,22.700219677727617,-44.69228768311502,-67.83270701035775,20.368954676017864,1058.0627368430924,1.1472525552944906e-07,-2.7398065043294104e-07,-2.8073766955571955e-07,-9.067857575928429e-12,2.3722357411770645e-11,-1.7742252111929702e-11,3.0980054748053405e-11,4.087063985008446e-07,180000.0000015767,22.14546170004178,True
76,T,ESPDI-T,258.3229505245788,-226.00774450636854,435.87984653028855,-39.76184043858582,34.787787367316625,-65.7725703801939,12.857597955491611,737.4994366027331,2.282573300293675e-12,-2.230311570735992e-12,1.1200960569213853e-11,3.2199617971961914e-11,-2.8199290125208165e-11,1.554207249010453e-10,1.6120675261871744e-10,1.1646714053622847e-11,180000.0,0.40674060001038015,True
76,T,Optimizer-T,258.3229505245788,-226.00774450636854,435.87984653028855,-39.76184043858582,34.787787367316625,-65.7725703801939,12.857597955491613,737.4994366031169,5.5853988101262075e-11,-4.8840487210100036e-11,2.6991298085476956e-10,3.2597480270624146e-11,-2.8527402662348322e-11,1.574207431076502e-10,1.632718554534684e-10,2.799251300109425e-10,180000.0,14.138612000038847,True
76,A,ESPDI-A,66.05591202600965,402.87200560809674,1272.7183816980744,-33.039053637467305,-37.00719041850539,-95.91123491067306,21.600349201645592,1154.5667707521643,-3.410605131648481e-13,-1.1368683772161603e-13,-7.389644451905042e-13,-8.526512829121202e-14,-1.4210854715202004e-14,-1.5987211554602254e-13,1.817448316277913e-13,8.217757735338274e-13,180000.00150310257,4.143558100098744,True
76,A,Optimizer-A,66.05591202600965,402.87200560809674,1272.7183816980744,-33.039053637467305,-37.00719041850539,-95.91123491067306,20.880472165535878,1131.1259863782889,3.540314513640129e-08,8.077270312874623e-09,6.979286126806983e-08,-1.5640733153077235e-10,-9.64295310268426e-12,-6.316724920907291e-11,1.6895662542131523e-10,7.867444607520527e-08,180000.0000026102,12.33261009992566,True
77,T,ESPDI-T,361.1761682633439,-168.94017914648452,452.42210778296453,-54.03981723317546,25.277128467012716,-66.29589729759192,13.223155860868223,758.4674860155537,1.9833613917885629e-13,-4.2042758163773897e-14,1.2074737910927613e-13,-3.048514218839671e-11,1.4257400815509413e-11,-1.1055950599470066e-10,1.1556825575413476e-10,2.3597615807566554e-13,180000.0,0.5678608000744134,True
77,T,Optimizer-T,361.1761682633439,-168.94017914648452,452.42210778296453,-54.03981723317546,25.277128467012716,-66.29589729759192,13.223155860868221,758.4674860159575,-1.7745804825608502e-11,8.33444424586105e-12,-6.403055863302143e-11,-2.943423282886215e-11,1.3770318219030742e-11,-1.0673772976588225e-10,1.1157481203950801e-10,6.696483397017236e-11,180000.00000000003,35.975790399941616,True
77,A,ESPDI-A,197.99792439120495,80.85276947531872,1695.2150313239822,-32.058179631042606,-16.620730564702193,-92.77974542496584,25.814380936976512,1269.7474990300398,5.684341886080802e-14,-1.4210854715202004e-13,-1.0231815394945443e-12,0.0,-3.197442310920451e-14,-3.552713678800501e-14,4.7796874181478123e-14,1.034565839472708e-12,180000.06873412503,3.8034776999847963,True
77,A,Optimizer-A,197.99792439120495,80.85276947531872,1695.2150313239822,-32.058179631042606,-16.620730564702193,-92.77974542496584,24.071953053666583,1213.7963128082192,1.6248594445085348e-07,9.432666752415927e-08,1.2662376036587375e-07,-4.4146020172775025e-11,-3.115419033861144e-11,5.743530095969618e-10,5.768889271825532e-10,2.265673830000544e-07,180000.00000805996,14.664620000054128,True
78,T,ESPDI-T,421.2900604432185,501.2669247903179,1003.5960370406062,-44.24855334893865,-52.64861041418342,-102.57543407175369,18.74863970012501,1075.4039178837647,-1.4558474109409303e-11,-1.7975133209148508e-11,-9.701248723618938e-11,-2.131225751433874e-11,-2.5351720722710525e-11,-1.3800272036235128e-10,1.4192136164569844e-10,9.973202726322565e-11,180000.0,0.5985514000058174,True
78,T,Optimizer-T,421.2900604432185,501.2669247903179,1003.5960370406062,-44.24855334893865,-52.64861041418342,-102.57543407175369,18.74863970012501,1075.4039178843304,-3.8971492699602095e-11,-4.638467387962919e-11,-2.5220536770120816e-10,-2.0021317936880223e-11,-2.382982700055436e-11,-1.2963141671207268e-10,1.3331548306774058e-10,2.5937976542409067e-10,180000.0,6.926848400034942,True
78,A,ESPDI-A,223.2686832479029,-71.04249245507168,1593.245515074268,19.13772797016925,-11.00558316210256,-95.20464149741977,24.694946981696717,1269.12292491078,0.0,-5.684341886080802e-14,-1.1368683772161603e-12,-5.684341886080802e-14,4.263256414560601e-14,-9.947598300641403e-14,1.2224639458285405e-13,1.1382885756177522e-12,180000.0008859648,5.341397399897687,True
78,A,Optimizer-A,223.2686832479029,-71.04249245507168,1593.245515074268,19.13772797016925,-11.00558316210256,-95.20464149741977,23.513546429668683,1234.987635335805,4.226014862804096e-07,-1.919076455596945e-07,-2.2519605025195233e-07,1.0748912870894856e-10,-5.0737636314579504e-11,-7.840093019240157e-10,7.929683512176144e-10,5.158815965701397e-07,180000.00000310017,26.066948599996977,True
79,T,ESPDI-T,113.28860243606732,6.192616626936406,496.2589373997174,-17.122138210262882,-0.9359356147889102,-73.63481895798762,13.092000621465955,750.944547788562,4.3707447600419e-12,2.5152912555787086e-13,5.410489320022832e-11,-2.8851920852446256e-13,-1.4515949206539425e-14,-3.186423347401046e-12,3.1994918026667042e-12,5.428172938352785e-11,180000.0,0.4565468999790028,True
79,T,Optimizer-T,113.28860243606732,6.192616626936406,496.2589373997174,-17.122138210262882,-0.9359356147889102,-73.63481895798762,13.092000621465957,750.9445477889531,3.968525508213361e-11,2.1691121121492074e-12,4.685904997359103e-10,-1.5010215292932116e-13,-8.215650382226158e-15,-1.744382416291046e-12,1.7508478424725e-12,4.702729855743781e-10,180000.00000000003,9.328087200061418,True
79,A,ESPDI-A,127.294987974832,218.91240784948855,1464.1248708171663,-19.972550513736984,-34.44286287900698,-79.25792184945436,24.572023697793988,1184.6210442158117,1.8474111129762605e-13,-5.684341886080802e-14,-1.7053025658242404e-13,2.1316282072803006e-14,7.105427357601002e-15,4.263256414560601e-14,4.819135301037582e-14,2.5776155819154743e-13,180000.07844970268,4.279831499909051,True
79,A,Optimizer-A,127.294987974832,218.91240784948855,1464.1248708171663,-19.972550513736984,-34.44286287900698,-79.25792184945436,22.73796796817507,1125.956030697409,2.7828740632302554e-07,2.0140956544843678e-07,4.263984578756208e-07,1.3695156120263619e-11,2.343569782681243e-11,1.3131185028214531e-10,1.34087998188908e-10,5.47563090840528e-07,180000.00000028312,17.339524200069718,True
80,T,ESPDI-T,24.127131506670278,-346.3611962191209,412.42985165614084,-3.7906827803712844,54.41780022352178,-63.53170482677007,12.599280235609365,722.6825809554248,-2.1480511461354976e-12,3.0768788775517586e-11,-1.0524699492996115e-10,-1.5063991720687397e-13,2.1758567170238052e-12,-7.39663885696018e-12,7.711505120141392e-12,1.0967343538079811e-10,180000.0,0.4944251999258995,True
80,T,Optimizer-T,24.127131506670278,-346.3611962191209,412.42985165614084,-3.7906827803712844,54.41780022352178,-63.53170482677007,12.599280235609365,722.6825809557995,5.498795863090322e-12,-7.901945764388074e-11,2.715330182923026e-10,-1.2356782264077992e-13,1.77280412572145e-12,-6.121325668573263e-12,6.37406710160013e-12,2.828506522269392e-10,180000.0,25.207634899998084,True
80,A,ESPDI-A,-40.401537750426996,480.3524525122957,1063.3221475629357,21.8189325920099,-39.469721630061656,-84.25147363979396,20.132169200856886,1057.984603492594,1.7053025658242404e-13,1.1368683772161603e-13,2.8421709430404007e-13,2.1316282072803006e-14,0.0,5.684341886080802e-14,6.07087979554246e-14,3.5040636720219573e-13,180000.0116883715,3.854363799910061,True
80,A,Optimizer-A,-40.401537750426996,480.3524525122957,1063.3221475629357,21.8189325920099,-39.469721630061656,-84.25147363979396,19.440959010079045,1033.577759712838,-1.8564873888183674e-07,1.0853254167669435e-08,4.650728584465469e-07,1.4589485175520167e-10,-1.2918199843170441e-10,-5.135660785526852e-10,5.492935586072933e-10,5.008752449843037e-07,180000.0000079776,13.88483430002816,True
81,T,ESPDI-T,-292.3486329012999,-90.70206485682493,832.2651950835775,34.319549398971304,10.647746030313868,-95.4335996541906,16.802425768657738,963.7709610177772,1.5641201780492754e-12,2.7698410886678026e-13,-1.344461484010422e-11,6.914998088025648e-13,2.0152477776813615e-13,-5.451784856891351e-12,5.4991583308228475e-12,1.3538126174869852e-11,180000.0,0.500389999942854,True
81,T,Optimizer-T,-292.3486329012999,-90.70206485682493,832.2651950835775,34.319549398971304,10.647746030313868,-95.4335996541906,16.802425768657738,963.7709610182937,4.701661282524583e-11,1.455491283053334e-11,-3.5563019196160894e-10,-3.326228181776969e-13,-1.0580425424677742e-13,2.582822844487964e-12,2.6063012729533183e-12,3.590198334405974e-10,180000.0,2.9377217000583187,True
81,A,ESPDI-A,482.7233373863784,22.761416259027783,1301.4103928971954,-27.201093039434518,-5.5689182789949285,-68.14814193098496,23.72260547345509,1111.1868711907955,-4.547473508864641e-13,-6.394884621840902e-14,6.252776074688882e-13,0.0,-5.329070518200751e-15,2.842170943040401e-14,2.8916994303251375e-14,7.75794234622132e-13,180000.03071011094,3.831947600003332,True
81,A,Optimizer-A,482.7233373863784,22.761416259027783,1301.4103928971954,-27.201093039434518,-5.5689182789949285,-68.14814193098496,21.997338710076498,1051.7816015492062,-5.8305059252629754e-08,1.2242133326395002e-07,4.7680246240133783e-07,-4.292832755936615e-11,9.64783808399261e-13,1.1180389947185176e-11,4.4370860192386445e-11,4.957086351119526e-07,180000.0000016067,31.821923999930732,True
82,T,ESPDI-T,-81.4918868435313,383.61812333307034,863.8472475432854,9.344700541594847,-43.9896120181772,-96.68055660352971,17.19552969970473,986.3190239356791,2.795478001101255e-12,-1.3250109017794165e-11,-7.957415217203778e-11,2.0673046607910806e-13,-9.53188916685832e-13,-5.904776667620126e-12,5.984788558584926e-12,8.07181874185533e-11,180000.0,0.6541936999419704,True
82,T,Optimizer-T,-81.4918868435313,383.61812333307034,863.8472475432854,9.344700541594847,-43.9896120181772,-96.68055660352971,17.19552969970473,986.3190239361866,-1.6007084546743044e-11,7.544187496932864e-11,4.547207055338731e-10,8.759659664292485e-14,-4.0678571622265736e-13,-2.4655832930875476e-12,2.5004497111157106e-12,4.612142921634126e-10,180000.0,9.982298200018704,True
82,A,ESPDI-A,-366.58719786005634,319.3325722034675,987.0054873131969,9.712282176099336,-30.362125305472198,-76.6456033312516,19.813087415663674,1028.586682930627,-4.547473508864641e-13,-5.684341886080802e-14,4.547473508864641e-13,-5.684341886080802e-14,0.0,6.039613253960852e-14,8.293893593196879e-14,6.456171315449266e-13,180000.01394356586,3.826494500041008,True
82,A,Optimizer-A,-366.58719786005634,319.3325722034675,987.0054873131969,9.712282176099336,-30.362125305472198,-76.6456033312516,19.100732868673475,1003.339394780136,-1.7277319444352813e-07,2.1266043779723614e-08,6.994021717332544e-08,2.965006018484928e-10,-1.7175816324765947e-10,-1.0178133891258767e-09,1.0739448629341412e-09,1.876018531745202e-07,180000.0000056817,22.01081849995535,True
83,T,ESPDI-T,-420.8435868822712,-392.9627518633282,922.7150037251467,46.11112737165685,43.05627094789416,-98.49675810073093,17.984074371338405,1031.5491869162815,1.1100080300448581e-11,8.996011157140146e-12,-5.972652515791321e-11,1.2768570922805367e-12,1.117595599398058e-12,-7.2427758235349415e-12,7.438896799114991e-12,6.141170740872327e-11,180000.0,0.6674433000152931,True
83,T,Optimizer-T,-420.8435868822712,-392.9627518633282,922.7150037251467,46.11112737165685,43.05627094789416,-98.49675810073093,17.984074371338405,1031.5491869168181,-6.212808045802376e-11,-5.8122839874386045e-11,3.7136160813133756e-10,4.2810199829546036e-13,3.9968028886505635e-13,-2.5153212845907547e-12,2.582606593921557e-12,3.809824233351918e-10,180000.0,14.04154170001857,True
83,A,ESPDI-A,11.462486823087602,341.6542354406631,741.9604280662276,-9.589894909148612,-28.69277464842744,-75.16855704352731,16.79294619048533,901.2305531749571,-1.4210854715202004e-13,3.410605131648481e-13,4.192202140984591e-13,-1.7763568394002505e-14,1.1368683772161603e-13,1.1546319456101628e-13,1.6300917376474417e-13,5.588047071407732e-13,180000.02048199388,3.8061962999636307,True
83,A,Optimizer-A,11.462486823087602,341.6542354406631,741.9604280662276,-9.589894909148612,-28.69277464842744,-75.16855704352731,16.360882711945763,884.4870274268906,-6.2708467556307776e-09,4.407323956737793e-08,1.0471880429463454e-07,1.1675993505377846e-11,-1.680362515799061e-10,-4.0591174865767243e-10,4.39473387553436e-10,1.1378840862712714e-07,180000.00000905272,11.337524499977008,True
84,T,ESPDI-T,351.84321843002607,173.08046111355318,1109.9343806549477,-36.103782430475846,-17.760351723967993,-110.92557094148746,19.183215876908978,1100.3307888785348,-1.063195291897169e-11,-5.002989891128313e-12,-8.852231320470756e-11,3.3889436396039585e-11,1.668697645340611e-11,2.8077937891390903e-10,2.833090339288146e-10,8.929875847868382e-11,180000.0,0.7007244999986142,True
84,T,Optimizer-T,351.84321843002607,173.08046111355318,1109.9343806549477,-36.103782430475846,-17.760351723967993,-110.92557094148746,19.183215876908978,1100.3307888791169,-7.311262706366506e-11,-3.597366848850925e-11,-6.060183466161106e-10,3.519362579140761e-11,1.731104148916529e-11,2.915427899097267e-10,2.9416910409173203e-10,6.114718288653993e-10,180000.0,1.7414142000488937,True
84,A,ESPDI-A,-117.80135335974506,120.01819944673468,947.26432645411,22.02565211997367,-33.02944502183958,-78.05540701783622,19.11976810446084,999.3718779841183,-9.947598300641403e-14,-3.979039320256561e-13,2.2737367544323206e-13,-1.5987211554602254e-14,-2.842170943040401e-14,1.0658141036401503e-14,3.4307148972040065e-14,4.689582056016661e-13,180000.05003666543,3.854821200016886,True
84,A,Optimizer-A,-117.80135335974506,120.01819944673468,947.26432645411,22.02565211997367,-33.02944502183958,-78.05540701783622,18.148692031742215,968.5349237366772,-1.6647859736833318e-08,3.0413308741915247e-08,8.383653771204536e-08,2.5875648845818944e-11,-4.513256435245694e-11,-1.4552981042470492e-10,1.545490966989822e-10,9.072312625781553e-08,180000.00000729322,14.122546599945053,True
85,T,ESPDI-T,210.80528852977693,-258.68253119032545,436.8462137896082,-32.495602221945816,39.875871682125876,-66.02429757374279,12.838877837204002,736.4256686456047,-6.864239103336611e-12,7.849000312545873e-12,-4.110388049892444e-11,-6.052033874048846e-13,6.653705364456641e-13,-3.5344921434088405e-12,3.647139125769013e-12,4.240582007748443e-11,180000.0,0.540326299960725,True
85,T,Optimizer-T,210.80528852977693,-258.68253119032545,436.8462137896082,-32.495602221945816,39.875871682125876,-66.02429757374279,12.838877837204002,736.4256686459994,-6.080025372057207e-11,7.457745532235549e-11,-3.5858249702869216e-10,2.473576898864849e-13,-3.0109248427834245e-13,1.4939161019356106e-12,1.5439002009383159e-12,3.712679286851692e-10,180000.00000000003,14.009715700056404,True
85,A,ESPDI-A,467.0650078251681,-312.67541329136964,1423.2209066657392,-36.71228449113474,40.871442784269405,-81.65675327923012,24.01246872542475,1178.8948195939356,1.1368683772161603e-13,9.947598300641403e-14,-6.252776074688882e-13,-1.4210854715202004e-14,-8.881784197001252e-16,-9.237055564881302e-14,9.346152579276814e-14,6.432668611612528e-13,180000.03975249446,3.8091421000426635,True
85,A,Optimizer-A,467.0650078251681,-312.67541329136964,1423.2209066657392,-36.71228449113474,40.871442784269405,-81.65675327923012,22.51587266610533,1129.684599983977,-6.696777250250686e-08,9.024880360960938e-08,9.634490538701357e-09,-1.8109957977685553e-12,2.9158135281259767e-10,-4.249578466897219e-10,5.153757236007234e-10,1.1279340634475795e-07,180000.0000153269,21.195218400098383,True
86,T,ESPDI-T,72.39880402595637,-234.7694594963682,524.1763883460052,-10.511594570170516,34.086217429767714,-74.62242741219877,13.622186270940205,781.3554860630084,8.653280457633639e-14,-6.804568844151482e-13,4.520028015070343e-12,-2.248132235926903e-13,7.162465065491119e-13,-4.341527137796675e-12,4.4059514218691665e-12,4.571778948597205e-12,180000.0,0.42291279998607934,True
86,T,Optimizer-T,72.39880402595637,-234.7694594963682,524.1763883460052,-10.511594570170516,34.086217429767714,-74.62242741219877,13.622186270940205,781.3554860634249,3.129052572603541e-12,-1.0141443240740955e-11,6.183054068742422e-11,-3.1530333899354446e-14,1.092459456231154e-13,-6.696865284538944e-13,6.792708480300934e-13,6.273480375920936e-11,180000.00000000003,2.0627832000609487,True
86,A,ESPDI-A,218.17765852142065,312.6990768377267,1177.5687099550094,-34.89771724715811,-15.551429702401371,-65.17114021231002,22.598550756246638,1073.2667150589423,-1.1368683772161603e-13,-3.410605131648481e-13,1.7621459846850485e-12,-2.842170943040401e-14,1.4210854715202004e-14,2.1316282072803006e-13,2.1551828251777893e-13,1.7984452846981611e-12,180000.05295514406,4.475510300020687,True
86,A,Optimizer-A,218.17765852142065,312.6990768377267,1177.5687099550094,-34.89771724715811,-15.551429702401371,-65.17114021231002,20.941706594354855,1019.644996947749,-5.468598138238969e-08,1.0625745904187088e-08,5.228198318718569e-09,2.6055868573848784e-10,2.8189006684442575e-11,5.544293912862486e-10,6.132514971312046e-10,5.595352619304052e-08,180000.0000205823,20.004507899982855,True
87,T,ESPDI-T,184.07399011791497,246.45354470089976,498.934432070885,-27.022601975511183,-36.18010366179433,-71.79460725807155,13.474213093348382,772.8678870974745,-1.2840897507630789e-11,-1.700492676358356e-11,-9.417076536968882e-11,-8.743769597252538e-13,-1.1443068714811488e-12,-6.386557949156213e-12,6.5469149774338574e-12,9.655148488422797e-11,180000.0,0.5514361999230459,True
87,T,Optimizer-T,184.07399011791497,246.45354470089976,498.934432070885,-27.022601975511183,-36.18010366179433,-71.79460725807155,13.474213093348382,772.8678870978911,-7.352474185040592e-11,-9.83997328063424e-11,-5.550599979642357e-10,-2.7533531010703882e-14,-3.597122599785507e-14,-1.971756091734278e-13,2.0231224699117574e-13,5.684892227831463e-10,180000.0,10.577571100089699,True
87,A,ESPDI-A,467.1839181094149,-118.58239391123772,1292.1002374175423,-37.8095509301407,-22.602390328491726,-92.36368059187072,22.04064895803186,1167.5078325370923,-9.094947017729282e-13,3.410605131648481e-13,1.3358203432289883e-12,-7.105427357601002e-14,0.0,2.2737367544323206e-13,2.382173337059642e-13,1.6516412672180691e-12,180000.01202285485,3.862740400014445,True
87,A,Optimizer-A,467.1839181094149,-118.58239391123772,1292.1002374175423,-37.8095509301407,-22.602390328491726,-92.36368059187072,21.30682513706195,1143.4672426918496,1.974860147652615e-08,1.7014664980094504e-08,1.972280614381816e-07,-2.582467573120084e-11,9.598544181699253e-11,-2.6772539740704815e-10,2.8558187500992915e-10,1.989432439248105e-07,180000.00000723163,14.15225379995536,True
88,T,ESPDI-T,358.6157002480907,-217.7234109902595,1018.9154338365183,-38.16213174612216,23.169062282207264,-105.66786680896806,18.508619414695257,1061.6365854558535,-1.169647831280457e-11,6.498085679566487e-12,-8.058040836694293e-11,-1.0221719304315258e-12,5.81010933808912e-13,-7.175919580770795e-12,7.271604430265533e-12,8.16837495160707e-11,180000.0,0.6672624000348151,True
88,T,Optimizer-T,358.6157002480907,-217.7234109902595,1018.9154338365183,-38.16213174612216,23.169062282207264,-105.66786680896806,18.508619414695257,1061.6365854564137,-1.4769074851983532e-11,8.888667579753928e-12,-1.0913581149907259e-10,4.218847493575595e-14,-2.930988785010413e-14,3.979039320256561e-13,4.0120627620298833e-13,1.1048872944734211e-10,180000.0,6.1699153999798,True
88,A,ESPDI-A,-84.25437303585937,138.2016836997974,1611.7737990164321,-16.362473270801065,19.57670512599229,-99.80261224399301,24.58506529664188,1275.8270456397531,-6.821210263296962e-13,5.684341886080801e-13,-9.663381206337363e-13,-8.526512829121202e-14,-2.842170943040401e-14,-7.105427357601002e-14,1.1457157353758233e-13,1.3123322310792896e-12,180000.01017917276,3.9678483000025153,True
88,A,Optimizer-A,-84.25437303585937,138.2016836997974,1611.7737990164321,-16.362473270801065,19.57670512599229,-99.80261224399301,23.44068809306941,1241.776243008435,-2.6271914956105057e-08,3.645682642295661e-08,2.7338512254004854e-07,8.031264542296412e-11,-1.1720224790678913e-10,-1.1468408445125533e-09,1.1556082426893231e-09,2.770536751868341e-07,180000.00001431955,14.399127800017595,True
89,T,ESPDI-T,-404.8798126415281,250.21509285952695,808.0024941606775,47.38408796280761,-29.283292472216043,-92.28043048329761,16.853386852874685,966.6940397319177,4.811484466193472e-12,-3.1691601298393162e-12,-2.4152694018506234e-11,1.0739031192086301e-12,-6.518188766513333e-13,-5.7136656517187134e-12,5.850137685305813e-12,2.4830356160324623e-11,180000.0,0.6651588999666274,True
89,T,Optimizer-T,-404.8798126415281,250.21509285952695,808.0024941606775,47.38408796280761,-29.283292472216043,-92.28043048329761,16.853386852874685,966.6940397324361,7.867528850624694e-11,-4.867151126575209e-11,-4.28402202601319e-10,-4.4497738826976274e-13,2.7622348852673895e-13,2.398081733190338e-12,2.454607970887905e-12,4.382774968260349e-10,180000.0,14.13180640002247,True
89,A,ESPDI-A,464.7360688641361,-271.3894269729842,1243.7124725937028,-26.29419148605478,-3.8039008804892234,-77.60324762881913,22.50579024151854,1128.2752176039485,3.410605131648481e-13,1.1368683772161603e-13,-6.252776074688882e-13,0.0,-2.842170943040401e-14,-9.237055564881302e-14,9.664426065637204e-14,7.212621278796132e-13,180000.01056928764,4.018691600067541,True
89,A,Optimizer-A,464.7360688641361,-271.3894269729842,1243.7124725937028,-26.29419148605478,-3.8039008804892234,-77.60324762881913,21.503524957348247,1094.8203820395447,-2.1056536590801046e-08,5.772535481001148e-08,8.057818945417239e-08,7.255884781898203e-11,-1.1332623728321778e-10,2.454392244999326e-10,2.7990719064846955e-10,1.0133330615771874e-07,180000.0000138255,28.801015899982303,True
90,T,ESPDI-T,-159.86566963337052,264.46190223328335,312.3349108679854,28.220338314268503,-46.684221630410505,-54.13187733307998,11.226622405468232,643.9482497155022,3.4727533255814636e-12,-5.537798498880689e-12,-2.0618844596921506e-11,1.2839763974259455e-12,-2.1141517356215722e-12,-7.519039210701628e-12,7.915439571018604e-12,2.163016366989722e-11,180000.0,0.37254579993896186,True
90,T,Optimizer-T,-159.86566963337052,264.46190223328335,312.3349108679854,28.220338314268503,-46.684221630410505,-54.13187733307998,11.226622405468232,643.948249715846,6.643552374896444e-11,-1.0976686226626953e-10,-3.866853504064238e-10,5.520028878436278e-13,-9.068301665138279e-13,-3.197442310920451e-12,3.36907783684965e-12,4.074162528502271e-10,180000.0,20.25059459998738,True
90,A,ESPDI-A,271.5697413523832,94.93250397411748,848.0636922007524,-18.889978633819705,-28.56580679526553,-85.4229129293484,17.493452324607865,967.1885050136261,5.684341886080802e-14,0.0,1.5631940186722204e-13,2.842170943040401e-14,-3.552713678800501e-14,6.039613253960852e-14,7.561523550873788e-14,1.6633378991627446e-13,180000.0019816176,4.337424600031227,True
90,A,Optimizer-A,271.5697413523832,94.93250397411748,848.0636922007524,-18.889978633819705,-28.56580679526553,-85.4229129293484,17.194294533560395,956.0250645169399,-1.8949181408242228e-08,3.835658132831911e-08,8.497193881851217e-08,1.1809042632648925e-10,-1.0565925911976137e-10,1.028226392918441e-10,1.8889606395753603e-10,9.513426929248685e-08,180000.0000168966,11.618241099989973,True
91,T,ESPDI-T,-384.3950657986694,-384.9572936702204,580.3064704262549,50.73007086646702,50.80427020538836,-74.79057338374326,14.969319082486237,858.6257268174195,3.327569556704768e-12,3.80385523426896e-12,-1.467772214533425e-11,1.2063378074245179e-11,1.210115341265805e-11,-5.261359403707644e-11,5.5318652206802275e-11,1.552345197350187e-11,180000.0,0.5877583000110462,True
91,T,Optimizer-T,-384.3950657986694,-384.9572936702204,580.3064704262549,50.73007086646702,50.80427020538836,-74.79057338374326,14.969319082486237,858.6257268178815,1.3629586348429257e-10,1.3662448949958161e-10,-5.953761927912637e-10,1.0319745058495755e-11,1.0331291377951857e-11,-4.508748929765716e-11,4.739318949780484e-11,6.258718914255298e-10,180000.0,19.277516399975866,True
91,A,ESPDI-A,-455.51499705079414,-52.06436448925098,1110.0059710461794,19.000182019410204,20.75981079599464,-55.12043312381698,22.526863938409406,1048.0028167311084,4.547473508864641e-13,0.0,-5.684341886080802e-14,8.526512829121202e-14,7.105427357601002e-15,-4.263256414560601e-14,9.559374836295625e-14,4.582862941503293e-13,180000.0138469726,3.854825700051151,True
91,A,Optimizer-A,-455.51499705079414,-52.06436448925098,1110.0059710461794,19.000182019410204,20.75981079599464,-55.12043312381698,21.043594337949227,1000.7557623460089,1.4164447735499577e-07,-1.784063830595994e-07,2.013618107810089e-07,2.4291679778798425e-11,-1.9452883748272143e-11,7.227285436783859e-11,7.868841001744971e-11,3.0403712655296764e-07,180000.00000550726,27.602486399933696,True
92,T,ESPDI-T,144.87503082682048,-341.7645567618642,734.1708557977024,-17.86915604011204,42.153876750905866,-88.49937643128337,16.00287568477451,917.909538188971,-7.82441387427998e-12,1.8585023544946807e-11,-1.080195462089639e-10,-3.746365197232482e-13,8.81990661061316e-13,-5.1915173548966465e-12,5.2792151399903e-12,1.098856083198921e-10,180000.0,0.6104130999883637,True
92,T,Optimizer-T,144.87503082682048,-341.7645567618642,734.1708557977024,-17.86915604011204,42.153876750905866,-88.49937643128337,16.00287568477451,917.9095381894658,-3.3623992479192566e-11,7.907363652748245e-11,-4.6083137306141e-10,1.503241975342462e-13,-3.739231146937527e-13,2.149391775674303e-12,2.186847243271218e-12,4.687736844806731e-10,180000.0,31.664538500015624,True
92,A,ESPDI-A,122.22673050473315,258.89910560028966,1018.6371010663391,4.817958005929697,-26.845965309871765,-96.97354969525936,18.863712965868512,1046.3461489730398,5.684341886080801e-13,-5.684341886080802e-14,1.4210854715202004e-13,2.842170943040401e-14,-3.552713678800501e-14,-8.881784197001252e-15,4.635576669436108e-14,5.886794035975521e-13,180000.01570087002,3.8678063000552356,True
92,A,Optimizer-A,122.22673050473315,258.89910560028966,1018.6371010663391,4.817958005929697,-26.845965309871765,-96.97354969525936,18.584900695443817,1035.7799881427254,-1.953988813283629e-08,5.413214083959176e-09,2.090225894590958e-07,8.543032947727625e-11,2.16293649657473e-11,-5.808260539197363e-10,5.874734679416509e-10,2.1000369763208512e-07,180000.00002553957,11.797727399971336,True
93,T,ESPDI-T,-280.79813599908437,-60.09031357415916,626.4957422563555,37.47873423058823,8.020384053710252,-81.86513907438979,14.803352085865177,849.1060197207753,6.939211519239592e-12,1.4030137948916341e-12,-4.075896488131862e-11,7.350439701347966e-13,1.4702388612120032e-13,-4.295189204306382e-12,4.360109627281382e-12,4.1369243677084164e-11,180000.0,0.9001353000057861,True
93,T,Optimizer-T,-280.79813599908437,-60.09031357415916,626.4957422563555,37.47873423058823,8.020384053710252,-81.86513907438979,14.803352085865177,849.106019721221,-3.362954359431569e-11,-7.187972439481882e-12,2.0325607863469486e-10,1.687538997430238e-13,3.83026943495679e-14,-1.0551559626037488e-12,1.069251645072926e-12,2.0614472259096518e-10,180000.0,7.731765500037,True
93,A,ESPDI-A,-260.1847138318061,347.9341016932806,1774.9708573986543,-35.42742047366768,25.59559008965681,-55.17732023450256,30.073368586743754,1405.5394292269557,1.3642420526593924e-12,9.094947017729282e-13,-7.958078640513122e-13,0.0,5.684341886080802e-14,-2.842170943040401e-14,6.355287432313019e-14,1.8225386545374702e-12,179999.99999999092,3.7649722000351176,True
93,A,Optimizer-A,-260.1847138318061,347.9341016932806,1774.9708573986543,-35.42742047366768,25.59559008965681,-55.17732023450256,27.680500302637874,1340.3505388985868,-2.3377328790157385e-08,4.013222187347218e-08,2.048891190042923e-08,-4.346745186012413e-11,3.157296646350005e-11,-3.979501173034805e-10,4.015601666554732e-10,5.0763079543387344e-08,180000.00000114721,26.152089899987914,True
94,T,ESPDI-T,-296.0748218397824,-279.16719814761524,501.48891278098483,42.50312757064181,40.075947568508894,-70.47462781607838,13.775535345271289,790.1514412884098,1.0153287842743553e-11,9.342895839839437e-12,-4.9543080067205825e-11,7.214996829152387e-13,6.569931230993031e-13,-3.5375001539161843e-12,3.669619748039788e-12,5.142854984575455e-11,180000.0,0.43667049997020513,True
94,T,Optimizer-T,-296.0748218397824,-279.16719814761524,501.48891278098483,42.50312757064181,40.075947568508894,-70.47462781607838,13.77553534527129,790.1514412888282,9.892087149410145e-12,9.249045973547254e-12,-4.725109192804666e-11,-5.417888360170764e-14,-5.551115123125783e-14,2.575717417130363e-13,2.68998218336914e-13,4.915347320368147e-11,180000.0,16.4857275999384,True
94,A,ESPDI-A,259.7762649498808,175.27729612047926,1448.376777685051,-44.22430579026802,-25.914008557586214,-66.53511610648849,25.234148236626893,1182.4007473251386,4.547473508864641e-13,2.5579538487363607e-13,1.1937117960769683e-12,7.105427357601002e-14,2.4868995751603507e-14,1.2789769243681803e-13,1.4840820891638929e-13,1.3027564178134798e-12,180000.0951541047,3.7574644000269473,True
94,A,Optimizer-A,259.7762649498808,175.27729612047926,1448.376777685051,-44.22430579026802,-25.914008557586214,-66.53511610648849,23.173802192829957,1121.241452445689,-1.5213015408425125e-07,-6.845266674723136e-08,7.640640120598619e-09,1.269784277724284e-11,3.890887612101324e-12,-3.219682298549742e-10,3.222420134829583e-10,1.669961998009477e-07,180000.00000299283,24.60013609996531,True
95,T,ESPDI-T,274.37155728029444,-45.1860301490296,757.1253328081195,-33.68362026322918,5.54732821371806,-90.87565695103616,16.07687010853503,922.1537870777629,-2.418203905907068e-12,4.444778839410418e-13,-1.8237285357756788e-11,-6.19083777297913e-13,1.0286324743369324e-13,-4.550651522272631e-12,4.593721241885305e-12,1.840227833557864e-11,180000.0,0.49672430008649826,True
95,T,Optimizer-T,274.37155728029444,-45.1860301490296,757.1253328081195,-33.68362026322918,5.54732821371806,-90.87565695103616,16.07687010853503,922.1537870782631,-8.463540979164463e-11,1.3954448707664824e-11,-6.250200357271751e-10,5.759837051755312e-13,-9.481304630298837e-14,4.234834705130197e-12,4.274876807833431e-12,6.308786922140688e-10,180000.0,36.67139039991889,True
95,A,ESPDI-A,431.9440117131859,56.948139295572105,1714.1249662289881,2.134239851595858,0.5799304851821603,-64.5265123578904,27.814485594358132,1264.2264116576425,-6.821210263296962e-13,-1.1368683772161603e-13,-1.3642420526593924e-12,-5.684341886080802e-14,-3.552713678800501e-15,-1.7053025658242404e-13,1.7978977849793401e-13,1.5294999738073e-12,180000.04719398968,3.872093199985102,True
95,A,Optimizer-A,431.9440117131859,56.948139295572105,1714.1249662289881,2.134239851595858,0.5799304851821603,-64.5265123578904,25.90033427812871,1204.065900547117,-3.67487085302826e-07,-3.504567045308592e-08,3.8709661254188177e-07,1.8333778939449985e-11,2.4433788325950445e-12,5.0309978405493894e-11,5.3602159261371696e-11,5.349006864112932e-07,180000.00000011054,29.59798530000262,True
96,T,ESPDI-T,343.99771540119553,392.8709462454097,634.4616055657409,-44.08714568101955,-50.35079555909509,-79.41031210561518,15.408890772372553,883.8391356329594,9.797615057585349e-13,9.13217906243352e-13,1.9616382357454804e-12,-9.053625904531515e-13,-1.0588682708423391e-12,-4.921819896086532e-12,5.115192520785697e-12,2.375273483283212e-12,180000.0,0.7602144000120461,True
96,T,Optimizer-T,343.99771540119553,392.8709462454097,634.4616055657409,-44.08714568101955,-50.35079555909509,-79.41031210561518,15.408890772372551,883.8391356334178,8.402256668205155e-11,9.593570382548933e-11,4.39550618125395e-10,-4.5075054799781356e-13,-5.275779813018744e-13,-2.405187160547939e-12,2.50328581271487e-12,4.5767695689727336e-10,180000.0,13.424348499975167,True
96,A,ESPDI-A,110.14633093145085,-302.83645028378714,1602.8225546576637,-12.277605716777288,43.02199748499088,-99.39449102981656,24.5717224140145,1252.3718182342018,1.3500311979441904e-13,-3.979039320256561e-13,-1.0231815394945443e-12,1.9539925233402755e-14,-3.907985046680551e-14,-1.2789769243681803e-13,1.351549596622253e-13,1.1060984785443518e-12,180000.05507282657,3.744999699993059,True
96,A,Optimizer-A,110.14633093145085,-302.83645028378714,1602.8225546576637,-12.277605716777288,43.02199748499088,-99.39449102981656,23.18335292277429,1207.6148109979404,9.991392112717972e-09,-1.2173151897889553e-08,7.666659485039418e-08,-1.3188283798371003e-11,5.0221771186187425e-11,-2.4089885641842557e-10,2.4643136195364696e-10,7.8267364267833e-08,180000.00000026854,17.420315900002606,True
97,T,ESPDI-T,275.50171522396295,277.57658591081605,585.6003482707899,-37.285646220490925,-37.5664535262472,-77.54696561497256,14.601836032999723,837.5472529924064,1.080120568469823e-11,1.0191163858751381e-11,6.347001231676191e-11,6.124779503013933e-12,6.142448528978495e-12,3.627055253363487e-11,3.729337178356037e-11,6.518411101279963e-11,180000.0,0.5344081999501213,True
97,T,Optimizer-T,275.50171522396295,277.57658591081605,585.6003482707899,-37.285646220490925,-37.5664535262472,-77.54696561497256,14.601836032999723,837.547252992852,1.7454260259341936e-11,1.7510215499783044e-11,1.0313883080925734e-10,6.831868404333363e-12,6.87894186057747e-12,4.0463632444698305e-11,4.160889108874418e-11,1.060607244400598e-10,180000.0,36.68832179997116,True
97,A,ESPDI-A,256.8741008564449,228.0223450793685,1442.27617027748,-40.90619957391432,-14.22820591956966,-58.32105007549056,25.768434301567332,1162.658254094602,5.684341886080802e-14,0.0,5.684341886080801e-13,4.263256414560601e-14,0.0,-1.4210854715202004e-14,4.4938668397781776e-14,5.712692894303979e-13,180000.09807541405,4.170848599984311,True
97,A,Optimizer-A,256.8741008564449,228.0223450793685,1442.27617027748,-40.90619957391432,-14.22820591956966,-58.32105007549056,23.53985244712568,1093.514365415207,3.1989182353809736e-07,-1.1751482896434369e-07,4.1030248709716943e-07,-6.328271240363392e-13,-4.636291350834654e-13,-8.942180329540861e-12,8.976525563370376e-12,5.333747694737454e-07,180000.00000000035,32.75672190007754,True
98,T,ESPDI-T,564.7619462463325,-528.0315488801871,1204.237093376183,-54.511137606219094,50.96589919477033,-112.8786973240616,20.373144079660932,1168.5839246637079,-1.138762695251927e-11,1.1212247493300187e-11,-6.836095101450668e-11,-1.4183376695342531e-12,1.3762949113704792e-12,-8.475636859017754e-12,8.703004630231129e-12,7.020407513149462e-11,180000.0,0.6303994000190869,True
98,T,Optimizer-T,564.7619462463325,-528.0315488801871,1204.237093376183,-54.511137606219094,50.96589919477033,-112.8786973240616,20.373144079660932,1168.5839246643227,-9.399503397844455e-11,8.776890325634668e-11,-5.385700774240831e-10,5.53335155473178e-13,-5.186961971048731e-13,3.2009950245992513e-12,3.289619231261081e-12,5.537112741203793e-10,180000.0,1.6397015999536961,True
98,A,ESPDI-A,-222.43767083096878,-296.8607053422991,1765.244485287867,-5.965267299284484,-8.738571790136277,-96.31651184229024,26.146070307710083,1317.1293768580017,-3.410605131648481e-13,4.547473508864641e-13,1.4779288903810084e-12,-5.684341886080802e-14,0.0,1.8474111129762605e-13,1.9328852131274408e-13,1.58347441779189e-12,180000.00051872223,3.8758674999698997,True
98,A,Optimizer-A,-222.43767083096878,-296.8607053422991,1765.244485287867,-5.965267299284484,-8.738571790136277,-96.31651184229024,24.840446198528785,1277.675828988018,1.554272638609806e-08,2.1837400901032804e-08,1.2218716705092447e-08,2.433608869978343e-13,9.592326932761353e-13,7.23474613550934e-11,7.235422942999188e-11,2.9457519575565803e-08,180000.00000009337,20.665867100004107,True
99,T,ESPDI-T,-89.4319355350191,172.1261462109508,538.1885903018538,12.917385938681235,-24.861587166187366,-76.23667010095642,13.692298610553717,785.3770623436521,4.560729425411372e-12,-9.126039388161061e-12,-7.428310473244631e-11,1.719839548552926e-13,-3.363836986736146e-13,-2.689723443971559e-12,2.716126778799405e-12,7.498042742274592e-11,180000.0,0.5857130999211222,True
99,T,Optimizer-T,-89.4319355350191,172.1261462109508,538.1885903018538,12.917385938681235,-24.861587166187366,-76.23667010095642,13.692298610553717,785.377062344065,-7.050693362486982e-12,1.347677525131985e-11,1.1484058148880649e-10,-1.9095836023552692e-14,2.886579864025407e-14,2.9665159217984183e-13,2.986637782313304e-13,1.1584340682470284e-10,180000.0,25.235029000090435,True
99,A,ESPDI-A,269.6567876863221,331.82286542504994,1639.8635403476733,-36.77308894618326,-28.630478029823145,-99.35335003888237,24.90951450287256,1262.137779847093,3.268496584496461e-13,-6.252776074688882e-13,4.547473508864641e-13,2.842170943040401e-14,-7.105427357601002e-14,7.105427357601002e-15,7.685694801574505e-14,8.394033230628315e-13,180000.0468701257,3.869040700024925,True
99,A,Optimizer-A,269.6567876863221,331.82286542504994,1639.8635403476733,-36.77308894618326,-28.630478029823145,-99.35335003888237,23.51486916790119,1216.5582766858752,-4.643727326058746e-08,-2.2972734779527632e-08,-8.25156192263421e-08,2.9437949300437083e-10,2.028004431053887e-10,1.4348451315981947e-09,1.4787047904488215e-09,9.743199837546014e-08,180000.00002712058,19.73767229996156,True
100,T,ESPDI-T,-160.26910267369507,-297.2396290268187,396.7922757288935,25.625210784101924,47.52524360673691,-62.21983541574463,12.382794849036248,710.2651876613527,-4.467938619447977e-12,-7.78310414435799e-12,3.041516631651156e-11,1.0229941893591388e-12,1.925685305659286e-12,-7.448056060788133e-12,7.76069069687341e-12,3.1711536192529946e-11,180000.0,0.3983572000870481,True
100,T,Optimizer-T,-160.26910267369507,-297.2396290268187,396.7922757288935,25.625210784101924,47.52524360673691,-62.21983541574463,12.382794849036248,710.2651876617238,-4.8546500153179295e-11,-9.00666208281109e-11,3.481464005972157e-10,8.473222123939195e-13,1.581845765485923e-12,-6.0538241086760536e-12,6.314188569894732e-12,3.6287005265427227e-10,180000.0,36.660135700018145,True
100,A,ESPDI-A,-129.96096371655676,40.93164686716989,1784.4824218243896,-6.050039090763562,-36.43553988517837,-95.24476764291067,26.375652368354544,1321.1744013986245,-1.1368683772161603e-13,-6.821210263296962e-13,1.7621459846850485e-12,2.842170943040401e-14,2.842170943040401e-14,2.1316282072803006e-13,2.1691928285568092e-13,1.8929797312633483e-12,180000.04605143654,3.8894794000079855,True
100,A,Optimizer-A,-129.96096371655676,40.93164686716989,1784.4824218243896,-6.050039090763562,-36.43553988517837,-95.24476764291067,24.804533129706627,1275.3121411194352,1.0051399703332193e-08,2.0658215498748717e-08,1.8921081590406175e-08,1.3233858453531866e-13,9.14823772291129e-14,-2.7604585284279892e-12,2.7651426389014948e-12,2.9762389556950828e-08,180000.00000000003,29.386365100042894,True
101,T,ESPDI-T,368.7070146053475,-237.93327722973643,592.3273682823508,-49.26172398875683,31.78947773254987,-77.38782872127534,14.788630903136779,848.2616268562688,-1.8913643763142363e-11,1.1888056294581673e-11,-8.391930412295773e-11,-1.7347026592950954e-12,1.0687041529511276e-12,-7.62567786694035e-12,7.893179638969608e-12,8.684181830975021e-11,180000.0,0.46693120000418276,True
101,T,Optimizer-T,368.7070146053475,-237.93327722973643,592.3273682823508,-49.26172398875683,31.78947773254987,-77.38782872127534,14.788630903136777,848.261626856729,-1.7204193625275366e-10,1.1096257246379082e-10,-7.764935361365133e-10,9.50350909079134e-14,-6.128431095930864e-14,4.938272013532696e-13,5.066090603907862e-13,8.030276034976414e-10,180000.0,12.499516600044444,True
101,A,ESPDI-A,-467.7541906989643,456.25637700979826,1583.4740206964289,24.878922587687953,-8.715982823733327,-95.3022701824861,24.702715284822084,1258.3252876098995,-2.2737367544323206e-13,2.2737367544323206e-13,-5.115907697472721e-13,1.4210854715202004e-14,5.684341886080802e-14,-7.105427357601002e-14,9.209686451197087e-14,6.042538309847401e-13,180000.0169867113,3.7850648999447003,True
101,A,Optimizer-A,-467.7541906989643,456.25637700979826,1583.4740206964289,24.878922587687953,-8.715982823733327,-95.3022701824861,23.703548680053654,1223.638797758942,-5.445727993606494e-08,5.2026738446747235e-08,1.9236027526403632e-07,5.3439919156517135e-11,7.119638212316204e-12,-7.864819906444609e-10,7.883276195946729e-10,2.0657892523463523e-07,180000.00001414763,20.194962700014003,True
102,T,ESPDI-T,57.8924603356096,-263.65410840288916,1027.2911425941265,-6.189810065081467,28.18966138995583,-107.10286757586715,18.422735612786077,1056.7103732861633,2.278228604032928e-14,-2.5852139439591637e-13,3.848497258721051e-12,-8.415317054311089e-14,3.844841112154995e-13,-3.85078080533674e-12,3.8708426212698835e-12,3.857237806293653e-12,180000.0,0.6989335999824107,True
102,T,Optimizer-T,57.8924603356096,-263.65410840288916,1027.2911425941265,-6.189810065081467,28.18966138995583,-107.10286757586715,18.422735612786077,1056.710373286718,-4.801159469991489e-13,2.1671553440683056e-12,-2.1618262735501048e-11,7.893685705084863e-14,-3.561595462997502e-13,3.659295089164516e-12,3.677434050993308e-12,2.1731920239800256e-11,180000.0,1.6567295999266207,True
102,A,ESPDI-A,210.2261979308778,121.9616541095877,951.3007731847906,-16.506628396756582,-39.03274041906508,-73.76426923899044,19.427371823038698,1004.6414993330945,0.0,3.410605131648481e-13,-3.126388037344441e-13,1.4210854715202004e-14,2.842170943040401e-14,-5.684341886080802e-14,6.51223174224333e-14,4.62671908852022e-13,180000.03394126837,3.791234300006181,True
102,A,Optimizer-A,210.2261979308778,121.9616541095877,951.3007731847906,-16.506628396756582,-39.03274041906508,-73.76426923899044,18.407255012996696,973.3137036406242,2.636149396878585e-09,4.165643655745733e-08,8.19514269778665e-08,-2.8117508321656715e-11,2.1493429258612196e-10,4.206839321341249e-10,4.732465690943191e-10,9.196871410439921e-08,180000.00001194546,14.572769699967466,True
103,T,ESPDI-T,251.08951222622122,-223.49499278925498,309.6780263489077,-43.98545624454491,39.15149278457221,-53.23027070813882,11.31213586688759,648.8532195113421,-1.1423743570028455e-11,1.0062966410671892e-11,-4.2279900446581115e-11,1.1078464534630683e-11,-9.857240024224723e-12,4.138033665723739e-11,4.395713615792722e-11,4.493723614007527e-11,180000.0,0.5003573000431061,True
103,T,Optimizer-T,251.08951222622122,-223.49499278925498,309.6780263489077,-43.98545624454491,39.15149278457221,-53.23027070813882,11.31213586688759,648.8532195116859,1.148503514514232e-11,-1.0179412868183135e-11,4.285460875053104e-11,1.1620926443356439e-11,-1.0346834500296609e-11,4.341593751178152e-11,4.611991484820139e-11,4.5519709684785756e-11,180000.0,35.42388209991623,True
103,A,ESPDI-A,161.63826494192563,-127.65494659951173,1777.189666359271,4.160542519549118,2.5883290372223655,-92.98466007213503,26.528029259652747,1287.1129533704752,-1.1368683772161603e-13,-1.7053025658242404e-13,1.7621459846850485e-12,-2.842170943040401e-14,0.0,1.2079226507921703e-13,1.2409095402129096e-13,1.7740247283572028e-12,180000.05516771562,3.904158500023186,True
103,A,Optimizer-A,161.63826494192563,-127.65494659951173,1777.189666359271,4.160542519549118,2.5883290372223655,-92.98466007213503,24.720163207740733,1227.5392161541768,2.752123449015308e-07,-1.1769449254082746e-07,-4.6210619686348764e-07,-2.3080204414327454e-11,6.686651232712393e-12,2.078230920687929e-10,2.0920765936635552e-10,5.505778469392665e-07,180000.00000340844,18.492524200002663,True
104,T,ESPDI-T,454.2386178008577,390.2256334318485,924.8872891135272,-49.603419769219,-42.613122577604,-98.37772610412924,18.04360686644204,1034.9639135044417,-1.6000073553394667e-11,-1.3860677037548508e-11,-9.013759638860919e-11,-1.2552459072168176e-12,-1.122157922139877e-12,-7.083111874806036e-12,7.2804776299927e-12,9.258999408342716e-11,180000.0,0.686314900056459,True
104,T,Optimizer-T,454.2386178008577,390.2256334318485,924.8872891135272,-49.603419769219,-42.613122577604,-98.37772610412924,18.04360686644204,1034.9639135049729,1.0298073505055072e-10,8.844258658768922e-11,5.719122952996258e-10,-6.812328479099961e-13,-5.804245972740318e-13,-3.7267966490617255e-12,3.83275151420621e-12,5.878016641935944e-10,180000.0,3.0713442000560462,True
104,A,ESPDI-A,-17.00199671714273,25.501190295978517,1614.1946139819881,-7.676833603052394,1.4650934351315854,-79.11985765825334,26.01450917758344,1216.1495621109207,-8.526512829121202e-14,7.105427357601002e-14,1.1368683772161603e-12,7.105427357601002e-15,3.552713678800501e-15,4.263256414560601e-14,4.3366397107056194e-14,1.1422734169234777e-12,180000.08134990677,3.8594808999914676,True
104,A,Optimizer-A,-17.00199671714273,25.501190295978517,1614.1946139819881,-7.676833603052394,1.4650934351315854,-79.11985765825334,23.850776696268774,1143.6643349280403,1.5002462291460405e-07,-2.0912781820334895e-08,2.2906509400399955e-07,1.645350522494482e-12,-6.890044090823721e-13,-2.099653784171096e-12,2.7550773911075198e-12,2.746189163462619e-07,180000.00000000154,22.023901000036858,True
105,T,ESPDI-T,198.19018154730864,63.583274260527624,565.0574347315908,-27.955668205971055,-8.968723398904963,-78.13299514179917,14.016892504411679,803.9954555049262,-5.350863578178905e-12,-1.7151693070373633e-12,-4.180497246118742e-11,-5.02625718823424e-13,-1.5629511573855837e-13,-3.8884312436593405e-12,3.9238958081341325e-12,4.218091119528741e-11,180000.0,0.5206153999315575,True
105,T,Optimizer-T,198.19018154730864,63.583274260527624,565.0574347315908,-27.955668205971055,-8.968723398904963,-78.13299514179917,14.016892504411679,803.9954555053482,3.336020348854163e-11,1.0715595077925855e-11,2.576250324182183e-10,-1.6342482922482304e-13,-5.3290705182007514e-14,-1.305622276959184e-12,1.3168891768702644e-12,2.5999689321828254e-10,180000.0,2.4472733000293374,True
105,A,ESPDI-A,-165.88489082076876,112.085368839676,1602.9677156750524,14.505215727659895,22.182791827199395,-70.05333000834594,26.450688979549447,1232.0516489438614,3.410605131648481e-13,1.1368683772161603e-13,1.2505552149377763e-12,4.618527782440651e-14,0.0,5.684341886080802e-14,7.32410687763558e-14,1.3012053321130676e-12,180000.0703456653,3.880781599902548,True
105,A,Optimizer-A,-165.88489082076876,112.085368839676,1602.9677156750524,14.505215727659895,22.182791827199395,-70.05333000834594,24.43102903648257,1172.2097642534081,-1.972075584476456e-08,-1.1839281966167745e-07,1.391414485851783e-07,4.264366637585226e-12,-7.582912076031789e-11,-1.8562928971732617e-11,7.818454265462077e-11,1.8375557317510975e-07,180000.00000345206,24.994808300049044,True
106,T,ESPDI-T,418.911255469503,239.884692389854,720.7364755992317,-51.35741325257976,-29.409229566357645,-86.28073648721075,16.09874338147046,923.4084169489415,1.3200399974488963e-13,-5.0043628095630677e-14,-3.863951476487659e-12,-1.5991930002456911e-12,-9.11687392246563e-13,-7.739753282720585e-12,7.955650383884414e-12,3.86652950762215e-12,180000.0,0.6435795000288635,True
106,T,Optimizer-T,418.911255469503,239.884692389854,720.7364755992317,-51.35741325257976,-29.409229566357645,-86.28073648721075,16.09874338147046,923.4084169494236,4.2797765331670234e-11,2.4487079031132453e-11,2.0319745885899465e-10,-7.229772336359019e-13,-4.1522341120980855e-13,-3.40349970429088e-12,3.50412853626699e-12,2.090944117943243e-10,180000.0,1.6487609000178054,True
106,A,ESPDI-A,-444.7807077424083,-280.7845942698291,1668.7987573636071,30.6812693645452,35.54000678791829,-65.98173553919128,27.35743619377321,1234.7560039862256,4.547473508864641e-13,5.684341886080802e-14,-7.958078640513122e-13,1.4210854715202004e-14,-1.0658141036401503e-14,-7.105427357601002e-14,7.32410687763558e-14,9.18333536299287e-13,180000.0841969284,4.246855600038543,True
106,A,Optimizer-A,-444.7807077424083,-280.7845942698291,1668.7987573636071,30.6812693645452,35.54000678791829,-65.98173553919128,25.055070482966308,1160.043354851061,-2.1698230978289165e-07,1.0811933781224174e-07,-5.376615064278667e-08,2.184918912462308e-13,4.5075054799781356e-13,-9.094947017729282e-13,1.0383137173387008e-12,2.483181687324132e-07,180000.00000000017,27.99338080000598,True
107,T,ESPDI-T,-17.147798032550103,-149.51320278883884,965.8885865974048,1.8947646608109778,16.52062453915127,-104.16686523021039,17.835349529182754,1023.018473195234,1.2371312606068371e-13,1.3260694693467863e-12,-1.5543137577792715e-11,2.0045597126649994e-14,1.8228127340869094e-13,-2.7185337314605817e-12,2.7247117164369247e-12,1.560009265797115e-11,180000.0,0.5417831999948248,True
107,T,Optimizer-T,-17.147798032550103,-149.51320278883884,965.8885865974048,1.8947646608109778,16.52062453915127,-104.16686523021039,17.835349529182754,1023.0184731957634,-4.4924064468432334e-12,-3.9217296077254105e-11,6.623679382755654e-10,-2.942091015256665e-15,-2.6867397195928788e-14,4.583000645652646e-13,4.590963538432336e-13,6.635431136578224e-10,180000.00000000003,2.016263799974695,True
107,A,ESPDI-A,-428.258973293829,72.126672388021,1135.4997253588936,27.084013176093762,8.481580381733146,-77.99067712814508,21.304912112949108,1070.0154799590346,-3.410605131648481e-13,1.1368683772161603e-13,8.810729923425242e-13,0.0,-1.4210854715202004e-14,5.684341886080802e-14,5.859285502108464e-14,9.515968624090878e-13,180000.0004712711,3.8219985000323504,True
107,A,Optimizer-A,-428.258973293829,72.126672388021,1135.4997253588936,27.084013176093762,8.481580381733146,-77.99067712814508,20.247907175006123,1033.5923596545454,1.3818138229829244e-07,-1.6353566342502023e-07,4.975481324720477e-07,1.5496937066927785e-11,1.0488054869028929e-11,-1.1661072107926884e-10,1.1810255976912235e-10,5.416568579388159e-07,180000.00000126555,19.28203310002573,True
108,T,ESPDI-T,-10.592488351041982,322.942159377877,848.8568726902643,1.2309482695806224,-37.52896194799429,-96.33073657440924,16.97102733236992,973.4417843456285,-3.3949359369198594e-13,1.0186848109841606e-11,7.493637199477987e-11,2.0347655851904456e-14,-5.882933029610626e-13,-4.014871768376338e-12,4.057794764883119e-12,7.56263643054006e-11,180000.0,0.6491521999705583,True
108,T,Optimizer-T,-10.592488351041982,322.942159377877,848.8568726902643,1.2309482695806224,-37.52896194799429,-96.33073657440924,16.97102733236992,973.4417843461488,1.1865647353559439e-12,-3.6281644355540266e-11,-2.537507981514864e-10,-1.8179902028236938e-14,5.559996907322784e-13,3.8760106235713465e-12,3.915727840257809e-12,2.563342217019208e-10,179999.99999999997,1.9332754999632016,True
108,A,ESPDI-A,-415.1037588117622,-313.1438309795764,1597.0391012699984,-6.514130040559941,8.008845162255945,-63.842144341792995,26.774155649137114,1243.9317566989957,2.2737367544323206e-13,-4.547473508864641e-13,-9.094947017729282e-13,8.526512829121202e-14,-2.842170943040401e-14,-9.947598300641403e-14,1.3406493525361332e-13,1.0419570787589327e-12,180000.0114594822,4.049407799961045,True
108,A,Optimizer-A,-415.1037588117622,-313.1438309795764,1597.0391012699984,-6.514130040559941,8.008845162255945,-63.842144341792995,25.25864245644297,1194.8463182807955,2.389675609399183e-07,7.66464390139374e-08,4.172372314314998e-07,8.305889309667691e-11,4.977085410473592e-11,-2.7991831075269147e-10,2.961928060156095e-10,4.868953471617014e-07,180000.0000037528,27.70652709994465,True
109,T,ESPDI-T,-426.4128667771173,-226.20464728392056,680.8856122720795,53.49587896040077,28.378638109215103,-83.434928400167,15.736813226821038,902.6484518242341,9.793005111263103e-12,4.882664530938413e-12,-4.381046919557999e-11,1.1853504289227601e-12,5.934211455560501e-13,-5.159303539947757e-12,5.326876881687607e-12,4.5156401242434856e-11,180000.0,0.6113795000128448,True
109,T,Optimizer-T,-426.4128667771173,-226.20464728392056,680.8856122720795,53.49587896040077,28.378638109215103,-83.434928400167,15.736813226821038,902.6484518247162,3.6838088135482394e-11,1.9597878875288188e-11,-1.638671420778337e-10,-1.5720758028692217e-13,-8.171241461241152e-14,6.981082378842984e-13,7.20240413892042e-13,1.6909630938209437e-10,180000.0,19.0950853000395,True
109,A,ESPDI-A,-334.8601273330669,359.0656615615636,1436.5031201450197,-5.430541038442222,23.271538440900088,-62.810533576645184,25.72716792556323,1253.2939403040655,-1.1368683772161603e-12,4.547473508864641e-13,1.7053025658242404e-13,5.684341886080802e-14,-1.1368683772161603e-13,-7.105427357601002e-14,1.4561792860887974e-13,1.2362626859460049e-12,179999.99999998408,3.926731099956669,True
109,A,Optimizer-A,-334.8601273330669,359.0656615615636,1436.5031201450197,-5.430541038442222,23.271538440900088,-62.810533576645184,24.26555595435607,1212.268472735468,1.4828680300599338e-07,-2.2204716886187667e-07,3.1558945678966666e-07,-6.545874953189923e-13,1.0942358130705543e-12,-2.2026824808563106e-13,1.2939686645158305e-12,4.13389194805706e-07,180000.00000000527,25.85711129999254,True
110,T,ESPDI-T,-97.4371321042538,-42.29437044787367,1104.6803693105467,10.122460963699439,4.393839438795979,-111.865954152449,18.95177959074957,1087.0558263822077,1.8476043571904294e-12,8.280932527019094e-13,-6.106174236455585e-11,2.5653719600005065e-13,1.1159524910056562e-13,-7.816939803784173e-12,7.821944306151682e-12,6.109530064490454e-11,180000.0,0.7208432999905199,True
110,T,Optimizer-T,-97.4371321042538,-42.29437044787367,1104.6803693105467,10.122460963699439,4.393839438795979,-111.865954152449,18.95177959074957,1087.055826382777,1.3089640482633058e-11,5.674183345405481e-12,-3.844462526103598e-10,-6.772360450213455e-14,-2.864375403532904e-14,1.98596694644948e-12,1.9873277695543506e-12,3.8471087350210214e-10,179999.99999999997,1.5914857999887317,True
110,A,ESPDI-A,-20.674218198128415,439.7376061081825,1281.1450008535628,10.654733526076633,-18.35942583169165,-71.10201877795154,23.300916858822067,1114.025927296425,-5.684341886080802e-14,-1.1368683772161603e-13,-5.115907697472721e-13,-1.0658141036401503e-14,2.842170943040401e-14,-4.973799150320701e-14,5.826883674891095e-14,5.271441804947985e-13,180000.0163698224,3.73522110003978,True
110,A,Optimizer-A,-20.674218198128415,439.7376061081825,1281.1450008535628,10.654733526076633,-18.35942583169165,-71.10201877795154,21.791222365192958,1063.300300535433,-4.645808242369553e-08,-1.3890429035341693e-07,1.848112347602182e-07,9.233525055662994e-11,4.5493742106827995e-10,1.6052332796334667e-09,1.6710080004675109e-09,2.3581337492744073e-07,180000.0000188754,20.18532079993747,True
111,T,ESPDI-T,185.68769984502669,366.30555150979,981.1564020303074,-20.104363858552176,-39.65981643968156,-103.56317475454331,18.196451757073827,1043.730949238392,-2.3255293090523876e-12,-5.586651150371602e-12,-3.566485279847542e-11,-4.2696748914217153e-13,-8.538100781940727e-13,-5.928452173620258e-12,6.004817904092754e-12,3.6174583380878485e-11,180000.0,0.5355209999252111,True
111,T,Optimizer-T,185.68769984502669,366.30555150979,981.1564020303074,-20.104363858552176,-39.65981643968156,-103.56317475454331,18.196451757073827,1043.7309492389322,2.3209656418998748e-11,4.568478928490549e-11,3.242686119619975e-10,-4.574118861455645e-14,-9.059419880941277e-14,-6.998845947236987e-13,7.07204363055933e-13,3.2829243187569023e-10,180000.0,2.0087557000806555,True
111,A,ESPDI-A,-140.5190720216628,237.1432282129058,1746.3918692905963,43.74918501468501,-22.125731483549842,-56.50205207760288,28.614992878914585,1280.3956419071583,9.094947017729282e-13,5.115907697472721e-13,5.684341886080801e-13,9.947598300641403e-14,6.394884621840902e-14,5.684341886080802e-14,1.312101383108156e-13,1.1882858052767275e-12,180000.10554217838,3.847706999978982,True
111,A,Optimizer-A,-140.5190720216628,237.1432282129058,1746.3918692905963,43.74918501468501,-22.125731483549842,-56.50205207760288,26.30647170003843,1214.5730461389248,3.394063128210694e-07,-1.287778533301374e-07,-2.0069587236548614e-07,-3.682920635128539e-11,1.0919043447188415e-11,1.5636913985872525e-10,1.6101839600003697e-10,4.148002095896957e-07,180000.0000003942,48.44019469991326,True
112,T,ESPDI-T,231.78709416681608,35.74473382818615,552.9280403199598,-32.91343782098052,-5.07570138238497,-76.9647641241537,13.924808493909612,798.7136053412742,-6.461084813870477e-12,-1.0465608279086255e-12,-4.292727870218449e-11,-5.390132784555135e-13,-9.04571556548106e-14,-3.651939861626374e-12,3.6926118892047375e-12,4.3423405708368414e-11,180000.0,0.5850552000338212,True
112,T,Optimizer-T,231.78709416681608,35.74473382818615,552.9280403199598,-32.91343782098052,-5.07570138238497,-76.9647641241537,13.924808493909612,798.7136053417053,-7.548828229175797e-11,-1.1641854147370623e-11,-4.897557914773643e-10,4.178879464689089e-13,6.38378239159465e-14,2.7409186031945865e-12,2.773326593263853e-12,4.956760522931971e-10,180000.00000000003,21.919479400035925,True
112,A,ESPDI-A,-397.58481807586224,489.1684477642207,888.5897452405159,17.281174563824457,-25.38562374226953,-57.930158683364496,20.000977422393063,987.8404511782628,-3.410605131648481e-13,3.410605131648481e-13,-1.2789769243681803e-12,-8.526512829121202e-14,0.0,-1.9895196601282805e-13,2.1645329030274947e-13,1.3669039909031027e-12,180000.02251443823,3.802628400037065,True
112,A,Optimizer-A,-397.58481807586224,489.1684477642207,888.5897452405159,17.281174563824457,-25.38562374226953,-57.930158683364496,19.28873363195633,959.1018249744757,5.018397640466903e-08,-4.933077205793736e-08,7.5366635599039e-08,-1.2541079286165768e-12,8.496314762851398e-12,3.24998694622991e-10,3.251121524303486e-10,1.0311200861749753e-07,180000.00000245377,36.202434099977836,True
113,T,ESPDI-T,264.30802607246085,-175.1973200646738,950.4650864437756,-29.20440209536488,19.358220244875795,-102.46035936057676,17.83571148079641,1023.0392343912263,1.93437212320062e-13,-3.8034102234872635e-13,5.14556181951259e-12,-4.831898769985798e-13,2.9402522083721294e-13,-4.321390467687536e-12,4.3582495180912915e-12,5.163224156166101e-12,180000.0,0.5410150000825524,True
113,T,Optimizer-T,264.30802607246085,-175.1973200646738,950.4650864437756,-29.20440209536488,19.358220244875795,-102.46035936057676,17.83571148079641,1023.0392343917556,4.5245363011758855e-11,-2.999023251959443e-11,4.3015191408812825e-10,1.8207657603852567e-14,-1.199040866595169e-14,2.2382096176443156e-13,2.248802161608504e-13,4.335634049528692e-10,180000.00000000003,1.6812032000161707,True
113,A,ESPDI-A,-363.3917341884375,-235.74419528570246,1115.8954574239199,12.715659777566849,42.74360804398333,-77.8186026190311,21.061437732726567,1081.669556318755,4.547473508864641e-13,2.842170943040401e-14,-3.126388037344441e-13,0.0,7.105427357601002e-15,0.0,7.105427357601002e-15,5.525811870718252e-13,180000.00210848602,3.752710000029765,True
113,A,Optimizer-A,-363.3917341884375,-235.74419528570246,1115.8954574239199,12.715659777566849,42.74360804398333,-77.8186026190311,20.1036445305339,1051.6456510285443,1.9480673038562094e-08,-2.823580988104008e-08,5.244461931397382e-08,1.15615073070785e-10,-1.219913059458122e-10,1.8815882185663213e-10,2.5229440360420907e-10,6.266734138816834e-08,180000.0000042833,20.391918299952522,True
114,T,ESPDI-T,194.6157493716231,146.3018086009019,315.7034557530485,-35.04034562670773,-26.34147521842615,-55.87778468252124,11.008915624412653,631.460798410144,1.0027093033920104e-11,7.497070401551315e-12,4.7559189388351325e-11,-1.8199781959271633e-12,-1.3709172685949511e-12,-8.4515658360651e-12,8.753325075211414e-12,4.9179519666155494e-11,180000.0,0.41581200005020946,True
114,T,Optimizer-T,194.6157493716231,146.3018086009019,315.7034557530485,-35.04034562670773,-26.34147521842615,-55.87778468252124,11.008915624412653,631.4607984104732,8.029932274666862e-11,6.031464216960103e-11,3.7544101161302024e-10,-1.6355805598777806e-12,-1.233679824963474e-12,-7.688072400924284e-12,7.956352614120726e-12,3.8864095318768024e-10,180000.0,24.21592659992166,True
114,A,ESPDI-A,265.4280154122482,-382.35884268421137,1703.2964444006384,-1.0936393941037963,13.743391437842362,-72.86865839808621,27.19275103065751,1252.2402865652912,-1.1368683772161603e-13,-4.547473508864641e-13,1.7053025658242404e-12,-2.842170943040401e-14,-2.842170943040401e-14,2.2737367544323206e-13,2.308990589380062e-13,1.7685521454614042e-12,180000.04765564878,3.8031130000017583,True
114,A,Optimizer-A,265.4280154122482,-382.35884268421137,1703.2964444006384,-1.0936393941037963,13.743391437842362,-72.86865839808621,25.18143785832826,1186.0970658342267,-1.152721587613432e-08,3.35117628142639e-08,1.9850595833759144e-07,-6.833911214698674e-11,8.019629404998341e-11,-3.2592595289315796e-10,3.4253380358397163e-10,2.0164456463862365e-07,180000.00000424054,28.123540500062518,True
115,T,ESPDI-T,272.88185713195446,242.27998655358385,388.23575880109115,-43.63910548523518,-38.74527240944639,-60.86415693270644,12.380437699984393,710.1299838617197,-9.214468455560811e-12,-8.332490655847766e-12,-3.6894352834328584e-11,-1.6810546010770366e-12,-1.4776374568370443e-12,-6.819649012168583e-12,7.1775322830915956e-12,3.892980992134749e-11,180000.0,0.5513200999703258,True
115,T,Optimizer-T,272.88185713195446,242.27998655358385,388.23575880109115,-43.63910548523518,-38.74527240944639,-60.86415693270644,12.380437699984395,710.1299838621053,-1.1972112190505868e-10,-1.0637579705985445e-10,-5.001439262741769e-10,-3.312905505481467e-13,-2.957634137601417e-13,-1.3553602684623911e-12,1.4262646609686408e-12,5.251598844345164e-10,180000.0,22.927600200055167,True
115,A,ESPDI-A,97.64732420915243,159.7263250239654,1712.0253126057569,-37.95259185913919,-10.378791618943922,-87.45048914769987,26.268611938276145,1283.478821036948,5.684341886080801e-13,-1.4210854715202004e-13,-1.5347723092418164e-12,2.842170943040401e-14,-1.4210854715202004e-14,-1.9895196601282805e-13,2.0147363782652157e-13,1.6428141426124995e-12,180000.0658259303,3.9864958999678493,True
115,A,Optimizer-A,97.64732420915243,159.7263250239654,1712.0253126057569,-37.95259185913919,-10.378791618943922,-87.45048914769987,24.481396602691134,1229.5998502202583,-2.421187924523771e-07,-2.5865699893756395e-08,-2.348629308812633e-07,6.817213460408311e-11,1.9148904684129775e-11,4.459970170955785e-10,4.5158328107363855e-10,3.38306281927676e-07,180000.00000392235,19.735104199964553,True
116,T,ESPDI-T,-194.35029403666397,365.3433027878305,488.0752842460024,28.149378956279705,-52.91572688525689,-69.20198405412762,13.654897336736688,783.2317612956831,-2.1246649459325667e-12,4.4185156564385125e-12,1.5786993660580305e-11,-6.299131355413934e-12,1.1901868379737834e-11,4.546696699692099e-11,4.7419179818512936e-11,1.6530778886001397e-11,180000.0,0.753143300069496,True
116,T,Optimizer-T,-194.35029403666397,365.3433027878305,488.0752842460024,28.149378956279705,-52.91572688525689,-69.20198405412762,13.654897336736688,783.2317612961051,9.495093600264681e-11,-1.7843237998249606e-10,-6.850644496125824e-10,-7.331468765414684e-12,1.3789858144264144e-11,5.292122295941226e-11,5.517759021031095e-11,7.142598228914931e-10,180000.0,20.570433599990793,True
116,A,ESPDI-A,-277.4593318263707,223.7853761693932,1636.3700322364512,9.548633029501687,-42.08502349416495,-95.64528779364765,25.086587259794047,1267.395080475817,1.1368683772161603e-13,3.979039320256561e-13,1.1368683772161603e-13,0.0,5.684341886080802e-14,4.263256414560601e-14,7.105427357601002e-14,4.2915840113384717e-13,180000.04235211102,3.8719665999524295,True
116,A,Optimizer-A,-277.4593318263707,223.7853761693932,1636.3700322364512,9.548633029501687,-42.08502349416495,-95.64528779364765,23.660833292647606,1222.811140725542,-1.4162084728560312e-07,-1.723113474600165e-07,-1.593343448291762e-07,1.8118839761882555e-13,-2.9753977059954195e-14,-2.085442929455894e-12,2.093510627295726e-12,2.7410782238294746e-07,180000.00000000015,28.816567400004715,True
117,T,ESPDI-T,311.0389886578527,-140.26815700163516,1137.9557270181149,-31.640794563509182,14.268937661615368,-112.73942486849776,19.347760445218018,1109.768906857029,-8.30997233915512e-12,3.96055440505215e-12,-8.443163442700685e-11,-7.287156988944332e-13,3.472673537618931e-13,-7.333300633405315e-12,7.377595771300214e-12,8.493198763415718e-11,180000.0,0.8578114999691024,True
117,T,Optimizer-T,311.0389886578527,-140.26815700163516,1137.9557270181149,-31.640794563509182,14.268937661615368,-112.73942486849776,19.347760445218018,1109.7689068576146,-5.898570520912472e-11,2.6577184897291772e-11,-5.641105360609799e-10,3.8813396940895473e-13,-1.765254609153999e-13,3.645084234449314e-12,3.669938458992396e-12,5.6780838059251e-10,179999.99999999997,2.490959699964151,True
117,A,ESPDI-A,457.46407469526275,422.00080955466115,1000.8556728678149,-12.995500118052163,-41.977995336480085,-55.21046376931406,21.308790020423352,1023.1208999946266,-4.547473508864641e-13,6.252776074688882e-13,1.7053025658242404e-13,-2.842170943040401e-14,8.526512829121202e-14,-2.1316282072803006e-14,9.237055564881302e-14,7.91737208895945e-13,180000.02242588985,3.7458875000011176,True
117,A,Optimizer-A,457.46407469526275,422.00080955466115,1000.8556728678149,-12.995500118052163,-41.977995336480085,-55.21046376931406,20.282010946823448,988.0844826017674,-1.265150622251529e-07,5.6741162937703996e-08,2.893723802799286e-07,2.4838797685333702e-11,-1.0544098927312007e-10,-7.286793390903767e-10,7.366874149234093e-10,3.208769156705247e-07,180000.00000385384,36.63096940005198,True
118,T,ESPDI-T,-86.54251217259139,258.29671877700537,587.5056935537843,11.904809872651327,-35.531361992791815,-79.16556001338708,14.3687002154126,824.1748070100693,9.738825143459223e-13,-2.761386551277528e-12,-1.896720085679815e-11,2.134438459311383e-13,-6.56780185792627e-13,-4.042530199477312e-12,4.1010936226208916e-12,1.9191883992444557e-11,180000.0,0.5947659999364987,True
118,T,Optimizer-T,-86.54251217259139,258.29671877700537,587.5056935537843,11.904809872651327,-35.531361992791815,-79.16556001338708,14.368700215412598,824.1748070105168,3.9569014731455354e-11,-1.1796430499089183e-10,-7.30455695929777e-10,-2.1338486533295509e-13,6.501466032204917e-13,4.037659095956769e-12,4.095230723853632e-12,7.409769280450351e-10,180000.0,2.141925700008869,True
118,A,ESPDI-A,-287.5470958127173,-97.0042861912388,1176.9030310235175,-3.3263049295738654,-10.348028869119858,-84.43809783297951,21.334659269338335,1112.4616847612324,2.2737367544323206e-13,5.684341886080802e-14,-6.821210263296962e-13,2.842170943040401e-14,2.842170943040401e-14,-1.1368683772161603e-13,1.2058310082691391e-13,7.212621278796132e-13,180000.01524855907,4.226595100015402,True
118,A,Optimizer-A,-287.5470958127173,-97.0042861912388,1176.9030310235175,-3.3263049295738654,-10.348028869119858,-84.43809783297951,20.482817747491147,1086.1567577423848,3.7516855017763354e-08,3.1487632700921325e-08,3.152561056651848e-07,1.6792878199112238e-10,8.711609211786708e-11,-9.043432669386675e-10,9.239188458864841e-10,3.1903823843343633e-07,180000.00001160114,15.939483699970879,True
119,T,ESPDI-T,-13.504425871475103,287.76681464337764,473.94035830587006,2.033432537716095,-43.330565085833115,-69.98502393258684,13.140337051872576,753.7170788877356,7.203942439326996e-13,-1.600011990303754e-11,-7.043873850084287e-11,3.3896063039717816e-14,-7.696898673970054e-13,-3.352096378250735e-12,3.439494376233941e-12,7.223668518397278e-11,180000.0,0.5516770000103861,True
119,T,Optimizer-T,-13.504425871475103,287.76681464337764,473.94035830587006,2.033432537716095,-43.330565085833115,-69.98502393258684,13.140337051872578,753.7170788881413,5.725919738353014e-12,-1.2192868936722334e-10,-5.596110241867791e-10,-2.7200464103316335e-14,5.866418462119327e-13,2.6929569685307797e-12,2.7562484930304937e-12,5.727686180640789e-10,180000.0,3.409073399961926,True
119,A,ESPDI-A,43.92548582288748,225.60423265370605,1051.2059219946418,29.294243871380004,-12.444397756202193,-61.947165998972466,21.362245948363213,1044.0818453699558,-5.684341886080801e-13,0.0,-3.979039320256561e-13,-2.842170943040401e-14,2.842170943040401e-14,1.4210854715202004e-14,4.263256414560601e-14,6.938623537128991e-13,180000.03187430743,3.826876299921423,True
119,A,Optimizer-A,43.92548582288748,225.60423265370605,1051.2059219946418,29.294243871380004,-12.444397756202193,-61.947165998972466,20.017577733941753,1005.8308482183747,2.875420225322726e-07,4.607222700584389e-08,-3.312181924286506e-07,1.4986234475600213e-11,2.885824912368662e-11,3.2718006082177453e-10,3.287919980254728e-10,4.4103124131849273e-07,180000.00000415667,25.53935730003286,True
120,T,ESPDI-T,175.10720808501907,-143.2711126591918,515.3136832338994,-25.687639641320988,21.01739130700743,-74.14225343560929,13.483866466587909,773.4215952901013,2.1950044592263657e-12,-1.7788178834641025e-12,1.7723772942996804e-11,-4.587406843281627e-13,3.804179193878099e-13,-3.6042835382943395e-12,3.6532205837136066e-12,1.7947544817424496e-11,180000.0,0.5382746999384835,True
120,T,Optimizer-T,175.10720808501907,-143.2711126591918,515.3136832338994,-25.687639641320988,21.01739130700743,-74.14225343560929,13.483866466587909,773.4215952905142,-1.9507728765688626e-11,1.5953682819258574e-11,-1.566675678077445e-10,1.3233858453531866e-13,-1.1302070390684094e-13,1.0693668173189508e-12,1.0834355405151114e-12,1.586814364690697e-10,179999.99999999997,19.78871600003913,True
120,A,ESPDI-A,-6.392914252818969,156.3914882494098,1778.5306389344712,-41.48153777323861,-11.49851998714206,-86.24171121142541,26.871380200311535,1321.741269039634,0.0,-2.842170943040401e-14,9.094947017729282e-13,-8.526512829121202e-14,7.105427357601002e-15,1.2789769243681803e-13,1.5387803264635887e-13,9.099386826154683e-13,180000.05307245685,4.055373599985614,True
120,A,Optimizer-A,-6.392914252818969,156.3914882494098,1778.5306389344712,-41.48153777323861,-11.49851998714206,-86.24171121142541,25.19295961694654,1274.786257841195,-2.0246240679355305e-07,4.073862941949474e-09,9.881001972189551e-08,2.595479386968691e-10,-3.498046297067958e-11,-7.192113571363734e-10,7.65410831844821e-10,2.253243052166129e-07,180000.0000070022,17.709919100045227,True
121,T,ESPDI-T,-12.639447113373626,-137.9952371039675,802.1520030844549,1.5236440051509774,16.63487444244133,-94.54580056608265,16.368833460034395,938.9005237532165,4.3749378103000343e-13,4.139042434530074e-12,-6.825770591106783e-11,2.4824977143400595e-14,2.476040206200736e-13,-4.040615064759834e-12,4.048270511228407e-12,6.838448281097917e-11,180000.0,0.49534020002465695,True
121,T,Optimizer-T,-12.639447113373626,-137.9952371039675,802.1520030844549,1.5236440051509774,16.63487444244133,-94.54580056608265,16.368833460034395,938.9005237537203,1.2780471125850568e-12,1.3915313346046787e-11,-2.141327115623426e-10,-1.5792922525292852e-14,-1.7053025658242404e-13,2.604139126560767e-12,2.609764467398664e-12,2.1458818120060123e-10,180000.0,2.2335997000336647,True
121,A,ESPDI-A,260.2832555301012,26.86180718799858,1796.4077053415806,26.372212172472175,13.54008447727464,-93.75603796260657,26.52463265627909,1343.0404204317529,-4.547473508864641e-13,2.2737367544323206e-13,3.410605131648481e-13,-5.684341886080802e-14,0.0,7.105427357601002e-15,5.728578676879116e-14,6.12222357532858e-13,180000.00432384323,4.174514600075781,True
121,A,Optimizer-A,260.2832555301012,26.86180718799858,1796.4077053415806,26.372212172472175,13.54008447727464,-93.75603796260657,25.262795650518413,1306.584415806432,9.630981387660017e-08,3.074619268813027e-08,9.904823627948645e-08,-1.2847145569594431e-10,-3.899769396298325e-11,-4.199058878384676e-10,4.408476944529451e-10,1.4153254651788745e-07,180000.0000080336,17.195733499946073,True
122,T,ESPDI-T,228.17701371667346,-30.376379079050675,421.46471193078946,-36.54267931505362,4.864794491598431,-66.2790641069799,12.362750922401233,709.1154873322703,1.8135552196270333e-12,-1.8563706209165018e-13,9.043726759225962e-12,-5.975081540654514e-13,7.900711335162569e-14,-2.973787882609713e-12,3.0342499054776654e-12,9.225640213502703e-12,180000.0,0.3872966000344604,True
122,T,Optimizer-T,228.17701371667346,-30.376379079050675,421.46471193078946,-36.54267931505362,4.864794491598431,-66.2790641069799,12.362750922401233,709.115487332645,1.3771206397450442e-11,-1.8341717034076055e-12,7.080380726165458e-11,-3.064215547965432e-14,4.385380947269368e-15,-1.723066134218243e-13,1.7506496590520327e-13,7.215392875113795e-11,180000.0,23.71891240007244,True
122,A,ESPDI-A,185.05010512171225,-411.7864053558624,1145.5952258254856,-15.579609459314199,5.53163270712043,-61.51385825661419,22.475809507282044,1072.0144730240881,2.842170943040401e-14,6.821210263296962e-13,-1.5347723092418164e-12,7.105427357601002e-15,-8.526512829121202e-14,-1.2789769243681803e-13,1.5387803264635887e-13,1.6797687130505443e-12,180000.00840484852,4.023026800015941,True
122,A,Optimizer-A,185.05010512171225,-411.7864053558624,1145.5952258254856,-15.579609459314199,5.53163270712043,-61.51385825661419,21.188590357973897,1031.0826058481107,-4.774337688217181e-08,-5.775790458909426e-07,-3.0022987829170233e-07,1.7754686609805503e-12,-4.829914246329281e-12,3.175770757479768e-11,3.217191867140318e-11,6.526982182505596e-07,180000.00000000585,34.78478470002301,True
123,T,ESPDI-T,-100.10999078432049,-172.2695142224868,1003.7774065436427,10.848938185813637,18.668879064492145,-106.11808186304836,18.179849792942623,1042.7786765638502,2.1526126853718404e-12,3.86527059308367e-12,-5.803894204700708e-11,2.3886318270549545e-13,4.1925577592971663e-13,-6.278498554390666e-12,6.297013190647476e-12,5.820732644664955e-11,180000.0,0.5337878999998793,True
123,T,Optimizer-T,-100.10999078432049,-172.2695142224868,1003.7774065436427,10.848938185813637,18.668879064492145,-106.11808186304836,18.179849792942623,1042.778676564405,1.740008137574023e-11,2.996825010370685e-11,-4.5652548408270377e-10,-1.2301271112846734e-13,-2.091660178393795e-13,3.1867841698840493e-12,3.1960093703776165e-12,4.5783881056885915e-10,180000.0,1.734418599982746,True
123,A,ESPDI-A,-3.8302670709941253,-156.7446909048461,969.2147273299729,5.828624032646559,38.70308243690724,-61.63117740955778,20.450206251151506,993.6678301329848,-1.5631940186722204e-13,3.979039320256561e-13,-3.410605131648481e-13,-1.0658141036401503e-14,1.3500311979441904e-13,-1.4210854715202004e-14,1.3616676068818947e-13,5.468871621841872e-13,180000.08067226337,3.802146299974993,True
123,A,Optimizer-A,-3.8302670709941253,-156.7446909048461,969.2147273299729,5.828624032646559,38.70308243690724,-61.63117740955778,18.908778680050478,946.7833792190213,-6.359705885518653e-09,1.0290059018999384e-07,-8.32301338959951e-08,-3.0035529618999135e-11,-1.261941662278332e-10,6.858513756924367e-11,1.4673452805943067e-10,1.324999339952463e-07,180000.0000049352,19.408673799945973,True
124,T,ESPDI-T,84.53373403084264,34.59279293672157,714.528307784622,-10.776350588115406,-4.409885222533546,-89.16457091665042,15.490169526232922,888.5012066813233,8.143281784566553e-13,3.1271056436573547e-13,1.6749804776679256e-11,-2.133605792042914e-13,-8.633024850546178e-14,-4.738667791492901e-12,4.744254218177775e-12,1.6772503639473794e-11,180000.0,0.5725582999875769,True
124,T,Optimizer-T,84.53373403084264,34.59279293672157,714.528307784622,-10.776350588115406,-4.409885222533546,-89.16457091665042,15.490169526232922,888.5012066818017,-1.4121703806324604e-11,-5.782069267823431e-12,-3.156905847845337e-10,9.825473767932635e-14,4.0745185003743245e-14,2.220446049250313e-12,2.2229923124493135e-12,3.1605917193622516e-10,180000.0,4.907472199993208,True
124,A,ESPDI-A,124.81722090570236,61.62392097205452,1365.4167786808855,-37.10670045415751,7.163648564257393,-80.68732559148211,23.49225926333463,1165.799876571109,-2.2737367544323206e-13,-1.1368683772161603e-13,1.1368683772161603e-13,0.0,-3.552713678800501e-14,-1.4210854715202004e-14,3.8263897345803626e-14,2.7847474288855413e-13,180000.06182763077,3.849294100073166,True
124,A,Optimizer-A,124.81722090570236,61.62392097205452,1365.4167786808855,-37.10670045415751,7.163648564257393,-80.68732559148211,21.947825001643153,1119.1860479835213,-1.8267479508329993e-07,8.544475349964368e-08,-4.580561352440782e-08,4.383782226113908e-11,-3.9188208234008926e-11,-5.088445220735593e-10,5.122306296673993e-10,2.0680677186612605e-07,180000.00000380178,18.50777509994805,True
125,T,ESPDI-T,-155.55562221228098,-126.55734520935657,315.1392494276141,28.416378957067593,23.119071044322396,-56.63185556107869,10.851972758178075,622.4587067420507,5.711866880693463e-12,4.438891094124054e-12,-3.136661563419977e-11,1.0546260045818379e-12,8.634239156979362e-13,-6.063862953431531e-12,6.215156537508832e-12,3.2189963556237246e-11,180000.0,0.3550315999891609,True
125,T,Optimizer-T,-155.55562221228098,-126.55734520935657,315.1392494276141,28.416378957067593,23.119071044322396,-56.63185556107869,10.851972758178075,622.4587067423781,-2.0622614727017208e-11,-1.6741608099835048e-11,1.183826370265706e-10,7.811529201262601e-13,6.368239269249898e-13,-4.4781955921280314e-12,4.59020482766084e-12,1.2132609953885524e-10,180000.0,26.897522900020704,True
125,A,ESPDI-A,-135.75811318137022,26.200228378524912,1516.8572441419228,-30.042147513596156,-34.909902689922,-58.82990549493214,26.286531814231154,1248.830227693301,4.547473508864641e-13,6.821210263296962e-13,9.094947017729282e-13,0.0,1.4210854715202004e-14,1.4210854715202004e-13,1.4281732235759946e-13,1.224444715065716e-12,180000.05428353942,3.8255556999938563,True
125,A,Optimizer-A,-135.75811318137022,26.200228378524912,1516.8572441419228,-30.042147513596156,-34.909902689922,-58.82990549493214,24.62189929877168,1202.9036420949124,7.047953935994828e-08,6.326047095020625e-08,1.4403771686488653e-07,1.859135068116302e-11,1.5841550293771434e-11,-8.925837846618379e-11,9.25399976349285e-11,1.7238363185894885e-07,180000.0000055204,23.007263600011356,True
126,T,ESPDI-T,-62.233346052040254,-36.213558169293144,647.0336977490174,8.318674570333968,4.840633270663304,-84.73896749370635,14.78181288528226,847.8705519180203,-2.525161474709113e-12,-1.4400324974074476e-12,6.772965939179712e-11,1.553878553606225e-14,1.0737070954558448e-14,-6.226894000427308e-13,6.229757840190861e-13,6.779201203236113e-11,180000.0,0.44847619999200106,True
126,T,Optimizer-T,-62.233346052040254,-36.213558169293144,647.0336977490174,8.318674570333968,4.840633270663304,-84.73896749370635,14.78181288528226,847.8705519184732,-4.813593967867291e-12,-2.815081501239547e-12,1.333244625811858e-10,-1.3522516439934407e-13,-7.926992395823618e-14,3.735678433258727e-12,3.7389654882929245e-12,1.3344102702433057e-10,180000.0,21.396172699984163,True
126,A,ESPDI-A,181.88918669264024,-113.31095108654341,1786.1964846489038,10.643263763570907,-0.2285183250770757,-79.85908300120569,27.439288847138293,1284.5270903758355,-2.2737367544323206e-13,0.0,1.5916157281026244e-12,-9.947598300641403e-14,1.4210854715202004e-14,1.4210854715202004e-13,1.7404671430534635e-13,1.6077746776921857e-12,180000.0648871155,3.8843766000354663,True
126,A,Optimizer-A,181.88918669264024,-113.31095108654341,1786.1964846489038,10.643263763570907,-0.2285183250770757,-79.85908300120569,25.35672124530911,1218.6019034852561,2.3416292983254525e-07,-8.579535984370188e-08,-3.2595024990200727e-07,-1.6365309107868597e-10,4.952571686089868e-11,6.36607211390583e-10,6.591690772819133e-10,4.1041038837930597e-07,180000.00000546445,29.74442360003013,True
127,T,ESPDI-T,-294.11052339407325,176.2454131644394,505.18594995442754,42.664098507343525,-25.566414903964738,-71.79754221245925,13.634136648006686,782.0409481830902,-1.492683862798494e-11,8.628511262692012e-12,6.993142973336572e-11,6.771458394005947e-13,-4.172148737602299e-13,-3.336622644845022e-12,3.4301086590364585e-12,7.202545787837084e-11,180000.0,0.4370397999882698,True
127,T,Optimizer-T,-294.11052339407325,176.2454131644394,505.18594995442754,42.664098507343525,-25.566414903964738,-71.79754221245925,13.634136648006688,782.0409481835013,-3.176703344820453e-11,1.9010792939866406e-11,1.5275869458264424e-10,3.9968028886505635e-15,0.0,7.105427357601002e-15,8.152394204457378e-15,1.5718070311872065e-10,180000.0,33.39511320006568,True
127,A,ESPDI-A,306.31913947341604,171.6444760005362,1798.3845826547727,28.072325534961124,-4.390133203800431,-79.05288101137216,27.468369493504625,1337.3908860006795,4.547473508864641e-13,5.684341886080802e-14,-3.410605131648481e-13,-5.684341886080802e-14,-1.4210854715202004e-14,1.4210854715202004e-14,6.029155041345696e-14,5.712692894303979e-13,180000.0120008216,3.9043273999122903,True
127,A,Optimizer-A,306.31913947341604,171.6444760005362,1798.3845826547727,28.072325534961124,-4.390133203800431,-79.05288101137216,26.07567361826046,1295.4715845205374,-2.615540296306354e-07,-3.926398665549278e-08,1.5764184269073667e-07,8.841283261062927e-11,3.5633274109159174e-11,9.657803445861646e-10,9.704732006515915e-10,3.0790115561822267e-07,180000.00000689455,49.25764050008729,True
128,T,ESPDI-T,255.33240114975104,-220.59164001259032,652.775043805714,-33.2679372709694,28.741471154438614,-83.2105226509964,15.160012662562222,869.5637269288418,3.677527195527358e-12,-3.5700309353701998e-12,2.6600607838395823e-11,-6.737492508346321e-13,5.438080541431134e-13,-4.537918651958961e-12,4.619780400035069e-12,2.708988122021706e-11,180000.0,0.4676778999855742,True
128,T,Optimizer-T,255.33240114975104,-220.59164001259032,652.775043805714,-33.2679372709694,28.741471154438614,-83.2105226509964,15.16001266256222,869.5637269292929,8.581180210853745e-11,-7.412204183765425e-11,5.982290218753405e-10,-3.979039320256561e-13,3.459454944731988e-13,-2.7338131758369855e-12,2.7841947318116397e-12,6.088806985618976e-10,180000.0,3.9795438000001013,True
128,A,ESPDI-A,193.39355312915472,-262.24094580537826,1799.952210485468,16.67100777581839,-12.626942250250487,-94.88058746458412,26.503289943558773,1337.2116872875122,4.547473508864641e-13,-9.094947017729282e-13,-7.389644451905042e-13,5.684341886080802e-14,-2.842170943040401e-14,-5.684341886080802e-14,8.526512829121202e-14,1.2569980974317321e-12,180000.00045087264,3.74106120003853,True
128,A,Optimizer-A,193.39355312915472,-262.24094580537826,1799.952210485468,16.67100777581839,-12.626942250250487,-94.88058746458412,25.220338964053294,1299.7991558346857,-1.8987733871202344e-09,-3.7053562628722155e-09,3.0448939725147284e-07,7.242206834234821e-12,6.750155989720952e-14,7.951896918712009e-10,7.952226733277327e-10,3.0451786161730427e-07,180000.00002226408,16.377652099938132,True
129,T,ESPDI-T,-43.10014401165333,-82.3974276266364,778.2206354432219,5.277777937755744,10.089881034692283,-93.21157287263705,16.11735659139468,924.4760527453,9.340344930873837e-13,1.7279202699747864e-12,-4.1714696584135846e-11,1.1429138885299395e-13,2.1759677393262677e-13,-5.4028864715505165e-12,5.40847419352773e-12,4.176091521985817e-11,180000.0,0.49038000009022653,True
129,T,Optimizer-T,-43.10014401165333,-82.3974276266364,778.2206354432219,5.277777937755744,10.089881034692283,-93.21157287263705,16.11735659139468,924.4760527457984,5.676847880664582e-12,1.0844991571445917e-11,-2.710098812030992e-10,-3.352873534367973e-14,-6.361577931102147e-14,1.531219595563016e-12,1.532907235714954e-12,2.7128618865280055e-10,180000.0,1.824385300045833,True
129,A,ESPDI-A,-391.6998026199451,-6.040908099541696,1319.7871235162931,-10.250946258793526,-17.40509440010563,-70.1223331540733,23.677195730769668,1173.7323351569194,0.0,5.684341886080802e-14,1.6484591469634324e-12,-2.842170943040401e-14,4.263256414560601e-14,1.8474111129762605e-13,1.9171491151200885e-13,1.6494389147450088e-12,180000.01392039825,3.8530460000038147,True
129,A,Optimizer-A,-391.6998026199451,-6.040908099541696,1319.7871235162931,-10.250946258793526,-17.40509440010563,-70.1223331540733,22.648077378898577,1141.0486992071092,-1.2554251970395696e-07,-5.841678883490235e-08,-1.3735957438143487e-07,6.316724920907291e-12,6.985523270941485e-13,-3.9051428757375106e-11,3.956517505423732e-11,1.950412729287033e-07,180000.00000004604,31.13905369990971,True
130,T,ESPDI-T,-125.48178609564808,164.57418724028034,960.0440332277606,13.877566983618195,-18.20096269159435,-103.61986688817963,17.819754253522646,1022.1239432019338,2.9869463022760834e-12,-3.4825678582248165e-12,-5.426699606174423e-11,2.88859214325754e-13,-3.5417502264323275e-13,-5.482031495418482e-12,5.501049800640368e-12,5.446060033331606e-11,180000.0,0.6859096999978647,True
130,T,Optimizer-T,-125.48178609564808,164.57418724028034,960.0440332277606,13.877566983618195,-18.20096269159435,-103.61986688817963,17.819754253522646,1022.123943202474,1.1062928351179835e-11,-1.4509282664221246e-11,-2.2086332762683014e-10,-1.1945999744966684e-13,1.5432100042289676e-13,2.4300561562995426e-12,2.4378799365291772e-12,2.216156970016567e-10,180000.0,2.0334789999760687,True
130,A,ESPDI-A,-367.9393774498593,-102.91590451809861,1325.9762479373699,15.738659163054812,-27.716708947165852,-82.54297709770611,22.95276106606409,1174.0589520008216,4.547473508864641e-13,5.684341886080801e-13,5.684341886080802e-14,0.0,2.842170943040401e-14,2.842170943040401e-14,4.0194366942304644e-14,7.30166935833559e-13,180000.00361266965,3.833821800071746,True
130,A,Optimizer-A,-367.9393774498593,-102.91590451809861,1325.9762479373699,15.738659163054812,-27.716708947165852,-82.54297709770611,21.93064532900944,1143.9554010904612,3.163551267721905e-09,5.2710979587805506e-08,1.690172233281828e-07,-1.3245493590829938e-10,-3.864704112288564e-10,-1.496225365826831e-10,4.350753868645173e-10,1.770742138406899e-07,180000.00000502713,16.515414399909787,True
131,T,ESPDI-T,-107.11180594110367,-153.13615187112828,742.2422410426427,13.355367093229546,19.09396919895117,-90.5368241899848,15.832625819688916,908.1441698816907,6.673807201182857e-12,9.210359187025556e-12,-1.2058326020092554e-10,2.882251728952845e-13,3.904186002268162e-13,-5.12229841875822e-12,5.1452348366723305e-12,1.2111850832798718e-10,180000.0,0.6247371000936255,True
131,T,Optimizer-T,-107.11180594110367,-153.13615187112828,742.2422410426427,13.355367093229546,19.09396919895117,-90.5368241899848,15.832625819688914,908.1441698821654,-1.3223089290193002e-11,-1.8894663611490614e-11,2.4360957695535035e-10,9.392486788328824e-14,1.3655743202889425e-13,-1.737276988933445e-12,1.7451650779587805e-12,2.446987625382126e-10,180000.0,2.196469399961643,True
131,A,ESPDI-A,60.20945039811704,75.46406138774387,1631.2917330927958,1.6623347871957321,-25.24584600501546,-87.15340006509336,25.6134826725916,1242.177300706022,8.526512829121202e-14,6.821210263296962e-13,3.979039320256561e-13,0.0,7.105427357601002e-14,3.552713678800501e-14,7.944109290391274e-14,7.942838131203939e-13,180000.06910939977,3.8525111000053585,True
131,A,Optimizer-A,60.20945039811704,75.46406138774387,1631.2917330927958,1.6623347871957321,-25.24584600501546,-87.15340006509336,23.789993064259704,1183.4547147718622,2.8435316434566873e-08,-1.730394989214999e-08,-4.897772498679842e-08,-4.370948047949241e-12,6.271427821502584e-12,-7.831246762179944e-11,7.868467817036284e-11,5.921833708815577e-08,180000.00000015108,21.747859600000083,True
132,T,ESPDI-T,-388.9919558897132,-195.3199324267196,676.4515917877857,49.27225539661899,24.74049514100554,-83.73557232659212,15.58833732126406,894.1320168667571,-1.0641044252343579e-11,-5.356943485806606e-12,5.269858811482453e-11,1.3951478861073952e-12,7.12426645455011e-13,-6.720096701329226e-12,6.9002673154364214e-12,5.4028417111612524e-11,180000.0,0.507937700022012,True
132,T,Optimizer-T,-388.9919558897132,-195.3199324267196,676.4515917877857,49.27225539661899,24.74049514100554,-83.73557232659212,15.58833732126406,894.1320168672319,-3.4407587889973e-11,-1.7253087847279858e-11,1.6496137789090426e-10,4.369837824924616e-13,2.2160051571518125e-13,-2.113864638886298e-12,2.1699044509518276e-12,1.6939246541785113e-10,180000.0,1.7049691999563947,True
132,A,ESPDI-A,16.413091764231922,57.9984527892326,1289.879749605011,36.694335642508435,-17.46970327926041,-88.26008753643424,22.217224149574317,1166.4897793113287,4.547473508864641e-13,3.979039320256561e-13,3.126388037344441e-13,0.0,6.394884621840902e-14,7.105427357601002e-15,6.434238129413513e-14,6.803423504826369e-13,180000.02280129498,3.8869860999984667,True
132,A,Optimizer-A,16.413091764231922,57.9984527892326,1289.879749605011,36.694335642508435,-17.46970327926041,-88.26008753643424,21.16159436706767,1136.8775261991013,6.847871818411564e-08,-2.0063474165382198e-08,5.0385647654138666e-08,-2.127960030406939e-10,5.728661989223838e-11,-2.3863577780502965e-10,3.24824460558906e-10,8.735325597395611e-08,180000.00000460888,14.277273799991235,True
133,T,ESPDI-T,-9.652054395170824,48.230956323659264,428.3743078440891,1.5704678914637782,-7.847569561853696,-68.5192506101524,12.170384425952447,698.0815303487561,4.345278612838746e-13,-2.174949321120598e-12,-5.182803752140641e-11,-9.707946252435207e-15,4.9666867840691964e-14,1.2831402607105247e-12,1.2841378316356146e-12,5.187547293598378e-11,180000.0,0.4855235000140965,True
133,T,Optimizer-T,-9.652054395170824,48.230956323659264,428.3743078440891,1.5704678914637782,-7.847569561853696,-68.5192506101524,12.170384425952447,698.0815303491181,-2.427349987677019e-12,1.2148060335448463e-11,2.9117241950871176e-10,-2.0539125955565396e-14,1.0524914273446484e-13,2.5348612098241574e-12,2.537128414332343e-12,2.914358338990482e-10,180000.0,35.18168420006987,True
133,A,ESPDI-A,170.33691961781392,173.25348945024837,1391.8503389630805,-38.11791988393573,32.30713934567899,-71.76374271537794,24.222549118762906,1217.717116683436,-8.526512829121202e-13,9.094947017729282e-13,3.410605131648481e-13,-1.1368683772161603e-13,0.0,4.263256414560601e-14,1.214175959108492e-13,1.2924848534683034e-12,180000.01876694363,3.887735900003463,True
133,A,Optimizer-A,170.33691961781392,173.25348945024837,1391.8503389630805,-38.11791988393573,32.30713934567899,-71.76374271537794,22.902681762051508,1183.5709854222732,-1.1596961911383357e-07,1.9790467384358261e-07,-1.683193850965381e-07,3.2884805989397137e-13,-9.50350909079134e-13,-2.7355895326763857e-12,2.9145768111635302e-12,2.8451120871737045e-07,180000.00000000003,29.00546050001867,True
134,T,ESPDI-T,121.33204472434952,-240.0391986158082,1095.4122892129851,-12.597438930225891,24.9223455542422,-110.83295418103863,18.96272608301697,1087.6837066369753,-4.524191859632456e-12,8.683442121815502e-12,-1.048110201060104e-10,-2.999892001476212e-13,5.884563669678045e-13,-7.085970699094446e-12,7.116688497078904e-12,1.0526737583282012e-10,180000.0,0.7177876000059769,True
134,T,Optimizer-T,121.33204472434952,-240.0391986158082,1095.4122892129851,-12.597438930225891,24.9223455542422,-110.83295418103863,18.96272608301697,1087.683706637552,-1.9749091251242135e-11,3.906075463078196e-11,-4.661337982270197e-10,1.1834977442504169e-13,-2.3936408410918375e-13,2.7853275241795927e-12,2.798097791504133e-12,4.681842447232969e-10,180000.0,1.7286598000209779,True
134,A,ESPDI-A,489.97809265493777,-289.35518066945264,1688.7515070205914,-28.89755634459935,12.275018456538035,-56.641619284914995,28.22241046321241,1221.0208706757912,-5.684341886080801e-13,1.1368683772161603e-13,1.1368683772161603e-13,-5.684341886080802e-14,-1.4210854715202004e-14,2.842170943040401e-14,6.51223174224333e-14,5.907341372570309e-13,180000.07908905132,3.9303975000511855,True
134,A,Optimizer-A,489.97809265493777,-289.35518066945264,1688.7515070205914,-28.89755634459935,12.275018456538035,-56.641619284914995,25.759745078433824,1136.5072083584455,6.727821866660863e-07,5.063894373864964e-08,-1.634281190376896e-07,1.1404210908949608e-12,-1.0293987884324451e-12,6.10000938650046e-12,6.290495739254416e-12,6.941966028513564e-07,180000.00000000268,38.04010220000055,True
135,T,ESPDI-T,262.0733722906153,-341.5824568329825,497.71679345217785,-37.53175719705578,48.918322836754555,-69.75435916682426,13.808290116460013,792.0302234202954,-4.530949115791154e-12,5.036641676642306e-12,-2.0841987911999343e-11,-2.3986437835965546e-12,3.0830164809980687e-12,-1.283455286493762e-11,1.3415820133915429e-11,2.1915421953334726e-11,180000.0,0.4348843999905512,True
135,T,Optimizer-T,262.0733722906153,-341.5824568329825,497.71679345217785,-37.53175719705578,48.918322836754555,-69.75435916682426,13.808290116460014,792.0302234207047,1.0692491336783405e-10,-1.393911652769475e-10,5.843983075237702e-10,-2.2288837442374643e-12,2.9052316108391096e-12,-1.2221335055073723e-11,1.275810816642964e-11,6.102329193780283e-10,180000.0,17.093501399969682,True
135,A,ESPDI-A,240.61454186499327,-110.7829296526237,1461.897093694501,-44.45347650214226,22.030524815456758,-75.90693302756765,24.734729454383192,1196.291830268974,-4.547473508864641e-13,2.5579538487363607e-13,-9.094947017729282e-13,-2.842170943040401e-14,2.842170943040401e-14,-8.526512829121202e-14,9.426414608115578e-14,1.048526129676288e-12,180000.08259304232,3.855870500090532,True
135,A,Optimizer-A,240.61454186499327,-110.7829296526237,1461.897093694501,-44.45347650214226,22.030524815456758,-75.90693302756765,22.907669990968966,1141.7109890206757,1.6004598474518584e-07,-2.410654934003789e-07,1.6485642362340514e-07,6.991740519879386e-11,-3.430833395157151e-11,7.23510140687722e-10,7.276897889940686e-10,3.33023917686589e-07,180000.00000775172,19.058194499928504,True
136,T,ESPDI-T,378.77495668908347,307.72605683339197,933.7731507610338,-41.643600280658625,-33.832281359699365,-100.07581215501557,17.923738297811923,1028.0883678436494,-1.3601880797901866e-11,-1.1934807309099682e-11,-1.0245580881092231e-10,-8.776868121174175e-13,-7.434053372890048e-13,-6.5591421183341936e-12,6.659229006737956e-12,1.0404154720997731e-10,180000.0,0.8177233999595046,True
136,T,Optimizer-T,378.77495668908347,307.72605683339197,933.7731507610338,-41.643600280658625,-33.832281359699365,-100.07581215501557,17.923738297811923,1028.088367844197,-7.331646401098624e-11,-5.949907233571139e-11,-4.862137359396002e-10,3.8680170177940454e-13,3.1441516057384433e-13,2.469136006766348e-12,2.5189491994893798e-12,4.952971234725956e-10,180000.0,1.8429643999552354,True
136,A,ESPDI-A,316.32085026570576,-19.18778095881447,1206.8576034216508,16.453081388953933,-6.945967843032079,-58.99710354050634,23.24535937782884,1120.0676409447624,-1.1368683772161603e-12,0.0,1.1368683772161603e-13,-2.842170943040401e-14,-2.842170943040401e-14,7.105427357601002e-14,8.163514517232825e-14,1.1425385788607957e-12,180000.00097368227,3.736290799919516,True
136,A,Optimizer-A,316.32085026570576,-19.18778095881447,1206.8576034216508,16.453081388953933,-6.945967843032079,-58.99710354050634,22.056268204237313,1082.8312831355051,1.2351497219333396e-07,-2.7683082395199464e-08,-9.678376855504212e-08,-2.518873998269555e-11,1.301958540977921e-11,6.630997972933983e-10,6.637057506129537e-10,1.5934051356304655e-07,180000.00000560947,27.15305220009759,True
137,T,ESPDI-T,426.601527810709,18.686908228356764,976.4756070112428,-46.23066676217462,-2.0250940767934438,-103.15885292863739,18.17993481136412,1042.7835531386318,-1.9618101292236644e-12,-1.1907702420806002e-13,-1.147591960695693e-11,-1.0218353940771863e-12,-4.9206081917385625e-14,-6.345181324807214e-12,6.427121817405422e-12,1.1643006877355923e-11,180000.0,0.6856065000174567,True
137,T,Optimizer-T,426.601527810709,18.686908228356764,976.4756070112428,-46.23066676217462,-2.0250940767934438,-103.15885292863739,18.17993481136412,1042.7835531391684,9.525846778046798e-11,4.182848512002124e-12,5.807478942188027e-10,-4.0945025148175773e-13,-1.7430501486614958e-14,-2.454925152051146e-12,2.4888975135577384e-12,5.88523396769517e-10,179999.99999999997,1.4917952999239787,True
137,A,ESPDI-A,-348.7416030963648,-38.941145913796504,1431.9206479536442,-21.553228777535388,0.023602310969437212,-57.66119779444916,25.594101891704423,1207.7171074680118,1.1368683772161603e-12,-4.263256414560601e-14,2.2737367544323206e-13,1.9895196601282805e-13,-3.552713678800501e-15,5.684341886080802e-14,2.0694366581907813e-13,1.1601663807076549e-12,180000.01246108607,3.8740834000054747,True
137,A,Optimizer-A,-348.7416030963648,-38.941145913796504,1431.9206479536442,-21.553228777535388,0.023602310969437212,-57.66119779444916,24.18573103848894,1164.123125276863,-1.1784998612993196e-09,-5.355887966222865e-10,6.342832392647324e-08,5.710454331619985e-11,7.079781205732161e-12,-3.1378633025269664e-10,3.190186722164193e-10,6.344153208588021e-08,180000.00000429645,19.64831239997875,True
138,T,ESPDI-T,-88.10855752364411,103.54255891094756,313.03090580001026,16.42136764146126,-19.297903338822096,-57.441711070096275,10.638433351797609,610.2102920347916,4.5054385840615635e-12,-5.245893644608909e-12,-4.3336968670766585e-11,4.30221830383104e-13,-5.05095965053215e-13,-4.064526493152698e-12,4.1183234903042034e-12,4.388520514406083e-11,180000.0,0.3390351999551058,True
138,T,Optimizer-T,-88.10855752364411,103.54255891094756,313.03090580001026,16.42136764146126,-19.297903338822096,-57.441711070096275,10.638433351797609,610.2102920351172,1.1301293234566856e-11,-1.3256729047839144e-11,-1.1117862186438288e-10,1.4943601911454607e-13,-1.765254609153999e-13,-1.4566126083082054e-12,1.4748602146788795e-12,1.1253508809915653e-10,180000.0,28.64783599996008,True
138,A,ESPDI-A,319.38313344441326,366.53626373476504,956.6642821317164,-16.422439396612624,-10.599382948689133,-58.78934927824698,20.549408758349852,995.4538207407659,2.2737367544323206e-13,4.547473508864641e-13,9.094947017729282e-13,1.4210854715202004e-14,-8.526512829121202e-14,1.0658141036401503e-13,1.3722859588816026e-13,1.0419570787589327e-12,180000.010863113,3.84160659997724,True
138,A,Optimizer-A,319.38313344441326,366.53626373476504,956.6642821317164,-16.422439396612624,-10.599382948689133,-58.78934927824698,19.55498045928657,960.9058108525824,6.528493709441027e-08,9.848623876346508e-08,-1.9316791721735171e-07,8.23252577220046e-12,7.327471962526033e-12,1.566640150940657e-10,1.5705120168704599e-10,2.26440955834595e-07,180000.00000032634,31.662726300070062,True
139,T,ESPDI-T,-252.64805737434105,-332.9818216972884,673.617546591186,32.135954590844165,42.35413013995884,-83.74981704213997,15.524228469622932,890.4547948747295,-5.876352356104508e-12,-7.656913731529658e-12,4.3427086579561625e-11,6.502992588863776e-13,8.753692215535125e-13,-4.7702675143312945e-12,4.893323263226725e-12,4.4486758633259895e-11,180000.0,0.8176677000010386,True
139,T,Optimizer-T,-252.64805737434105,-332.9818216972884,673.617546591186,32.135954590844165,42.35413013995884,-83.74981704213997,15.52422846962293,890.4547948751933,-4.670508424453601e-11,-6.161648968827649e-11,3.432560902183468e-10,1.9317880628477724e-13,2.504663143554353e-13,-1.3837819778927951e-12,1.4194731375286054e-12,3.5185607877054013e-10,180000.0,2.639937900006771,True
139,A,ESPDI-A,395.4216569763679,-77.06457718749715,864.9468028112911,-3.471861037927063,18.48619485757419,-61.03811733730653,19.290384809724337,980.1487336418086,-6.821210263296962e-13,1.5631940186722204e-13,1.4210854715202004e-13,5.684341886080802e-14,3.552713678800501e-14,2.842170943040401e-14,7.280896430443987e-14,7.140866117879973e-13,180000.03107371656,3.8887911000056192,True
139,A,Optimizer-A,395.4216569763679,-77.06457718749715,864.9468028112911,-3.471861037927063,18.48619485757419,-61.03811733730653,18.58279317194438,956.6630417187243,-4.377970415341867e-08,-2.7331778504347205e-08,4.109150353315272e-08,-1.0658141036401503e-13,1.9551027463649007e-13,-2.7249313916399842e-12,2.7340144391843725e-12,6.59712079212338e-08,180000.00000000003,30.101352700032294,True
140,T,ESPDI-T,196.0706850056012,362.68708441009255,574.0233879810214,-26.653569398664334,-49.30316520313821,-76.34040552303972,14.538030103398938,833.8874063168932,-3.637476279384766e-12,-6.773983012974688e-12,-2.6361216486602e-11,-5.369212019434855e-13,-1.0261028138280892e-12,-4.218250748699859e-12,4.3743354627359435e-12,2.745963973173453e-11,180000.0,0.5833045999752358,True
140,T,Optimizer-T,196.0706850056012,362.68708441009255,574.0233879810214,-26.653569398664334,-49.30316520313821,-76.34040552303972,14.538030103398938,833.887406317328,7.362843668090591e-11,1.3629808393034182e-10,6.048868073094127e-10,-3.788080960021034e-13,-6.936673457857978e-13,-3.1015190415928373e-12,3.200639049560135e-12,6.24408811619544e-10,180000.00000000003,8.045006399974227,True
140,A,ESPDI-A,272.4843565594459,-99.57905155587389,783.6954654881664,-28.246991483298377,-15.76528598512903,-55.17610218912719,18.516540480902876,910.819290792404,-1.1368683772161603e-13,0.0,1.7053025658242404e-13,-2.842170943040401e-14,2.842170943040401e-14,-7.105427357601002e-15,4.081757258616412e-14,2.0495186137532011e-13,180000.0069320665,3.8475468000397086,True
140,A,Optimizer-A,272.4843565594459,-99.57905155587389,783.6954654881664,-28.246991483298377,-15.76528598512903,-55.17610218912719,17.430650667664285,877.751771600113,1.295616153873662e-08,-4.986347861942385e-08,8.633578474359638e-08,-4.992717350660314e-11,5.892886179026391e-11,-3.4560798667371273e-10,3.541330454206606e-10,1.0053902898447044e-07,180000.00000236492,17.386917799944058,True
141,T,ESPDI-T,-23.59324774768274,-166.63618938201301,401.53358171813204,3.9053400913406193,27.58293381315933,-65.32414202010806,11.965120548737701,686.3077920249416,-2.6027917072058565e-13,-1.5721407465793535e-12,1.3001817612996736e-11,5.0040700749764966e-14,3.8181263706249524e-13,-2.369882068364859e-12,2.400963552307583e-12,1.3099108099996663e-11,180000.0,0.4745364000555128,True
141,T,Optimizer-T,-23.59324774768274,-166.63618938201301,401.53358171813204,3.9053400913406193,27.58293381315933,-65.32414202010806,11.965120548737701,686.3077920253054,-4.699046707301591e-12,-3.309907903314979e-11,2.1931700899813222e-10,1.071365218763276e-14,8.482103908136196e-14,-5.382361223382759e-13,5.449839579325092e-13,2.218503561157541e-10,180000.0,22.671425799955614,True
141,A,ESPDI-A,-141.24079051153126,-169.30460418857285,936.0899745125195,17.776328905123854,3.8647371809040223,-75.68597802640733,19.16042147504301,977.1939082335539,2.8421709430404007e-13,1.7053025658242404e-13,-4.831690603168681e-13,5.3290705182007514e-14,-1.4210854715202004e-14,-4.973799150320701e-14,7.426786282979547e-14,5.859285502108464e-13,180000.02104353675,3.8158062000293285,True
141,A,Optimizer-A,-141.24079051153126,-169.30460418857285,936.0899745125195,17.776328905123854,3.8647371809040223,-75.68597802640733,18.13696129767074,942.2882241813622,5.041719121535759e-08,-1.425978012329032e-07,8.494113856727381e-09,7.423062164946259e-11,-1.6049384043981263e-12,-1.390802140122105e-09,1.3927825939413425e-09,1.5148655404594675e-07,180000.00002067006,18.29443250002805,True
142,T,ESPDI-T,169.46129940466813,-176.29127710318002,889.6801741549316,-19.375947107235476,20.156876364209637,-99.33377961392038,17.24470988478348,989.1399519902934,-1.231560399451645e-12,1.0135576189104767e-12,-1.2334196381261209e-11,-3.496994360752126e-13,3.3684513511822445e-13,-4.488576177408277e-12,4.514761393588949e-12,1.243689834467847e-11,180000.0,0.5172716000815853,True
142,T,Optimizer-T,169.46129940466813,-176.29127710318002,889.6801741549316,-19.375947107235476,20.156876364209637,-99.33377961392038,17.24470988478348,989.1399519908155,-4.4510617414061926e-11,4.6211034998577816e-11,-6.160352228334887e-10,3.694822225952521e-13,-3.856914787547794e-13,5.10880227011512e-12,5.1366463441365495e-12,6.19367460066903e-10,180000.0,2.3440721998922527,True
142,A,ESPDI-A,482.9326756596182,416.16177077147904,1136.2523123561177,-32.92845682142282,-4.853411141311234,-63.627892058330495,22.309017537199022,1086.31097087548,1.1368683772161603e-13,0.0,-1.7053025658242404e-13,2.842170943040401e-14,-2.842170943040401e-14,-4.973799150320701e-14,6.394884621840902e-14,2.0495186137532011e-13,180000.011178957,3.8512775999261066,True
142,A,Optimizer-A,482.9326756596182,416.16177077147904,1136.2523123561177,-32.92845682142282,-4.853411141311234,-63.627892058330495,21.320580206358017,1052.0775345249913,2.793954079705619e-08,3.48191092677832e-07,-3.4492137146457935e-07,-9.681144774731365e-13,-1.4193091146808001e-12,-6.910028105266974e-12,7.12040535504044e-12,4.90905701182151e-07,180000.00000001868,30.69269619998522,True
143,T,ESPDI-T,-44.24186979510031,222.15361234145925,436.804900487252,6.98108556204398,-35.05442656143417,-67.66960532779464,12.545488992615736,719.5971670593535,1.1329173276591886e-12,-5.0158777955763845e-12,-2.9695168633075975e-11,1.2451845110561521e-13,-5.657002644099407e-13,-3.253591840390868e-12,3.3047513518685873e-12,3.013711286567255e-11,180000.0,0.5300310000311583,True
143,T,Optimizer-T,-44.24186979510031,222.15361234145925,436.804900487252,6.98108556204398,-35.05442656143417,-67.66960532779464,12.545488992615734,719.5971670597282,-1.3619216865379258e-11,6.846012645667088e-11,3.722178121279285e-10,8.337774914934926e-14,-4.1655567883935873e-13,-2.2435386881625163e-12,2.2834045475798884e-12,3.7870618115868066e-10,180000.0,15.284699699957855,True
143,A,ESPDI-A,-2.4761889560823533,215.66687145481433,867.881773124614,-18.111608926926536,-15.469622376977867,-74.54463781995801,18.372429603549566,954.3828783696626,1.7053025658242404e-13,-5.684341886080802e-14,-1.3358203432289883e-12,0.0,0.0,-2.0961010704922955e-13,2.0961010704922955e-13,1.3478604275154994e-12,180000.00769375233,4.0577132999897,True
143,A,Optimizer-A,-2.4761889560823533,215.66687145481433,867.881773124614,-18.111608926926536,-15.469622376977867,-74.54463781995801,17.516348952916147,925.8207170038077,6.515915167371952e-08,-1.3013953335625124e-08,1.659803388065484e-07,-8.456746414253757e-11,1.687983086640088e-12,-3.1935698530105583e-10,3.303685659062904e-10,1.7878632749345574e-07,180000.00000238488,13.621946400031447,True
144,T,ESPDI-T,15.975913013413942,259.4972979750504,749.4917259233705,-1.9731602902107426,-32.05010964640553,-90.51947752882305,15.981580352486883,916.6880584367846,-4.82544462880244e-13,-7.299118164809208e-12,-5.888953734378699e-11,-4.472399013633055e-14,-6.58795934471712e-13,-5.329924002150932e-12,5.370670552852295e-12,5.934212318166403e-11,180000.0,0.4915823000483215,True
144,T,Optimizer-T,15.975913013413942,259.4972979750504,749.4917259233705,-1.9731602902107426,-32.05010964640553,-90.51947752882305,15.981580352486883,916.6880584372702,-1.1930040288987698e-12,-1.9308776799675798e-11,-1.4974865791828051e-10,4.9682480351975755e-15,7.815970093361102e-14,5.613287612504791e-13,5.667659133589177e-13,1.509930881478979e-10,179999.99999999997,2.695694599999115,True
144,A,ESPDI-A,-215.39740901703885,-278.58636277629125,1353.8662242364667,-22.994549080309508,40.40632631350739,-89.50686147168219,22.764141152792238,1202.7181837153676,0.0,7.105427357601002e-14,9.379164112033322e-13,5.684341886080802e-14,7.105427357601002e-15,5.684341886080802e-14,8.070214144311583e-14,9.40604010302929e-13,180000.00533012982,4.819431900046766,True
144,A,Optimizer-A,-215.39740901703885,-278.58636277629125,1353.8662242364667,-22.994549080309508,40.40632631350739,-89.50686147168219,21.860327031381672,1177.8228343126684,-1.2239012945290515e-07,4.836212542594349e-08,-1.4066650066979491e-09,3.2374991576489265e-10,-1.3841455759333599e-10,9.21609455417638e-11,3.639591152790186e-10,1.3160629798628422e-07,180000.00000672345,16.14685149991419,True
145,T,ESPDI-T,-254.07725753090082,-196.14954866492644,400.86840736817794,40.65207902558079,31.383709941803076,-62.917437529173185,12.374350815930713,709.7808460541928,4.41803559882159e-12,2.90276721930105e-12,-1.7383948013732775e-11,1.3393175457565576e-12,1.0144801665390446e-12,-5.832639926595107e-12,6.0698130127693245e-12,1.8169940688567677e-11,180000.0,0.3862620999570936,True
145,T,Optimizer-T,-254.07725753090082,-196.14954866492644,400.86840736817794,40.65207902558079,31.383709941803076,-62.917437529173185,12.374350815930711,709.7808460545639,-8.977485421723941e-11,-6.928568829778214e-11,4.0687453406462737e-10,1.0977885267493548e-12,8.575362642204709e-13,-4.9826809345177026e-12,5.1737430733581974e-12,4.2238243041458485e-10,180000.00000000003,21.37199450004846,True
145,A,ESPDI-A,-213.23653523900566,-277.5920303621737,1083.1982102366787,9.437703058305885,30.68758178714542,-58.94968135433686,22.00243637192645,1019.5356188531678,-5.684341886080802e-14,-1.1368683772161603e-13,-7.389644451905042e-13,-1.4210854715202004e-14,-7.105427357601002e-15,-1.4210854715202004e-13,1.4299396722704293e-13,7.498161925396357e-13,180000.06372080967,3.789996900013648,True
145,A,Optimizer-A,-213.23653523900566,-277.5920303621737,1083.1982102366787,9.437703058305885,30.68758178714542,-58.94968135433686,20.19820959209783,958.551690913986,3.753048216049968e-09,-4.596389021384298e-09,-1.0904878422479669e-07,1.7763568394002505e-13,1.0014211682118912e-13,-1.5241141682054149e-12,1.5376953136088933e-12,1.092101163073008e-07,180000.00000000003,32.38689759990666,True
146,T,ESPDI-T,2.294502208233674,281.0657339583862,313.3142607241916,-0.4088618021107919,-50.083648682248274,-54.84560986724487,11.122585116160725,637.9807709908182,-1.8261821125664743e-13,-2.207469905653181e-11,-7.286516051988046e-11,-7.114426235632632e-15,-8.402861739753575e-13,-2.802591492212514e-12,2.9258589407995685e-12,7.61357820307605e-11,180000.0,0.35570980003103614,True
146,T,Optimizer-T,2.294502208233674,281.0657339583862,313.3142607241916,-0.4088618021107919,-50.083648682248274,-54.84560986724487,11.122585116160725,637.9807709911474,1.2055911824404575e-12,1.4761925015704946e-10,4.834026512412493e-10,-8.014422459012849e-15,-9.778844400898379e-13,-3.2009950245992513e-12,3.34704218029088e-12,5.054414107432211e-10,180000.00000000003,38.980347000062466,True
146,A,ESPDI-A,120.04469260900396,-259.0813847779193,1728.6257344981161,33.04578415608886,19.005180324951553,-84.24802243425549,26.572658040119574,1305.1104903404794,-4.547473508864641e-13,5.684341886080802e-14,-5.684341886080802e-14,-2.842170943040401e-14,1.4210854715202004e-14,-2.842170943040401e-14,4.263256414560601e-14,4.617981178760124e-13,180000.03731812834,3.8401117000030354,True
146,A,Optimizer-A,120.04469260900396,-259.0813847779193,1728.6257344981161,33.04578415608886,19.005180324951553,-84.24802243425549,24.992556818740944,1260.0860316477501,-1.2817572304323208e-07,-9.219034614832911e-09,1.545244074918628e-07,5.054801022197353e-11,1.1165290914050274e-11,-1.680753314303729e-10,1.7586665998427847e-10,2.0097711085493316e-07,180000.0000011098,27.21864590002224,True
147,T,ESPDI-T,-252.89596139408863,-369.825849349236,930.1976948607801,27.946548744778,40.8680157205505,-100.23294375154698,17.833757056225267,1022.927130479975,4.818063266062711e-12,7.228287982269724e-12,-4.903346335189372e-11,5.805338848530184e-13,8.602354939490908e-13,-5.842520911514271e-12,5.933976347946958e-12,4.9797012049639205e-11,180000.0,0.5396932000294328,True
147,T,Optimizer-T,-252.89596139408863,-369.825849349236,930.1976948607801,27.946548744778,40.8680157205505,-100.23294375154698,17.833757056225267,1022.9271304805152,8.711253940418828e-12,1.2675638316750337e-11,-8.568612486214988e-11,-1.3100631690576847e-13,-1.8918200339612667e-13,1.2363443602225743e-12,1.2575769807579786e-12,8.705555551395599e-11,180000.0,1.9277879999717698,True
147,A,ESPDI-A,453.55756865633873,339.91552240422834,1164.6731452700928,1.9583450105237645,-29.063211396409766,-62.78521489681998,22.619239935969418,1109.76838382407,4.547473508864641e-13,-2.2737367544323206e-13,-5.684341886080802e-14,2.842170943040401e-14,-2.842170943040401e-14,-1.4210854715202004e-14,4.263256414560601e-14,5.115907697472721e-13,180000.00293066943,3.8262406999710947,True
147,A,Optimizer-A,453.55756865633873,339.91552240422834,1164.6731452700928,1.9583450105237645,-29.063211396409766,-62.78521489681998,21.752778251201043,1078.4852186192475,1.0503082166482914e-08,7.070569095678409e-08,-1.5511028905734747e-07,-1.5045742429720121e-12,-1.9699797348948778e-12,-2.0328627670096466e-11,2.0479200832989624e-11,1.7078879131876904e-07,180000.0000000011,40.35172260005493,True
148,T,ESPDI-T,472.2439759248938,498.472440124791,1088.3544158948625,-47.845947796235855,-50.50331515899774,-107.22298958204718,19.424758896012204,1114.1854638435343,-1.2901346007135328e-11,-1.3776172151820643e-11,-8.178914967169049e-11,-1.2712469965592277e-12,-1.3593154379876182e-12,-8.140571550185882e-12,8.350611507542913e-12,8.393862431545214e-11,180000.0,0.6591776999412104,True
148,T,Optimizer-T,472.2439759248938,498.472440124791,1088.3544158948625,-47.845947796235855,-50.50331515899774,-107.22298958204718,19.424758896012204,1114.1854638441218,-7.44639905292388e-11,-7.847988925391292e-11,-4.6264503339443763e-10,3.517186542012496e-13,3.7836400679225335e-13,2.2026824808563106e-12,2.2624489927554914e-12,4.751256737194754e-10,180000.0,5.724670400028117,True
148,A,ESPDI-A,442.29158874395864,139.37949342448815,1477.776343230145,2.6133884617693113,-38.97679927097802,-84.56230247669667,24.27857242631981,1243.6657385743092,0.0,-2.2737367544323206e-13,-1.7053025658242404e-13,5.684341886080802e-14,-7.105427357601002e-14,-1.4210854715202004e-14,9.209686451197087e-14,2.8421709430404007e-13,180000.00584445527,3.8187502999790013,True
148,A,Optimizer-A,442.29158874395864,139.37949342448815,1477.776343230145,2.6133884617693113,-38.97679927097802,-84.56230247669667,23.304576402035476,1214.2767103694823,9.690129533886686e-09,-4.545140885172577e-09,4.604571302024851e-08,4.177991286269389e-11,-4.375300122205772e-11,-2.487823280716839e-10,2.560322889705879e-10,4.72732969401612e-08,180000.0000039892,28.459360699984245,True
149,T,ESPDI-T,-104.83763201268644,-443.5276582527563,720.3051710715893,12.902781716077655,54.586701832276134,-86.58722650538286,16.03724193076631,919.8807529636779,1.7386826706025996e-12,6.629096631436543e-12,-3.0520040379504454e-11,2.9241539745150646e-13,1.227615231691459e-12,-5.355035859189172e-12,5.501722909684703e-12,3.128003843259403e-11,180000.0,0.4783805999904871,True
149,T,Optimizer-T,-104.83763201268644,-443.5276582527563,720.3051710715893,12.902781716077655,54.586701832276134,-86.58722650538286,16.03724193076631,919.8807529641635,-1.6552981207951234e-11,-6.98467950144277e-11,3.1304203673698794e-10,9.658940314238862e-14,4.263256414560601e-13,-1.8420820424580597e-12,1.8932377865732504e-12,3.2116645641333715e-10,180000.0,2.023649299982935,True
149,A,ESPDI-A,353.5956086027055,-309.2306413101107,1547.263327577557,5.525718297601671,1.1341654290798502,-61.16359456943139,26.50841925925643,1223.0372359011799,-4.547473508864641e-13,1.1368683772161603e-13,-9.094947017729282e-13,-1.7053025658242404e-13,5.684341886080802e-14,-1.4210854715202004e-13,2.2914314707516465e-13,1.0231815394945443e-12,180000.0211973281,3.7630173000507057,True
149,A,Optimizer-A,353.5956086027055,-309.2306413101107,1547.263327577557,5.525718297601671,1.1341654290798502,-61.16359456943139,24.924060359709948,1172.3908550910328,-1.7339743121722134e-07,1.6939384803980644e-07,3.6317046792078145e-07,2.0801138589376933e-12,-1.283417816466681e-12,-1.5868550917730317e-10,1.5870433156602165e-10,4.3663913438474953e-07,180000.00000589,36.75772140000481,True
150,T,ESPDI-T,202.35099274577894,-89.71584753074737,1088.724015973698,-21.104956622455113,9.357251203911957,-110.67928755882275,18.878176375965968,1082.8340168635896,-9.710364252825778e-12,4.445592551987352e-12,-1.3660160893061435e-10,-5.68448500076757e-13,2.5824828386866727e-13,-7.852635208749348e-12,7.877417444508736e-12,1.3701844412156103e-10,180000.0,0.5586660999106243,True
150,T,Optimizer-T,202.35099274577894,-89.71584753074737,1088.724015973698,-21.104956622455113,9.357251203911957,-110.67928755882275,18.878176375965968,1082.834016864159,-1.9697576902899527e-11,8.726908085066043e-12,-2.7624835752249055e-10,5.1736392947532295e-14,-2.1871393585115584e-14,6.608047442568932e-13,6.631876975977423e-13,2.770871857276056e-10,179999.99999999997,2.236592200002633,True
150,A,ESPDI-A,-197.2903641851176,3.776462340152932,1413.8105838125352,38.358177810912395,5.9033903841569355,-57.097383622639505,25.572383537120075,1153.7838229659683,-1.1368683772161603e-13,8.526512829121202e-14,6.821210263296962e-13,-7.105427357601002e-14,-3.552713678800501e-15,-1.4210854715202004e-14,7.25484662803742e-14,6.967667714054223e-13,180000.10462450044,3.8417639000108466,True
150,A,Optimizer-A,-197.2903641851176,3.776462340152932,1413.8105838125352,38.358177810912395,5.9033903841569355,-57.097383622639505,23.339764688469263,1086.1010768178767,-2.732415649960948e-07,-5.83993114543394e-08,2.2572833557887861e-07,-1.8813395286088053e-11,-8.159029007970275e-12,-6.52029541470256e-11,6.835158246919103e-11,3.592001028717376e-07,180000.00000119963,26.22972059994936,True
151,T,ESPDI-T,-73.17953155173512,206.9791293502581,556.3626280766981,10.38150953058674,-29.362798017682874,-77.37440484398738,13.937906488392668,799.4648936911908,7.781570526832482e-13,-2.501443388362723e-12,-1.723518344102365e-11,1.8161513959391584e-13,-5.411851522474365e-13,-3.8642006261468964e-12,3.90613772248968e-12,1.7433137860682455e-11,180000.0,0.560312099987641,True
151,T,Optimizer-T,-73.17953155173512,206.9791293502581,556.3626280766981,10.38150953058674,-29.362798017682874,-77.37440484398738,13.937906488392667,799.4648936916055,-1.680744432519532e-11,4.753775151300488e-11,3.4639846546724584e-10,8.548717289613705e-14,-2.446931546273845e-13,-1.7781331962396507e-12,1.7969252795318762e-12,3.5004888927365484e-10,180000.0,26.834030199912377,True
151,A,ESPDI-A,419.8107855930698,33.14237898727174,1783.9523859546532,-0.12235183389295656,-12.989436911657563,-71.94029500231719,27.92212461236283,1287.7955804435314,-4.547473508864641e-13,3.410605131648481e-13,0.0,2.842170943040401e-14,2.1316282072803006e-14,2.842170943040401e-14,4.5496934130773415e-14,5.684341886080801e-13,180000.04809258692,3.79271810001228,True
151,A,Optimizer-A,419.8107855930698,33.14237898727174,1783.9523859546532,-0.12235183389295656,-12.989436911657563,-71.94029500231719,25.936741233535493,1226.7011537970193,3.5009587154328566e-09,1.775238299879433e-08,3.4748481425594946e-08,-1.1528555887707626e-11,2.2094326368460315e-11,5.143157011389121e-10,5.149191269476624e-10,3.9177299236266454e-08,180000.00000527094,31.17183619993739,True
152,T,ESPDI-T,39.940328611340206,89.06488844345347,1083.0477777105884,-4.188344607078946,-9.339794091887143,-110.73153319589166,18.777852632572028,1077.0795435562868,-5.839308370078736e-13,-1.4708860075127162e-12,-4.186255729815135e-11,-5.308676675336299e-14,-1.26479122314338e-13,-3.695287131844083e-12,3.697832089205538e-12,4.189245975602901e-11,180000.0,0.5592015000293031,True
152,T,Optimizer-T,39.940328611340206,89.06488844345347,1083.0477777105884,-4.188344607078946,-9.339794091887143,-110.73153319589166,18.777852632572028,1077.0795435568434,1.5961121313523563e-12,3.5867975256564932e-12,1.1315037795611715e-10,4.335420911161236e-14,9.869882688917642e-14,3.083755473198835e-12,3.0856391338522984e-12,1.1321846458081857e-10,180000.0,2.8580726999789476,True
152,A,ESPDI-A,-372.30228403621004,173.7247066592539,1779.5739678579478,41.3455087550343,-36.741837760951626,-84.14542013009512,27.059470909487818,1302.3715968010274,3.2818192607919627e-13,-3.410605131648481e-13,9.663381206337363e-13,3.7969627442180354e-14,-4.263256414560601e-14,8.526512829121202e-14,1.0261271966108311e-13,1.0760274223435302e-12,180000.0787337696,3.9405076999682933,True
152,A,Optimizer-A,-372.30228403621004,173.7247066592539,1779.5739678579478,41.3455087550343,-36.741837760951626,-84.14542013009512,25.09293797381776,1242.8996484171585,2.3784822406139921e-07,-3.23417898623542e-07,-2.7394165158511896e-07,2.7345348208029918e-11,-3.61737306775467e-11,-2.0516921495072893e-10,2.1012071202822557e-10,4.860194886137921e-07,180000.00000237566,18.59088009991683,True
153,T,ESPDI-T,316.27637720254376,-212.7767486941719,976.8958893537617,-34.379114132612074,23.12874642369661,-103.54283086418107,18.125600997601556,1039.667017905762,-7.644339914098208e-12,5.5407818721642124e-12,-6.340734468601501e-11,-6.039452792039324e-13,4.3269045030963627e-13,-4.851477726497411e-12,4.908034948608491e-12,6.410637687943607e-11,180000.0,0.6584881000453606,True
153,T,Optimizer-T,316.27637720254376,-212.7767486941719,976.8958893537617,-34.379114132612074,23.12874642369661,-103.54283086418107,18.125600997601556,1039.6670179063003,1.7712942224079598e-11,-1.1942891120497734e-11,1.4587442365154857e-10,1.3988810110276972e-13,-9.814371537686384e-14,1.2612133559741778e-12,1.2727372073549833e-12,1.474304189990014e-10,180000.0,2.4332273999461904,True
153,A,ESPDI-A,-25.64794773062897,-21.292891558283486,875.6430036232684,0.7163617370740312,-18.03586944215236,-85.48523951382427,17.795540840820863,969.0940502174253,1.4210854715202004e-14,-2.8421709430404007e-13,-1.3073986337985843e-12,3.552713678800501e-15,-5.684341886080802e-14,-2.1671553440683056e-13,2.2407458333221766e-13,1.3380106474706294e-12,180000.0112505496,3.7419164000311866,True
153,A,Optimizer-A,-25.64794773062897,-21.292891558283486,875.6430036232684,0.7163617370740312,-18.03586944215236,-85.48523951382427,17.2777732891267,951.6577006930092,2.5622783310683905e-10,1.7330922356097842e-08,1.109277611988091e-07,-1.15318865567815e-12,-8.360201420032354e-11,-5.254285895262001e-10,5.320393118125001e-10,1.1227374905558096e-07,180000.0000027072,11.394173600012437,True
154,T,ESPDI-T,245.99363908256134,-101.31829847854273,312.36044328412845,-44.12666126969933,18.174609124280764,-55.060170051503434,11.049510979269987,633.7893088706223,-1.426532720075202e-11,5.723607677220188e-12,-5.231264965481486e-11,-5.670741654029143e-13,2.2640916919058895e-13,-2.0728974092776298e-12,2.160957632706133e-12,5.4524054864753505e-11,180000.0,0.3487272000638768,True
154,T,Optimizer-T,245.99363908256134,-101.31829847854273,312.36044328412845,-44.12666126969933,18.174609124280764,-55.060170051503434,11.049510979269987,633.7893088709461,1.6219026122143987e-10,-6.68227695399537e-11,6.007860875456572e-10,-8.22453216642316e-13,3.3439917501709715e-13,-3.0375701953744283e-12,3.164661876669362e-12,6.258713017485997e-10,179999.99999999997,17.54866630001925,True
154,A,ESPDI-A,-323.55495818191446,-32.84582073985587,1404.415437968119,35.77743855601868,-1.8635393427048825,-63.011826923825126,25.109695192297814,1139.390589025821,-4.831690603168681e-13,-2.842170943040401e-14,1.4210854715202004e-12,-5.684341886080802e-14,7.105427357601002e-15,1.7053025658242404e-13,1.7989505211591227e-13,1.5012474985092304e-12,180000.09277879202,3.8054042999865487,True
154,A,Optimizer-A,-323.55495818191446,-32.84582073985587,1404.415437968119,35.77743855601868,-1.8635393427048825,-63.011826923825126,22.89292801031142,1066.0672782256788,-3.123474087068848e-08,4.712412412228048e-08,1.4576076523553638e-07,-3.892364208724075e-11,2.0513812870603942e-11,5.714539952350606e-11,7.212116969743975e-11,1.563409504691599e-07,180000.00000735116,49.32445129996631,True
155,T,ESPDI-T,-241.45345188022333,-264.02404517888306,1150.8545815473026,24.418591441141785,26.701193292771336,-113.33182678204385,19.45960893871918,1116.1844287319163,4.227122111003477e-12,4.094875358392168e-12,-4.556325173925291e-11,6.670688307286454e-13,7.130875750993582e-13,-8.234732340461903e-12,8.292423736986668e-12,4.5941772654052376e-11,180000.0,0.7324512000195682,True
155,T,Optimizer-T,-241.45345188022333,-264.02404517888306,1150.8545815473026,24.418591441141785,26.701193292771336,-113.33182678204385,19.45960893871918,1116.1844287325075,6.99975633011718e-11,7.654010758528784e-11,-8.726743772058398e-10,-3.739231146937527e-13,-4.0678571622265736e-13,4.558131649901043e-12,4.5914983668138946e-12,8.78816599506899e-10,179999.99999999997,8.590641799964942,True
155,A,ESPDI-A,146.46743322190287,354.5907387839852,1413.6968971705203,24.152052416619256,7.6162169296706,-64.63752910263138,24.934319611997,1211.1792341024538,-2.2737367544323206e-13,-9.094947017729282e-13,1.2505552149377763e-12,0.0,-2.842170943040401e-14,8.526512829121202e-14,8.987733679556355e-14,1.5629356181383992e-12,180000.00159332875,3.93979680002667,True
155,A,Optimizer-A,146.46743322190287,354.5907387839852,1413.6968971705203,24.152052416619256,7.6162169296706,-64.63752910263138,23.711081051971956,1174.13279573812,-2.3372798783021754e-07,-2.1465053617228022e-07,2.5740648013083955e-07,-1.0488765411764689e-10,-6.615508141294413e-11,6.875211511214729e-10,6.986152360365837e-10,4.086094969375504e-07,180000.00000781985,24.31722389999777,True
156,T,ESPDI-T,-395.3770829963104,237.8524233531847,863.0917049969414,45.06714400010429,-27.111660930868304,-95.97396000686626,17.297374350620554,992.1607350337727,3.9386172275002185e-12,-2.1422577253793484e-12,-2.2551488888106208e-11,3.326616759835588e-12,-1.977813746112389e-12,-1.9552415242429788e-11,1.993176028587367e-11,2.299286030264801e-11,180000.0,0.5891541000455618,True
156,T,Optimizer-T,-395.3770829963104,237.8524233531847,863.0917049969414,45.06714400010429,-27.111660930868304,-95.97396000686626,17.297374350620554,992.1607350343038,1.1079359651944287e-10,-6.666711627190125e-11,-6.533174001788211e-10,1.652011860642233e-12,-9.916512055951898e-13,-9.794831612452981e-12,9.982546850256666e-12,6.65990503534501e-10,180000.0,22.735879600048065,True
156,A,ESPDI-A,-131.62637103700735,172.09455545108005,1772.1371237145233,7.13719161190334,0.006871458883985326,-89.37335406769847,26.72678741066759,1277.6682455040063,2.842170943040401e-14,1.1368683772161603e-13,-9.094947017729282e-13,1.7763568394002505e-14,-2.842170943040401e-14,-1.5631940186722204e-13,1.5987211554602254e-13,9.170131423219162e-13,180000.06361081704,3.861993500031531,True
156,A,Optimizer-A,-131.62637103700735,172.09455545108005,1772.1371237145233,7.13719161190334,0.006871458883985326,-89.37335406769847,24.765101067696865,1212.3037550098325,6.174801684619549e-08,-8.589103029498652e-08,5.002017893218635e-07,1.1254552845230137e-11,-2.7707613980965107e-11,-2.5924506985575135e-10,2.6096433295908013e-10,5.112650161221343e-07,180000.00000313573,18.12166740000248,True
157,T,ESPDI-T,-292.5269688113569,326.9383447008081,322.5263186981716,48.51114360486456,-54.21774633006715,-52.34944022832603,11.943196392878427,685.0502435582548,-2.7847441149905783e-12,3.125366935738394e-12,8.503242706313363e-12,7.546047120499111e-13,-8.29628032938956e-13,-2.6810220710160593e-12,2.9061297785476356e-12,9.477755788764177e-12,180000.0,0.371324900072068,True
157,T,Optimizer-T,-292.5269688113569,326.9383447008081,322.5263186981716,48.51114360486456,-54.21774633006715,-52.34944022832603,11.943196392878427,685.0502435586095,-1.2855583264581583e-10,1.4373258139244172e-10,4.4927350728585225e-10,6.323830348264892e-13,-7.123190925995004e-13,-2.2453150450019166e-12,2.4390052160112522e-12,4.889093386405343e-10,179999.99999999997,9.063805399928242,True
157,A,ESPDI-A,254.76327407861072,296.1441047681916,1763.950958093986,2.26372284017674,17.700222756612796,-88.91668750471888,26.573181048357544,1322.3018017930117,-1.1368683772161603e-13,-6.821210263296962e-13,-1.0231815394945443e-12,-2.842170943040401e-14,-1.7053025658242404e-13,-1.5631940186722204e-13,2.330753469956438e-13,1.2349551629086154e-12,180000.00055475818,3.8841732000000775,True
157,A,Optimizer-A,254.76327407861072,296.1441047681916,1763.950958093986,2.26372284017674,17.700222756612796,-88.91668750471888,25.261013795453515,1283.3270036629256,-5.8347633653125486e-08,-1.2032974327759447e-07,2.2542366551192572e-07,-2.417532840581771e-11,-4.285816146420984e-11,-1.9915447069251968e-10,2.0514329553860418e-10,2.621059374432478e-07,180000.00000354074,29.8958628999535,True
158,T,ESPDI-T,250.60632649859792,-189.59915798992301,934.4978457054096,-27.907910157772008,21.114057019632327,-101.54671643270983,17.69881162589736,1015.1867905515173,-2.2511430111497865e-12,1.8532154435167703e-12,-2.5725417022309793e-11,-6.82807976826183e-13,5.242993539322782e-13,-6.818129394403627e-12,6.8722634542472275e-12,2.5890135830243996e-11,180000.0,0.5475849999347702,True
158,T,Optimizer-T,250.60632649859792,-189.59915798992301,934.4978457054096,-27.907910157772008,21.114057019632327,-101.54671643270983,17.69881162589736,1015.1867905520558,-2.5941027104181558e-11,1.9727997013774257e-11,-2.5638335898747755e-10,1.354472090042691e-13,-9.703349235223868e-14,1.3500311979441904e-12,1.3602741196125668e-12,2.5844643065652337e-10,179999.99999999997,3.8043515000026673,True
158,A,ESPDI-A,90.36012114477046,-162.52477428531688,1069.4907145919956,-20.826362901627803,15.642790905965455,-56.576080654049235,22.01347799248839,1009.9997107207637,2.842170943040401e-14,1.1368683772161603e-13,-9.094947017729282e-13,0.0,2.4868995751603507e-14,-1.1368683772161603e-13,1.163751005191159e-13,9.170131423219162e-13,180000.09050430552,3.848096099914983,True
158,A,Optimizer-A,90.36012114477046,-162.52477428531688,1069.4907145919956,-20.826362901627803,15.642790905965455,-56.576080654049235,20.059026492759326,945.0474421786294,-4.777116244623657e-07,2.1128809105808476e-08,-4.791184231578427e-07,-6.132871988029365e-13,-3.8413716652030416e-14,1.595168441781425e-12,1.7094324085783429e-12,6.769115792553408e-07,180000.00000000378,29.521411600057036,True
159,T,ESPDI-T,-301.59514487767353,-255.10844785858183,716.0047237836941,37.498953239540484,31.71901113043708,-87.00281208462474,15.8767042644139,910.6724670226904,3.739548970639996e-12,3.0276014082905014e-12,-2.4677444536067537e-11,9.391133704017562e-13,7.775303838275516e-13,-6.064397248262132e-12,6.1857417829207585e-12,2.5142133275082024e-11,180000.0,0.6308736000210047,True
159,T,Optimizer-T,-301.59514487767353,-255.10844785858183,716.0047237836941,37.498953239540484,31.71901113043708,-87.00281208462474,15.8767042644139,910.6724670231779,2.071853799634482e-11,1.7521317730029295e-11,-1.3388934405611508e-10,2.6645352591003757e-14,1.865174681370263e-14,-9.414691248821327e-14,9.960674477646916e-14,1.366111666134192e-10,180000.00000000003,22.14296910003759,True
159,A,ESPDI-A,-312.63294468337347,326.39497901518337,1599.5449190573818,3.638178789548995,20.377547209196052,-67.2278637749785,26.516455808904908,1266.8674317727891,0.0,9.094947017729282e-13,1.5916157281026244e-12,2.842170943040401e-14,2.842170943040401e-14,1.7053025658242404e-13,1.7520318360109786e-13,1.8331451766013172e-12,180000.00016981232,3.8648011999903247,True
159,A,Optimizer-A,-312.63294468337347,326.39497901518337,1599.5449190573818,3.638178789548995,20.377547209196052,-67.2278637749785,25.20804330942508,1224.487129094281,-5.703974352991032e-08,1.5698000367496062e-07,-2.7021607351684906e-07,-4.773870188046203e-11,-1.071498445526231e-11,1.1976943881109037e-09,1.19869330600511e-09,3.176680347195981e-07,180000.00000351068,22.63802069996018,True
160,T,ESPDI-T,128.0769642591285,-246.23651377544357,614.3460395820973,-17.26301514940603,33.1892990455498,-81.08484696329566,14.660795738341323,840.9291249114249,-4.570121516465908e-12,8.869713503164428e-12,-6.053459106593675e-11,-3.40545300292483e-13,6.701375565576484e-13,-4.572092704435704e-12,4.633474629715214e-12,6.135140213412952e-11,180000.0,0.4449023000197485,True
160,T,Optimizer-T,128.0769642591285,-246.23651377544357,614.3460395820973,-17.26301514940603,33.1892990455498,-81.08484696329566,14.660795738341324,840.9291249118614,3.122502256758253e-11,-5.996803054131306e-11,4.0676795265426335e-10,-1.7985612998927536e-13,3.5083047578154947e-13,-2.4016344468691386e-12,2.4337785985212912e-12,4.1234855890119336e-10,180000.0,2.0922801999840885,True
160,A,ESPDI-A,40.349355517763115,-158.32955801666816,1582.7567709381901,26.1560374351902,-7.186372575610605,-87.32710610028015,25.114415463950035,1249.2704717136767,1.1368683772161603e-13,1.1368683772161603e-13,1.1368683772161603e-12,0.0,4.263256414560601e-14,9.947598300641403e-14,1.0822664515137473e-13,1.1481807789962292e-12,180000.0371561728,3.893287800019607,True
160,A,Optimizer-A,40.349355517763115,-158.32955801666816,1582.7567709381901,26.1560374351902,-7.186372575610605,-87.32710610028015,23.608056009225216,1204.9121479038895,-1.9397281156047063e-07,1.2573501399422006e-07,1.9472346934890084e-07,2.8048674494129955e-11,-1.3393730569077889e-11,-1.1388223697395006e-10,1.1804780412030385e-10,3.0224489223818635e-07,180000.0000011504,24.160571399959736,True
161,T,ESPDI-T,280.61131782930937,-51.302769493281055,1014.1734120654392,-30.157881702503182,5.513615293059139,-106.28920262362321,18.32941619978105,1051.3576616246573,-1.5438359808893397e-11,2.8254746861348825e-12,-1.4696500212543068e-10,-6.557853218791543e-13,1.2040303649929474e-13,-6.206646308015706e-12,6.242356099454388e-12,1.478006701964463e-10,180000.0,0.5521871999371797,True
161,T,Optimizer-T,280.61131782930937,-51.302769493281055,1014.1734120654392,-30.157881702503182,5.513615293059139,-106.28920262362321,18.32941619978105,1051.357661625203,5.763611810039038e-12,-1.0632605906835124e-12,5.505285116669256e-11,6.661338147750939e-15,-2.220446049250313e-15,9.592326932761353e-14,9.617992204755728e-14,5.536394283071361e-11,180000.0,1.5770901000360027,True
161,A,ESPDI-A,-311.9192154743715,-117.56385485515506,1656.5918527470249,-10.885674337666252,36.363704260454114,-78.77002714147045,26.284704001317124,1283.9216920531853,-4.547473508864641e-13,-1.1368683772161603e-13,3.979039320256561e-13,-5.684341886080802e-14,-1.4210854715202004e-14,1.4210854715202004e-14,6.029155041345696e-14,6.148555841259604e-13,180000.02973997765,3.8369896999793127,True
161,A,Optimizer-A,-311.9192154743715,-117.56385485515506,1656.5918527470249,-10.885674337666252,36.363704260454114,-78.77002714147045,24.708306203676905,1240.621985224163,2.485677895803802e-07,-2.5095859573279764e-07,2.4504257467583557e-07,-9.848299953318929e-11,8.51070325325054e-11,2.38184583167822e-10,2.71429555948449e-10,4.2989769270469033e-07,180000.00000372855,28.440798500087112,True
162,T,ESPDI-T,-314.9378856525195,201.6750632009868,980.9542923773731,34.18681471174611,-21.892024845936994,-103.8309410318972,18.15003621948566,1041.0685987014258,1.8785067481614974e-12,-8.11353691236756e-13,-1.4392034908616866e-11,7.769284483339148e-13,-4.972770513509556e-13,-6.630115808583734e-12,6.693977734864583e-12,1.4536772379934216e-11,180000.0,0.5459263999946415,True
162,T,Optimizer-T,-314.9378856525195,201.6750632009868,980.9542923773731,34.18681471174611,-21.892024845936994,-103.8309410318972,18.15003621948566,1041.0685987019606,-7.883427244337327e-11,5.0415893682043134e-11,6.491944759545731e-10,3.717026686445024e-13,-2.4424906541753444e-13,-3.1299407510232413e-12,3.1613841248337278e-12,6.559040116185965e-10,180000.0,3.410623100004159,True
162,A,ESPDI-A,10.598776393074047,-137.16592730462975,1624.5632854890491,37.8456286348145,-13.57225752997379,-92.9007362491496,25.09105704958243,1288.8935197173741,-4.547473508864641e-13,2.2737367544323206e-13,-1.1368683772161603e-12,-8.526512829121202e-14,-1.4210854715202004e-14,-1.0658141036401503e-13,1.3722859588816026e-13,1.2453769102311665e-12,180000.02027208533,4.788394800038077,True
162,A,Optimizer-A,10.598776393074047,-137.16592730462975,1624.5632854890491,37.8456286348145,-13.57225752997379,-92.9007362491496,23.82690080154981,1254.3418846681725,3.0869515804437995e-08,-2.6350472856376845e-08,2.5000117531703836e-07,1.1859047077678042e-10,-4.525979591107898e-11,-8.749267976781994e-10,8.840865626059474e-10,2.5327428232186475e-07,180000.00000845,16.331459300010465,True
163,T,ESPDI-T,-361.5384273432478,-25.43110498053276,699.6896347905281,45.57529057055332,3.205827960073613,-86.23539963197625,15.66243534702768,898.3822082666757,-4.094853769216408e-12,-2.6176028236775915e-13,2.1805727796336827e-11,1.0581743814519484e-12,7.787217051746786e-14,-5.702105454474804e-12,5.799983078462697e-12,2.2188422894938424e-11,180000.0,0.626585700083524,True
163,T,Optimizer-T,-361.5384273432478,-25.43110498053276,699.6896347905281,45.57529057055332,3.205827960073613,-86.23539963197625,15.66243534702768,898.382208267154,4.766853578530572e-12,3.3525959786118165e-13,-2.560440748311521e-11,2.7533531010703882e-14,1.4432899320127035e-15,-2.0605739337042905e-13,2.0789378965799093e-13,2.6046515594192515e-11,180000.0,19.212168899946846,True
163,A,ESPDI-A,-149.27143580184133,-109.52492631506061,1656.5925271881226,-19.338482556806753,29.335985802538787,-85.0595638485237,25.911777812097153,1274.5533472210936,1.1368683772161603e-13,0.0,-2.4442670110147446e-12,5.684341886080802e-14,2.842170943040401e-14,-2.8421709430404007e-13,2.9123585721775947e-13,2.4469094626091287e-12,180000.04777804567,3.852350900066085,True
163,A,Optimizer-A,-149.27143580184133,-109.52492631506061,1656.5925271881226,-19.338482556806753,29.335985802538787,-85.0595638485237,24.26827972732528,1227.5256966801699,-1.1647986797441523e-07,7.598904922298959e-08,1.4755590171944277e-07,1.667173066266514e-10,-1.907549673774156e-10,1.1613288108947017e-09,1.188640704722039e-09,2.0276745147431574e-07,180000.00001493632,18.462298700003885,True
164,T,ESPDI-T,195.51912733865282,44.120409678406105,954.757911865479,-21.684109331302643,-4.8931876907947185,-103.34652806471237,17.770528678030427,1019.3004115969143,-2.5850580356867603e-12,-6.934225668165685e-13,-3.508267786521413e-11,-2.1606327837986328e-13,-5.291166810250658e-14,-2.8400060081423817e-12,2.8487044618862222e-12,3.518462229580452e-11,180000.0,0.6884107000660151,True
164,T,Optimizer-T,195.51912733865282,44.120409678406105,954.757911865479,-21.684109331302643,-4.8931876907947185,-103.34652806471237,17.770528678030427,1019.3004115974472,3.3779645747245013e-12,7.601697049608447e-13,4.304112621866807e-11,2.937650123158164e-13,6.500355809180292e-14,3.6557423754857155e-12,3.6681024605301646e-12,4.318016962472183e-11,179999.99999999997,6.776156200096011,True
164,A,ESPDI-A,-102.42663159948751,438.43165095840914,1578.9329286428829,-31.01065150529508,-26.898054624391715,-60.180879750955384,26.847904716783486,1239.3508196591447,-9.094947017729282e-13,2.2737367544323206e-13,1.9326762412674725e-12,-2.842170943040401e-14,2.842170943040401e-14,1.9895196601282805e-13,2.029716037140716e-13,2.14804954654155e-12,180000.0539808969,3.823045700090006,True
164,A,Optimizer-A,-102.42663159948751,438.43165095840914,1578.9329286428829,-31.01065150529508,-26.898054624391715,-60.180879750955384,25.061976281273054,1186.5412757461763,3.9474337176138854e-07,1.6375994241686754e-10,3.1286112900374974e-07,-1.70263803056514e-11,4.3085535139653075e-12,7.603517815368832e-11,7.803723198934275e-11,5.036908202542205e-07,180000.00000076392,23.218391599948518,True
165,T,ESPDI-T,-358.07019257506334,-75.74913596285481,1046.4632462440559,37.77968236639812,7.992227098338645,-107.60371425546012,18.66503288432089,1070.6083114442772,5.627457619903145e-12,1.0485690142775575e-12,-4.178532281469416e-11,9.857115124134452e-13,2.021421224851494e-13,-7.466277596179793e-12,7.533776593887259e-12,4.2175596960442764e-11,180000.0,0.5691024999832734,True
165,T,Optimizer-T,-358.07019257506334,-75.74913596285481,1046.4632462440559,37.77968236639812,7.992227098338645,-107.60371425546012,18.66503288432089,1070.6083114448338,-2.6652902107571208e-11,-5.633271626948044e-12,2.0543033940612077e-10,1.4654943925052066e-13,3.275157922644212e-14,-1.1013412404281553e-12,1.1115313454663775e-12,2.0722870285868395e-10,180000.0,1.9423763999948278,True
165,A,ESPDI-A,-224.7114868596869,-79.73839414963459,1539.5254821432418,-11.764596653945887,-27.36526315623721,-73.6040380633325,25.564215631108368,1242.7232383266455,3.410605131648481e-13,-3.410605131648481e-13,2.2737367544323206e-13,2.842170943040401e-14,-2.842170943040401e-14,-2.842170943040401e-14,4.9227844771419234e-14,5.332385353339566e-13,180000.02827238324,4.015418600058183,True
165,A,Optimizer-A,-224.7114868596869,-79.73839414963459,1539.5254821432418,-11.764596653945887,-27.36526315623721,-73.6040380633325,24.072106078186806,1200.4512649399003,4.21128664558689e-08,4.113904518638598e-08,-1.7484854097915559e-07,-4.1440273435000563e-10,-3.8532466106744323e-10,1.3042225077697367e-09,1.4216895126702885e-09,1.844937040728404e-07,180000.00001437697,27.46664969995618,True
166,T,ESPDI-T,424.97855791361593,-210.15754988870884,902.372433731452,-47.471636122348414,23.475355523016688,-98.29324543659439,17.645423517552224,1012.1245000706585,5.0316057743915454e-12,-2.7921315433332428e-12,3.070805328769799e-11,-1.1930317844743854e-12,5.584352424925498e-13,-6.675243691134369e-12,6.803973331433116e-12,3.124256058559007e-11,180000.0,0.6733311000280082,True
166,T,Optimizer-T,424.97855791361593,-210.15754988870884,902.372433731452,-47.471636122348414,23.475355523016688,-98.29324543659439,17.645423517552224,1012.124500071186,2.980948821118545e-11,-1.4737100428874328e-11,1.7035439725532342e-10,-1.199040866595169e-13,5.417888360170764e-14,-6.821210263296962e-13,6.94695210856573e-13,1.7356960673081008e-10,180000.0,21.27339920005761,True
166,A,ESPDI-A,-137.50701574179635,79.36144771673332,1732.2974931449428,2.431703072282893,8.046332492650208,-85.30982079011338,26.642058379380263,1263.674337824843,5.684341886080802e-14,1.1368683772161603e-13,1.7053025658242404e-13,-1.4210854715202004e-14,1.4210854715202004e-14,4.263256414560601e-14,4.713207304057789e-14,2.1268859807002749e-13,180000.06871627987,4.945743600022979,True
166,A,Optimizer-A,-137.50701574179635,79.36144771673332,1732.2974931449428,2.431703072282893,8.046332492650208,-85.30982079011338,24.6154422473372,1196.8136860450868,-3.965174638211092e-08,5.45397361626063e-08,-8.913067972571298e-08,-5.941025449374138e-12,8.171685550451002e-12,1.8630430531629827e-11,2.1193517167271828e-11,1.1176368766377375e-07,180000.0000005517,26.34352380002383,True
167,T,ESPDI-T,-188.03707676355495,-35.07563999690401,674.0221685690151,24.50529921066564,4.571114739305067,-85.99921638382237,15.156684679392757,869.3728370191548,7.44742191771371e-12,1.3456442321982767e-12,-6.931973048416966e-11,4.792329727498768e-13,8.497803155593786e-14,-4.500171069121706e-12,4.526414161273557e-12,6.97316275876163e-11,180000.0,0.4678117000730708,True
167,T,Optimizer-T,-188.03707676355495,-35.07563999690401,674.0221685690151,24.50529921066564,4.571114739305067,-85.99921638382237,15.156684679392757,869.3728370196259,6.274114561222177e-11,1.1731560167760335e-11,-6.015401510239826e-10,-3.4505731605349865e-13,-6.389333506717776e-14,3.2507330161024584e-12,3.2696195576254183e-12,6.04917047330177e-10,179999.99999999997,2.021091099944897,True
167,A,ESPDI-A,439.644948425669,-41.44172249080157,1798.6041959862077,-25.384387931795334,-8.41104584583028,-69.82187957903531,28.25404772635247,1266.8168506961447,-3.410605131648481e-13,1.1368683772161603e-13,-3.410605131648481e-13,-2.842170943040401e-14,-7.105427357601002e-15,4.263256414560601e-14,5.1728291973635394e-14,4.955494368392322e-13,180000.07900198275,3.8835571999661624,True
167,A,Optimizer-A,439.644948425669,-41.44172249080157,1798.6041959862077,-25.384387931795334,-8.41104584583028,-69.82187957903531,25.87485911153331,1187.1878135688603,1.1195494483093525e-07,-2.602070543084708e-08,6.139212018752005e-07,-8.470557588680094e-12,-4.1175951537297806e-12,-6.283329412326566e-11,6.353524837516555e-11,6.245880473520985e-07,180000.0000000865,23.3204261000501,True
168,T,ESPDI-T,228.6454670588552,150.11237686695682,616.6636712997545,-30.781652692462806,-20.209047259919416,-81.29438499555252,14.678020872612592,841.917142025075,2.808443979964207e-12,1.5707165140416211e-12,1.976847412301459e-11,-2.7369970873047933e-11,-1.7986105660394713e-11,-2.0034462977491785e-10,2.03003906322187e-10,2.002865639798081e-11,180000.0,0.6393434999044985,True
168,T,Optimizer-T,228.6454670588552,150.11237686695682,616.6636712997545,-30.781652692462806,-20.209047259919416,-81.29438499555252,14.678020872612592,841.9171420255298,-4.20203871698277e-11,-2.752242878045763e-11,-3.072297971584703e-10,-2.653299802091169e-11,-1.7414070185850505e-11,-1.9414336804857157e-10,1.9672035273875083e-10,3.113090832049595e-10,180000.0,9.529845100012608,True
168,A,ESPDI-A,446.32187873587714,-460.51385803767454,1614.1196613349457,-41.63288716366331,20.86138438202252,-55.22364858385251,27.616748100478,1209.5523849855144,-5.968558980384842e-13,0.0,6.821210263296962e-13,-6.750155989720952e-14,-7.105427357601002e-14,1.2789769243681803e-13,1.6113035130798277e-13,9.063807464771102e-13,180000.07580726725,3.8790957001037896,True
168,A,Optimizer-A,446.32187873587714,-460.51385803767454,1614.1196613349457,-41.63288716366331,20.86138438202252,-55.22364858385251,25.310694880298982,1133.072904538907,1.56621051157195e-08,-8.541978759433314e-08,1.8295023096470686e-07,-8.901179793241454e-11,7.16164905156802e-11,-4.4204995219843113e-10,4.565743993300312e-10,2.0251574916375376e-07,180000.00001268616,28.742084700032137,True
169,T,ESPDI-T,255.64061865789347,193.6278707703637,578.8964736163144,-35.156513689942976,-26.628322702514364,-77.95892821543612,14.372526032460362,824.3942521915906,-4.0394236349924895e-12,-4.015443956072867e-12,-2.937450239645645e-11,-6.160835730462111e-13,-5.612801889931518e-13,-4.32587299314946e-12,4.405425243083061e-12,2.992159963148233e-11,180000.0,0.43823820003308356,True
169,T,Optimizer-T,255.64061865789347,193.6278707703637,578.8964736163144,-35.156513689942976,-26.628322702514364,-77.95892821543612,14.37252603246036,824.3942521920253,2.2628787732514866e-11,1.7138734875743467e-11,1.4099299505687668e-10,-1.4077627952246985e-13,-1.0480505352461478e-13,-8.828493491819245e-13,9.001250099133085e-13,1.4382219203757357e-10,180000.00000000003,9.451980199897662,True
169,A,ESPDI-A,294.323044021958,-164.41385919365604,1738.230906505631,18.50846064387354,31.157345233265303,-91.79595963062228,26.162376787858747,1319.8737527371522,6.821210263296962e-13,-1.1368683772161603e-13,1.7053025658242404e-13,1.4210854715202004e-13,0.0,6.394884621840902e-14,1.5583418786108402e-13,7.122459968594323e-13,180000.01080584733,3.797207999974489,True
169,A,Optimizer-A,294.323044021958,-164.41385919365604,1738.230906505631,18.50846064387354,31.157345233265303,-91.79595963062228,24.844210416356077,1282.2539793645537,4.436027624503872e-08,2.4887095122546337e-09,2.293258489771688e-07,-1.5767476213568443e-10,-2.7774227362442616e-11,-5.338378628039209e-10,5.573289890927828e-10,2.335901812848129e-07,180000.00000682057,17.280646899947897,True
170,T,ESPDI-T,199.19663134698143,267.6952688782492,924.3839577448275,-22.26417340414566,-29.920254401255217,-100.81619740042481,17.635123923084354,1011.5337252506961,-2.3778996756677537e-12,-3.788882185426501e-12,-3.4893746041469303e-11,-5.154262433526569e-13,-7.028370940798112e-13,-6.422001819217371e-12,6.480875832723723e-12,3.517930567662099e-11,180000.0,0.6455022000009194,True
170,T,Optimizer-T,199.19663134698143,267.6952688782492,924.3839577448275,-22.26417340414566,-29.920254401255217,-100.81619740042481,17.635123923084354,1011.5337252512327,-2.972555535052379e-11,-3.985878294088252e-11,-3.651052793429699e-10,1.7319479184152442e-13,2.2515322939398175e-13,2.170708057747106e-12,2.189215358203889e-12,3.684755028798163e-10,179999.99999999997,19.02424980001524,True
170,A,ESPDI-A,447.7147873834017,421.66247737157016,1785.1689533217366,6.546390419758332,-42.63074378080237,-56.22386317683832,28.942191397746292,1301.8533113735484,-9.094947017729282e-13,-1.2363443602225743e-12,1.1368683772161603e-13,-1.4210854715202004e-13,-1.341149413747189e-13,8.526512829121202e-14,2.1319427472640778e-13,1.5390427826016843e-12,180000.05406445666,4.302498799981549,True
170,A,Optimizer-A,447.7147873834017,421.66247737157016,1785.1689533217366,6.546390419758332,-42.63074378080237,-56.22386317683832,27.0164559857863,1242.8269288953143,2.1790124051599618e-07,-1.2184210328016998e-07,-1.7883796488149528e-07,-4.022204791453987e-11,1.558581042004903e-11,-3.799272008109256e-11,5.748197460116957e-11,3.0709846374265787e-07,180000.00000487335,34.11409010004718,True
171,T,ESPDI-T,-189.4111017466291,-282.6100996923158,442.70708318259483,28.997602134539207,43.26575979185486,-66.44186851598519,12.926517298856663,741.4525837674446,-6.7344515003999676e-12,-1.034166527505995e-11,4.559224373055571e-11,4.625661832735606e-13,6.658814125093393e-13,-3.0987937910120777e-12,3.203106068903855e-12,4.723299234707681e-11,180000.0,0.40907299995888025,True
171,T,Optimizer-T,-189.4111017466291,-282.6100996923158,442.70708318259483,28.997602134539207,43.26575979185486,-66.44186851598519,12.926517298856663,741.4525837678448,2.96254132337026e-11,4.420352972545061e-11,-1.972066954181173e-10,-2.3936408410918375e-13,-3.561595462997502e-13,1.595168441781425e-12,1.6518798820850297e-12,2.042598782609804e-10,179999.99999999997,34.79726850008592,True
171,A,ESPDI-A,400.5517292057774,-310.02219083326554,1600.30339829953,-43.723522785156064,3.488416077308088,-57.88699405550244,27.27373195328338,1217.6541203586694,-3.552713678800501e-13,4.547473508864641e-13,-6.821210263296962e-13,-5.6621374255882984e-14,0.0,-8.526512829121202e-14,1.0235292924553558e-13,8.934774717555541e-13,180000.08114301576,3.838543500052765,True
171,A,Optimizer-A,400.5517292057774,-310.02219083326554,1600.30339829953,-43.723522785156064,3.488416077308088,-57.88699405550244,25.06247497080863,1148.6738283106697,-8.47099985296655e-09,-3.492464045012049e-09,3.4598031106725102e-09,3.7429059851490365e-11,1.5619505688846402e-11,-1.3247358765511308e-10,1.385429713321729e-10,9.794150355149772e-09,180000.00000319714,28.225812999997288,True
172,T,ESPDI-T,-212.01829862529468,121.17090653563301,552.9183595441071,30.069202543082255,-17.184896561160087,-76.86282476814353,13.941786933041843,799.687472259322,-2.6341546673948335e-12,1.8059631210192578e-12,2.1038898921632576e-11,5.797862190348724e-13,-3.0141514284487414e-13,-3.832448247642617e-12,3.887758058184423e-12,2.1279932834501897e-11,180000.0,0.5770267000189051,True
172,T,Optimizer-T,-212.01829862529468,121.17090653563301,552.9183595441071,30.069202543082255,-17.184896561160087,-76.86282476814353,13.941786933041843,799.6874722597422,-3.405964399405548e-11,1.9448553878476105e-11,2.4158097744475526e-10,1.4077627952246985e-13,-8.060219158778636e-14,-1.0089706847793423e-12,1.0219278432986537e-12,2.447440995409882e-10,179999.99999999997,21.29271870001685,True
172,A,ESPDI-A,196.06968015397103,120.697799808799,1553.4347315260436,-37.92678620842573,18.147280070907243,-85.54318820136461,24.948982983782926,1243.017252865313,6.821210263296962e-13,-1.1368683772161603e-13,2.6716406864579767e-12,7.815970093361102e-14,2.842170943040401e-14,3.126388037344441e-13,3.2351159796440385e-13,2.7596879804010213e-12,180000.04935385313,4.551020999904722,True
172,A,Optimizer-A,196.06968015397103,120.697799808799,1553.4347315260436,-37.92678620842573,18.147280070907243,-85.54318820136461,23.40583482460054,1198.4218209022438,-7.904490703795255e-09,7.880134452040182e-09,-1.0399190841781092e-08,5.10702591327572e-14,-1.9095836023552692e-13,-1.3784529073745944e-12,1.3925536559002674e-12,1.525518477214878e-08,180000.00000000003,40.741463600075804,True
173,T,ESPDI-T,5.348302212082371,-311.44250100606115,1177.1625052812487,-0.5364319073539932,31.23751953813604,-114.96184551575523,19.618375798098562,1125.2911428902553,6.958356688156059e-14,-4.245331137412572e-12,4.3335055596033234e-11,1.7553265698605491e-13,-1.0235381986412051e-11,1.006780631085391e-10,1.0119716521429056e-10,4.354256218747762e-11,180000.0,0.7413955999072641,True
173,T,Optimizer-T,5.348302212082371,-311.44250100606115,1177.1625052812487,-0.5364319073539932,31.23751953813604,-114.96184551575523,19.618375798098562,1125.2911428908483,-1.1903117380640538e-12,6.916334172046845e-11,-6.828493326338503e-10,1.9731438705150595e-13,-1.148769968040142e-11,1.1297274227217713e-10,1.1355547839452832e-10,6.863440797140097e-10,180000.0,2.488408299977891,True
173,A,ESPDI-A,-88.24961826965358,197.31039570024006,936.4588176216462,10.934592140100321,12.509667917889892,-67.30963210832923,19.663332064107426,994.8933455826773,9.947598300641403e-14,-2.2737367544323206e-13,4.547473508864641e-13,1.4210854715202004e-14,2.842170943040401e-14,4.973799150320701e-14,5.90221124448794e-14,5.180631357449723e-13,180000.00519679498,3.904811999993399,True
173,A,Optimizer-A,-88.24961826965358,197.31039570024006,936.4588176216462,10.934592140100321,12.509667917889892,-67.30963210832923,18.670725409719537,965.328474759348,-1.1819426762700858e-08,3.5689528899232755e-08,2.8782405792071586e-07,6.333855662177257e-11,-5.795630642069227e-11,-1.2033538610012329e-09,1.2064125417929943e-09,2.902690642145587e-07,180000.00001482703,18.23814679996576,True
174,T,ESPDI-T,100.67622501939674,200.88404508571173,887.7440375765184,-11.534507545611099,-23.01534978479377,-99.327888234791,17.210319943196296,987.1673780590536,-3.4058824689578784e-12,-6.908932993310128e-12,-7.648864376076647e-11,-2.7159958310152277e-13,-5.625049037671914e-13,-6.345479697245082e-12,6.3761501463228265e-12,7.687552285909894e-11,180000.0,0.5188547999132425,True
174,T,Optimizer-T,100.67622501939674,200.88404508571173,887.7440375765184,-11.534507545611099,-23.01534978479377,-99.327888234791,17.210319943196296,987.1673780595665,1.8298473847266905e-11,3.6455949370406415e-11,4.2463632610179047e-10,-1.0491607582707729e-13,-2.156053113822054e-13,-2.5082158572331537e-12,2.519650733680963e-12,4.265909983050075e-10,180000.0,1.7610242000082508,True
174,A,ESPDI-A,-320.2989558820275,-375.7747065240635,1180.6498041650304,12.5930267902432,24.691599551748936,-86.00282222517717,21.337110406930247,1099.1518532264781,1.1368683772161603e-13,4.547473508864641e-13,-4.831690603168681e-13,-2.842170943040401e-14,5.684341886080802e-14,-4.263256414560601e-14,7.652779469160725e-14,6.731806526162819e-13,180000.00460434,4.2199591000098735,True
174,A,Optimizer-A,-320.2989558820275,-375.7747065240635,1180.6498041650304,12.5930267902432,24.691599551748936,-86.00282222517717,20.484389508059518,1068.6024601785684,-2.4437348848938187e-07,-1.2382527392075906e-07,-2.4160298650599543e-07,1.1248957321186026e-10,1.1114487108443427e-10,-7.541309798853035e-10,7.70532686699617e-10,3.652712737495754e-07,180000.00000172114,21.104121900047176,True
175,T,ESPDI-T,-104.23748788876244,114.67330063832439,481.37702176929827,15.914616046109714,-17.507919534156265,-72.15397709827735,12.961438943631661,743.4556556814969,8.556516809649604e-12,-9.4124902777536e-12,-1.0859486823232983e-10,1.685821621189021e-13,-1.8515050603795657e-13,-2.247813046807323e-12,2.261717079713556e-12,1.0933734201790211e-10,180000.0,0.41082660004030913,True
175,T,Optimizer-T,-104.23748788876244,114.67330063832439,481.37702176929827,15.914616046109714,-17.507919534156265,-72.15397709827735,12.96143894363166,743.4556556818934,2.1335599953431483e-11,-2.3476443011816173e-11,-2.675593080425642e-10,-1.645350522494482e-13,1.8141044222375058e-13,2.0534685063466895e-12,2.0680218660653106e-12,2.694333582206845e-10,180000.0,17.332556399982423,True
175,A,ESPDI-A,-114.35286650659793,-184.18117390248187,870.5956133644154,-0.7678533424692233,12.568806271346382,-88.40955922177538,17.600250169606202,968.7224342584068,-5.684341886080802e-14,2.2737367544323206e-13,2.1316282072803006e-14,0.0,0.0,7.105427357601002e-15,7.105427357601002e-15,2.3533879075442877e-13,180000.01575728756,3.765599300037138,True
175,A,Optimizer-A,-114.35286650659793,-184.18117390248187,870.5956133644154,-0.7678533424692233,12.568806271346382,-88.40955922177538,17.276825821682834,956.5103327238667,-5.42993252822812e-09,-1.6324757035700898e-08,2.4360814343538095e-07,2.467182014243008e-11,7.34199367968813e-11,-1.0527330118748068e-09,1.0555785049532794e-09,2.4421488367331117e-07,180000.00000681556,10.508590599987656,True
176,T,ESPDI-T,-72.54365266351402,112.08270871414432,550.6513471894557,10.427476042486205,-16.110847978868307,-77.63813027156328,13.757975903514001,789.1442486193064,4.878366014913951e-13,-8.600540256104711e-13,-9.289226153693861e-12,1.1686918793829548e-13,-1.9011701934967817e-13,-2.267491749918804e-12,2.278447217752828e-12,9.341702200947828e-12,180000.0,0.5838583000004292,True
176,T,Optimizer-T,-72.54365266351402,112.08270871414432,550.6513471894557,10.427476042486205,-16.110847978868307,-77.63813027156328,13.757975903514001,789.1442486197193,-1.8232193532696783e-11,2.819056099667705e-11,3.7207037451025826e-10,1.4099832412739488e-14,-2.1760371282653068e-14,-2.682298827494378e-13,2.6948022011309737e-13,3.7358196449845504e-10,179999.99999999997,10.232152099953964,True
176,A,ESPDI-A,386.9931278049321,387.19499080313165,1110.188973863414,-33.5682189272804,-18.038326157359734,-65.36511012923992,21.85203362006923,1047.9722499271284,-5.684341886080802e-14,-2.2737367544323206e-13,2.8421709430404007e-13,-4.263256414560601e-14,-2.842170943040401e-14,3.552713678800501e-14,6.23498720201505e-14,3.683874580478835e-13,180000.00007022877,4.086052900063805,True
176,A,Optimizer-A,386.9931278049321,387.19499080313165,1110.188973863414,-33.5682189272804,-18.038326157359734,-65.36511012923992,20.55294039454941,1002.4312316535779,2.647946513111745e-08,-2.3427237679245463e-07,4.4521897990534853e-07,-3.815259219663858e-11,-5.942357717003688e-11,-1.9088730596195091e-10,2.035306988943383e-10,5.037902824286859e-07,180000.00000079625,21.291188500006683,True
177,T,ESPDI-T,346.70983714039266,-126.81325902059832,623.2106177583371,-45.879611633849855,16.78101527742902,-80.68350287998209,14.929687734095829,856.3525108395261,-1.2516638360536916e-11,4.540779944501379e-12,-5.934885352262831e-11,-1.2688704253971395e-12,4.599393782500627e-13,-6.138478614303722e-12,6.285101119821121e-12,6.082410157826617e-11,180000.0,0.4660535999573767,True
177,T,Optimizer-T,346.70983714039266,-126.81325902059832,623.2106177583371,-45.879611633849855,16.78101527742902,-80.68350287998209,14.929687734095829,856.3525108399917,-1.1652590004018748e-10,4.263611685928481e-11,-5.770939282001564e-10,2.3803181647963356e-13,-8.526512829121202e-14,1.1404210908949608e-12,1.1681136726865084e-12,5.90282581317204e-10,180000.00000000003,2.8236194000346586,True
177,A,ESPDI-A,306.5351835640548,148.89766585509267,1372.523677781503,20.417550573235275,19.310342015565425,-67.59820152099289,24.322083956165784,1210.906816406221,4.547473508864641e-13,5.684341886080801e-13,-5.115907697472721e-13,0.0,0.0,-8.526512829121202e-14,8.526512829121202e-14,8.897402405238227e-13,180000.01730385446,3.7953638000180945,True
177,A,Optimizer-A,306.5351835640548,148.89766585509267,1372.523677781503,20.417550573235275,19.310342015565425,-67.59820152099289,23.29749899561069,1179.377627558113,3.155045948596862e-09,3.3831818912524185e-10,1.5769387928799006e-07,4.3938186422565195e-11,2.9684699143217586e-11,-4.4913761598763813e-10,4.5225694431858814e-10,1.5772580112026704e-07,180000.00000438976,18.86847480002325,True
178,T,ESPDI-T,-327.18552974315236,-393.42934112750703,901.2992699290096,36.43546374511402,43.81239141648008,-97.8484402855515,17.699015250504058,1015.1984702628633,-3.816336135997744e-12,-3.6207182000855265e-12,2.5519530282361313e-11,8.762573999732126e-13,1.0984269049885143e-12,-6.6885386118542556e-12,6.8345385695653015e-12,2.605610192679843e-11,180000.0,0.6800333999563009,True
178,T,Optimizer-T,-327.18552974315236,-393.42934112750703,901.2992699290096,36.43546374511402,43.81239141648008,-97.8484402855515,17.699015250504058,1015.1984702633854,-7.365352772126244e-11,-8.866818390629305e-11,5.491571641869086e-10,3.8324898810060404e-13,4.658495811327157e-13,-2.8244073746463982e-12,2.888108834008619e-12,5.611242999201106e-10,180000.00000000003,2.4282630999805406,True
178,A,ESPDI-A,314.86741833421627,-138.29960848645442,1630.5797918428125,-37.468365612683385,-29.493420919654163,-96.98952588861577,24.89728215219234,1291.823436518007,8.36664071357518e-13,-2.2737367544323206e-13,1.7053025658242404e-13,8.748557434046234e-14,-2.842170943040401e-14,1.4210854715202004e-14,9.307775070532945e-14,8.83621030190641e-13,180000.0136316848,4.88503949996084,True
178,A,Optimizer-A,314.86741833421627,-138.29960848645442,1630.5797918428125,-37.468365612683385,-29.493420919654163,-96.98952588861577,23.723834643970843,1258.6287229436512,3.415848603320323e-10,-3.8707524931426796e-08,1.957285320486335e-07,7.249323363822668e-11,2.9897151421209855e-10,-5.275992975839472e-10,6.107374673660329e-10,1.9951954146009554e-07,180000.00000910732,15.25424599996768,True
179,T,ESPDI-T,264.76452911217666,94.4837976199538,382.8398652073424,-43.6165569361747,-15.564992607792618,-61.91611786869787,12.021979154998228,689.5691469240701,-4.994399100018143e-12,-1.6765333695975548e-12,-1.9266577265877882e-11,-1.9355766989193057e-12,-6.766393001456095e-13,-7.829334403020027e-12,8.093378472196506e-12,1.9973877591786693e-11,180000.0,0.38681940000969917,True
179,T,Optimizer-T,264.76452911217666,94.4837976199538,382.8398652073424,-43.6165569361747,-15.564992607792618,-61.91611786869787,12.021979154998228,689.5691469244266,8.061995515618037e-11,2.8752666914044767e-11,3.3239988539435217e-10,-1.6355805598777806e-12,-5.846434447676074e-13,-6.7412742055239505e-12,6.961444508104795e-12,3.432433201596689e-10,180000.0,14.447948900051415,True
179,A,ESPDI-A,-251.10000744233196,-374.5442844189314,1102.8173102237645,-14.735914494489005,10.200968446255906,-63.91067342394394,21.856563423464976,1089.5464293197329,-2.2737367544323206e-13,-4.547473508864641e-13,2.2737367544323206e-13,2.842170943040401e-14,-2.842170943040401e-14,7.105427357601002e-15,4.081757258616412e-14,5.569494857771083e-13,180000.01320013378,4.096728999982588,True
179,A,Optimizer-A,-251.10000744233196,-374.5442844189314,1102.8173102237645,-14.735914494489005,10.200968446255906,-63.91067342394394,21.02558903755536,1061.0645129995082,2.9521979995737855e-07,1.587601612624427e-07,2.0774411524371317e-07,-2.779092511673298e-10,-2.6416202558721125e-10,9.272298484575003e-10,1.0033794494194325e-09,3.943566108350976e-07,180000.00000602048,28.122579799965024,True
180,T,ESPDI-T,210.15989328186336,-285.9231562849969,400.6618070049061,-33.31431144970921,45.32421924285539,-62.26849368270401,12.48868655257316,716.3390338003992,-1.771917676604215e-11,2.463231799521709e-11,-9.905096610540037e-11,-5.289380045070402e-13,7.598158213717454e-13,-3.0423996655315477e-12,3.180140125819173e-12,1.0359446993684999e-10,180000.0,0.39956530008930713,True
180,T,Optimizer-T,210.15989328186336,-285.9231562849969,400.6618070049061,-33.31431144970921,45.32421924285539,-62.26849368270401,12.48868655257316,716.3390338007739,-9.85878045867139e-13,1.3731238368563936e-12,-5.4427573559223674e-12,-7.105427357601002e-14,9.85878045867139e-14,-3.9968028886505635e-13,4.177470506345885e-13,5.6992132990539204e-12,180000.0,14.888876700075343,True
180,A,ESPDI-A,39.952941814097585,-454.1408209102648,1340.0160346627763,30.924478280079796,4.9429700605156555,-68.12200511874096,24.00028017728092,1183.6093240536593,3.410605131648481e-13,-2.2737367544323206e-13,-2.2737367544323206e-13,0.0,2.842170943040401e-14,-1.2789769243681803e-13,1.3101760682293512e-13,4.687428401686771e-13,180000.01817645613,3.8388598000165075,True
180,A,Optimizer-A,39.952941814097585,-454.1408209102648,1340.0160346627763,30.924478280079796,4.9429700605156555,-68.12200511874096,22.946958657323364,1150.135843489279,2.171583232897594e-07,-1.8507713175079045e-07,-2.779786782980409e-07,-1.7505996652289468e-12,1.6537882174816332e-12,-7.101874643922201e-12,7.499082484822118e-12,3.983508850993617e-07,180000.00000000757,33.23879480001051,True
181,T,ESPDI-T,435.6399973457769,374.681521592319,701.1943193400855,-53.26240826264369,-45.809476386711985,-83.63866757059147,16.14224556658796,925.9036603938057,-1.0899577030862306e-11,-1.0213214280373195e-11,-5.1805532953752564e-11,-1.2362402768140157e-12,-1.1271331090689785e-12,-5.846823025734693e-12,6.0814520109787996e-12,5.3915895337190336e-11,180000.0,0.6305015999823809,True
181,T,Optimizer-T,435.6399973457769,374.681521592319,701.1943193400855,-53.26240826264369,-45.809476386711985,-83.63866757059147,16.14224556658796,925.9036603942877,6.120393081232578e-11,5.256506341311251e-11,2.780229380050514e-10,-4.884981308350689e-13,-4.241051954068098e-13,-2.192024339819909e-12,2.2854903952901035e-12,2.894922470386127e-10,180000.0,14.032478900044225,True
181,A,ESPDI-A,210.09639697939758,180.48805901874664,1541.2976330598644,29.63782395389859,-38.659364981983785,-69.20177054485032,25.81567687957019,1262.9759874028205,-4.547473508864641e-13,-4.547473508864641e-13,1.2505552149377763e-12,2.842170943040401e-14,-2.842170943040401e-14,1.7053025658242404e-13,1.7520318360109786e-13,1.4062285205060312e-12,180000.0329675494,3.8576712999492884,True
181,A,Optimizer-A,210.09639697939758,180.48805901874664,1541.2976330598644,29.63782395389859,-38.659364981983785,-69.20177054485032,24.331808741081737,1222.6738456759613,1.2094336690191748e-07,-6.439492195829031e-08,2.9716542115920674e-08,4.097167050076678e-11,1.6763035404210314e-11,-1.0054179711005418e-10,1.0985595161713137e-10,1.4020369769343966e-07,180000.00001240693,33.07515480008442,True
182,T,ESPDI-T,-469.1842238842251,67.3394460050197,1110.269155609352,47.90574267403248,-6.87564928211313,-110.3652085726623,19.277268869682654,1105.7255779691186,1.5437649372714382e-11,-2.2988710508556413e-12,-9.534068981075904e-11,1.1121537718539187e-12,-1.6540848551960252e-13,-6.78720794844434e-12,6.879712037197256e-12,9.660979743201362e-11,180000.0,0.7185815999982879,True
182,T,Optimizer-T,-469.1842238842251,67.3394460050197,1110.269155609352,47.90574267403248,-6.87564928211313,-110.3652085726623,19.277268869682654,1105.7255779696934,-8.101075366084842e-12,1.173394714726328e-12,5.071498776487715e-11,-6.128431095930864e-14,1.0880185641326534e-14,4.121147867408581e-13,4.1678860668186445e-13,5.137133696172578e-11,180000.0,6.946961499983445,True
182,A,ESPDI-A,-167.9387947277915,18.660159270412805,1146.133404866691,11.465677359097661,-8.75042249166647,-68.7708324291246,22.05230901682257,1046.2150075611044,1.4210854715202004e-13,-1.7053025658242404e-13,7.958078640513122e-13,1.4210854715202004e-14,-4.263256414560601e-14,1.5631940186722204e-13,1.6265066651413346e-13,8.261873662006925e-13,180000.07099548224,3.7670939000090584,True
182,A,Optimizer-A,-167.9387947277915,18.660159270412805,1146.133404866691,11.465677359097661,-8.75042249166647,-68.7708324291246,20.290666857155706,986.1533884887995,-1.8086341300429563e-08,-6.883362451984308e-09,2.0968897729289893e-08,-5.904698952008403e-11,1.8290946535159947e-10,1.846245822889614e-09,1.8562236013002154e-09,2.8534033929019404e-08,180000.00002810953,16.97290900000371,True
183,T,ESPDI-T,-168.27504373710076,-219.21681502520806,755.2561444959651,20.68444330484536,26.94622851468,-90.767687061795,16.05699969136889,921.0140390847228,7.606076860467055e-12,9.948256506227791e-12,-8.91780248550491e-11,-3.6140933995509883e-12,-4.6849919776992266e-12,4.339099912709088e-11,4.379257501196962e-11,9.005298623459851e-11,180000.0,0.6256581000052392,True
183,T,Optimizer-T,-168.27504373710076,-219.21681502520806,755.2561444959651,20.68444330484536,26.94622851468,-90.767687061795,16.05699969136889,921.0140390852102,1.024846874031482e-11,1.340794142379309e-11,-1.2329515186593198e-10,-4.092726157978177e-12,-5.325073715312101e-12,4.915534645988373e-11,4.961204393157886e-11,1.2444476075105897e-10,180000.0,4.844600799959153,True
183,A,ESPDI-A,107.17945124574851,-194.25460482978895,1561.9255949750902,-4.8598267684234315,-21.167412252749987,-59.94853641468585,26.74155542148602,1220.708949238846,1.1368683772161603e-13,-1.5916157281026244e-12,1.4779288903810084e-12,0.0,-5.684341886080802e-14,1.1368683772161603e-13,1.2710574864626038e-13,2.174957270393519e-12,180000.06738384883,3.883313599973917,True
183,A,Optimizer-A,107.17945124574851,-194.25460482978895,1561.9255949750902,-4.8598267684234315,-21.167412252749987,-59.94853641468585,24.816066061040694,1163.4135421621377,-2.0230775629464017e-08,3.450005650699615e-07,3.2998902810277286e-07,-1.866284904394888e-12,5.4358295642487064e-11,8.005329732441169e-11,9.678242473203004e-11,4.778361987641529e-07,180000.0000019793,31.340522999991663,True
184,T,ESPDI-T,232.50111455773066,54.67082581182824,367.83449312682865,-39.37825058660025,-9.259488853159837,-61.2096827806554,11.696458696719196,670.8976069199034,-4.122559064956288e-12,-9.70280144207622e-13,-1.8947156994394976e-11,3.860882447082048e-11,9.080708407438465e-12,1.7251557127284656e-10,1.7701616571318042e-10,1.9414728815323363e-11,180000.0,0.36989279999397695,True
184,T,Optimizer-T,232.50111455773066,54.67082581182824,367.83449312682865,-39.37825058660025,-9.259488853159837,-61.2096827806554,11.696458696719196,670.8976069202545,6.671641017419461e-11,1.571337504557846e-11,2.9832314396571746e-10,3.886713173528733e-11,9.140688206343839e-12,1.736797372586807e-10,1.782101491062115e-10,3.0609588002363664e-10,180000.0,29.23322139994707,True
184,A,ESPDI-A,-86.02087720683448,-340.64076021522715,1634.9115202242826,-20.73941347607851,-20.8687901310968,-57.74960102704314,27.44941285758972,1283.0737379911097,0.0,-4.547473508864641e-13,-1.4779288903810084e-12,1.4210854715202004e-14,-1.7053025658242404e-13,-5.684341886080802e-14,1.803155319699033e-13,1.5463081705019526e-12,180000.02717245324,3.8911102999700233,True
184,A,Optimizer-A,-86.02087720683448,-340.64076021522715,1634.9115202242826,-20.73941347607851,-20.8687901310968,-57.74960102704314,25.889721129338426,1235.95699360242,1.0746642713187557e-07,1.423497791836783e-07,2.4302889300997776e-07,-2.489919381787331e-11,-3.638334078459593e-11,-1.176836406102666e-10,1.2567082639465075e-10,3.014556939780503e-07,180000.00000071456,28.268462699954398,True
185,T,ESPDI-T,255.66159640130195,71.23030221779617,375.5972857377443,-42.62634351439595,-11.876196400667382,-61.49869498769331,11.8797320618652,681.4099906487572,-2.016569226328483e-11,-5.541470536631868e-12,-8.248295046921119e-11,-1.7247245298612768e-12,-4.765129263395451e-13,-7.189630835124916e-12,7.408949373443773e-12,8.509289134981964e-11,180000.0,0.3748327000066638,True
185,T,Optimizer-T,255.66159640130195,71.23030221779617,375.5972857377443,-42.62634351439595,-11.876196400667382,-61.49869498769331,11.8797320618652,681.4099906491101,9.005085566116122e-11,2.5086155375220187e-11,3.759046407481037e-10,-1.602717958348876e-12,-4.4653170050423796e-13,-6.718181566611747e-12,6.921131336387937e-12,3.873535474637839e-10,180000.0,35.94880860007834,True
185,A,ESPDI-A,-16.639246739478892,476.239039107551,1375.591304204795,-40.70955930012918,-37.65059716893781,-79.35379568965242,23.610752577919744,1200.603522653415,-3.410605131648481e-13,0.0,9.094947017729282e-13,-5.684341886080802e-14,2.842170943040401e-14,1.4921397450962104e-13,1.621843951300168e-13,9.713407672867936e-13,180000.00418851033,3.900262799928896,True
185,A,Optimizer-A,-16.639246739478892,476.239039107551,1375.591304204795,-40.70955930012918,-37.65059716893781,-79.35379568965242,22.472804471967503,1168.4390417188642,8.018367043076216e-08,3.5087793508929516e-08,3.4639355561694174e-07,-4.398943431738189e-10,-1.170601393596371e-10,-1.225238577262644e-09,1.3070652931647337e-09,3.5728009968373783e-07,180000.00001282495,16.337857700069435,True
186,T,ESPDI-T,-66.72655708323845,91.93839209582735,454.32983515714466,10.510125361541611,-14.481251074595605,-70.30171705466512,12.567814734237487,720.8777500986416,-1.9512280788509806e-12,2.666063360747331e-12,3.660886687111703e-11,1.7863141521523573e-13,-2.4375293450340507e-13,-3.1851049575593038e-12,3.1994090495355036e-12,3.675764299361951e-11,180000.0,0.3920928000006825,True
186,T,Optimizer-T,-66.72655708323845,91.93839209582735,454.32983515714466,10.510125361541611,-14.481251074595605,-70.30171705466512,12.567814734237487,720.8777500990182,-1.9305723686358078e-11,2.663447240536243e-11,3.561311245903198e-10,8.992806499463768e-14,-1.2634338020234281e-13,-1.6555645743210334e-12,1.6628120057124372e-12,3.57647150120523e-10,180000.0,36.4405244999798,True
186,A,ESPDI-A,-422.8039312168147,429.13444510553563,1612.2505003355525,8.65940820865282,-32.35294580995609,-83.36840332560337,25.667101017732087,1242.419325237759,2.2737367544323206e-13,-1.0800249583553523e-12,-9.094947017729282e-13,-2.842170943040401e-14,-9.947598300641403e-14,-5.684341886080802e-14,1.180442248897588e-13,1.4301514994950963e-12,180000.00653373115,3.867976599955,True
186,A,Optimizer-A,-422.8039312168147,429.13444510553563,1612.2505003355525,8.65940820865282,-32.35294580995609,-83.36840332560337,24.15661410484718,1191.930506177565,-4.800452796384741e-08,1.7189945486010898e-09,4.19843644294815e-08,6.753886339083692e-11,-1.0289546992225951e-11,-2.5638868805799575e-10,2.653347549974025e-10,6.379715122039103e-08,180000.0000060699,17.681104400078766,True
187,T,ESPDI-T,378.48150919449574,209.05391849895446,896.5951579087093,-42.55396962431903,-23.504646545566967,-98.33466197844083,17.532580834339782,1005.6519524313553,-1.8810136025279763e-11,-1.02056551347352e-11,-1.2033311245227343e-10,-9.482414853323462e-13,-5.118544477156206e-13,-6.1406713047773565e-12,6.234500859208185e-12,1.2222125251555132e-10,180000.0,0.6784570999443531,True
187,T,Optimizer-T,378.48150919449574,209.05391849895446,896.5951579087093,-42.55396962431903,-23.504646545566967,-98.33466197844083,17.532580834339782,1005.6519524318937,-7.3788086751847e-11,-4.07864853002593e-11,-4.690665633688695e-10,3.810285420513537e-13,2.1183055309847987e-13,2.355449169044732e-12,2.3954531348029554e-12,4.765833190537915e-10,180000.0,2.0071192999603227,True
187,A,ESPDI-A,-112.53640641794226,156.13955209703408,1177.70595595298,5.436503974587616,-3.9342329531877596,-91.0899699680673,20.952284986228356,1087.8688787361116,8.526512829121202e-14,5.684341886080802e-14,5.400124791776761e-13,2.1316282072803006e-14,0.0,4.263256414560601e-14,4.7664655742347644e-14,5.496497012078895e-13,180000.02219838527,4.142208299948834,True
187,A,Optimizer-A,-112.53640641794226,156.13955209703408,1177.70595595298,5.436503974587616,-3.9342329531877596,-91.0899699680673,19.96187753304498,1053.9588230810295,-1.9109460520100782e-08,4.023328363441734e-08,4.789072960420526e-08,3.863576125695545e-12,-1.4574119688859355e-11,-3.2807179195515346e-10,3.2841807633236287e-10,6.540191568600929e-08,180000.00001603586,11.718785600038245,True
188,T,ESPDI-T,127.34025505048346,-144.77258392981653,340.1815397679062,-22.563656620907956,25.65252339583371,-59.28178973887216,11.184781598811787,641.548301339224,-1.5862383699301666e-12,1.992782349725941e-12,-1.3127543160591088e-11,-2.9440686000192784e-13,3.4554997752067607e-13,-2.291049294722569e-12,2.3355913720147017e-12,1.3372349198730932e-11,180000.0,0.35227939998731017,True
188,T,Optimizer-T,127.34025505048346,-144.77258392981653,340.1815397679062,-22.563656620907956,25.65252339583371,-59.28178973887216,11.184781598811787,641.5483013395642,-2.666755705149626e-13,3.2218672174622043e-13,-2.112976460466598e-12,2.6867397195928788e-14,-3.8191672047105385e-14,2.1671553440683056e-13,2.216891600847358e-13,2.1539706743744236e-12,179999.99999999997,17.51960889995098,True
188,A,ESPDI-A,-127.71443701113947,-415.93132069643224,1474.282667689681,-36.095691578677176,14.34567022349092,-55.69355780231255,26.12113241719188,1226.15736377364,0.0,-2.2737367544323206e-13,7.958078640513122e-13,1.7053025658242404e-13,2.842170943040401e-14,5.684341886080802e-14,1.8198773652309366e-13,8.276526715781663e-13,180000.02466008332,3.8176585999317467,True
188,A,Optimizer-A,-127.71443701113947,-415.93132069643224,1474.282667689681,-36.095691578677176,14.34567022349092,-55.69355780231255,24.618044130546917,1180.8086591384272,5.99549840822206e-08,1.081594614598896e-08,9.325586702857436e-08,3.362643496984674e-12,9.101164266667183e-12,-1.0266631988997688e-10,1.0312376933591855e-10,1.1139228672840593e-07,180000.0000001274,23.65175530000124,True
189,T,ESPDI-T,-289.3391643309535,25.976425853531897,437.8944105996611,45.01056757912359,-4.040979637333557,-66.82863593163711,12.723452446201648,729.8049793746723,2.1645981448242813e-12,-1.6711232278619065e-13,-7.356941011255058e-12,7.751438380054765e-13,-6.587872608543321e-14,-3.17820769701882e-12,3.2720318063151786e-12,7.670592721562677e-12,180000.0,0.3895347999641672,True
189,T,Optimizer-T,-289.3391643309535,25.976425853531897,437.8944105996611,45.01056757912359,-4.040979637333557,-66.82863593163711,12.723452446201648,729.8049793750615,5.099298761024329e-11,-4.589828517254091e-12,-2.1785862003298462e-10,-2.97983859809392e-13,2.5868196473766147e-14,1.2079226507921703e-12,1.2444037425982342e-12,2.2379394458723093e-10,180000.0,21.27709230000619,True
189,A,ESPDI-A,-276.52374136208635,-283.4012405191629,1726.2866218121942,32.438014445865875,38.689221183985936,-85.24445416195087,26.55432591833159,1277.609000636512,-3.836930773104541e-13,-7.105427357601002e-13,3.979039320256561e-13,-5.773159728050814e-14,-1.0658141036401503e-13,1.4210854715202004e-14,1.2204295453436846e-13,9.002326899412682e-13,180000.07837789142,3.8915598000166938,True
189,A,Optimizer-A,-276.52374136208635,-283.4012405191629,1726.2866218121942,32.438014445865875,38.689221183985936,-85.24445416195087,24.602589022500005,1216.0706945603088,-1.5407210772247778e-07,-1.4263803125424368e-07,3.085471362851422e-07,-1.821201522922422e-11,-2.4962920619486795e-11,9.734435479913373e-12,3.239728597702113e-11,3.7320926790193125e-07,180000.0000002485,17.94085949996952,True
190,T,ESPDI-T,221.34488239307595,171.09423119703038,1105.6541470118902,-22.8738733810779,-17.680949919970523,-111.33196349636877,19.050415616138764,1092.7134938100644,-6.3444651899493484e-12,-4.487199843114639e-12,-7.904443182725423e-11,-5.605555082610625e-13,-4.2301952956139144e-13,-7.148103723514376e-12,7.182517305398731e-12,7.942549593091609e-11,180000.0,0.5934032999211922,True
190,T,Optimizer-T,221.34488239307595,171.09423119703038,1105.6541470118902,-22.8738733810779,-17.680949919970523,-111.33196349636877,19.050415616138764,1092.7134938106392,-2.016675715310612e-11,-1.5601964165057325e-11,-2.6418689458296285e-10,1.4988010832439613e-13,1.1457501614131615e-13,1.9397816686250735e-12,1.948934171060939e-12,2.6541445825212614e-10,180000.0,6.332570200087503,True
190,A,ESPDI-A,338.6509014192176,-169.55645907680815,1371.4504017507606,-27.964478741538915,-14.25132154966553,-66.77663463329623,24.47751730985483,1152.9140033333151,0.0,1.1368683772161603e-13,9.094947017729282e-13,-7.105427357601002e-15,-5.684341886080802e-14,1.1368683772161603e-13,1.2730419646209808e-13,9.165725883006586e-13,180000.0472924136,3.938342700013891,True
190,A,Optimizer-A,338.6509014192176,-169.55645907680815,1371.4504017507606,-27.964478741538915,-14.25132154966553,-66.77663463329623,22.735505358220944,1099.4537982918064,2.277247028367372e-08,2.2847234370454055e-07,1.2372474600397254e-07,1.9199308809447757e-11,-6.477929304082863e-11,3.6344616205497005e-10,3.6967294055437385e-10,2.608179633660497e-07,180000.00000107507,22.409529299940914,True
191,T,ESPDI-T,-3.7969556476729327,0.29034097160540645,508.7763889078458,0.5696906260782839,-0.043562407686124516,-74.94764472577705,13.186806376303375,756.3825145861956,1.4745903151016032e-13,-1.1700318754469949e-14,-5.45924975690025e-11,-2.6995549892716575e-15,1.881632870348593e-16,9.334200079536004e-13,9.334239306181634e-13,5.459269797221032e-11,180000.0,0.4123634999850765,True
191,T,Optimizer-T,-3.7969556476729327,0.29034097160540645,508.7763889078458,0.5696906260782839,-0.043562407686124516,-74.94764472577705,13.186806376303377,756.3825145865922,-8.303704945866741e-13,6.340804617477325e-14,2.9757440955791026e-10,-7.473188734508085e-15,5.681219383824043e-16,2.6858515411731787e-12,2.685861998043596e-12,2.9757557487044786e-10,180000.0,25.28321440005675,True
191,A,ESPDI-A,-426.4007406633823,-81.95194316299302,1087.8546820320887,13.236278716392484,23.58171351741187,-75.52679097868464,20.94648493816245,1067.944298099348,3.410605131648481e-13,-4.263256414560601e-13,-7.958078640513122e-13,0.0,-5.684341886080802e-14,-8.526512829121202e-14,1.0247593068766006e-13,9.650834071152102e-13,180000.02088689854,3.8576005999930203,True
191,A,Optimizer-A,-426.4007406633823,-81.95194316299302,1087.8546820320887,13.236278716392484,23.58171351741187,-75.52679097868464,20.050367120254872,1038.9706723392028,-1.3118513856669198e-07,7.568596595674597e-08,-9.630002750782296e-08,-5.17648146569627e-11,6.175882028003343e-11,-2.872653226404509e-10,2.9835400702952446e-10,1.7947590735687993e-07,180000.00000146474,23.070701700053178,True
192,T,ESPDI-T,-24.97307167405367,-193.32222559863402,428.81115524182576,3.995443750918497,30.929638462705768,-67.38433440807057,12.375025131361182,709.8195241379035,1.2915677720346874e-12,1.009658072726977e-11,-6.190051969431148e-11,7.651699064669445e-14,5.924643777964131e-13,-3.7464995840917614e-12,3.793827621599993e-12,6.273183743616854e-11,180000.0,0.46980980003718287,True
192,T,Optimizer-T,-24.97307167405367,-193.32222559863402,428.81115524182576,3.995443750918497,30.929638462705768,-67.38433440807057,12.37502513136118,709.8195241382709,-8.680917096270946e-12,-6.71651623207481e-11,4.100657591266099e-10,6.411537967210279e-14,4.987121826616203e-13,-3.035793838535028e-12,3.077152718526147e-12,4.156205531001657e-10,180000.0,27.682100099977106,True
192,A,ESPDI-A,-120.7573126001513,454.79980283485384,1184.1495818516978,-9.761365916064165,-11.700698619098382,-79.31222963815955,21.792922343571288,1115.8079504326615,-2.2737367544323206e-13,-4.547473508864641e-13,-9.379164112033322e-13,0.0,-2.842170943040401e-14,-1.4921397450962104e-13,1.5189668777134066e-13,1.0668557239980293e-12,180000.01597151405,3.7807514999294654,True
192,A,Optimizer-A,-120.7573126001513,454.79980283485384,1184.1495818516978,-9.761365916064165,-11.700698619098382,-79.31222963815955,20.943387664576974,1088.2937901548994,-2.8072841394445395e-08,4.4185376893807293e-08,4.93948135726896e-08,3.694911043794491e-11,-8.485656621814996e-11,-3.9102232562981953e-10,4.0182624694442665e-10,7.197415899533837e-08,180000.00000110272,18.29491549998056,True
193,T,ESPDI-T,-308.6648294822547,-77.13146529561716,373.52172722976206,50.801714208876746,12.694710515067314,-60.32225027423256,12.032956293041545,690.1987849910292,2.877828360271957e-11,6.986398045911828e-12,-9.819532261422757e-11,8.463785228229881e-13,1.8440284021981057e-13,-2.7009783298836965e-12,2.8364846112535986e-12,1.0256373992833292e-10,180000.0,0.5237301999004558,True
193,T,Optimizer-T,-308.6648294822547,-77.13146529561716,373.52172722976206,50.801714208876746,12.694710515067314,-60.32225027423256,12.032956293041545,690.1987849914003,1.2043255281923848e-10,3.010314220119881e-11,-4.2233239128108835e-10,-5.222489107836736e-13,-1.2922996006636822e-13,1.8811618929248652e-12,1.9565823199615575e-12,4.4019864569776516e-10,180000.0,2.7194888000376523,True
193,A,ESPDI-A,-184.10233401028887,418.9947770519085,1000.8220474924733,19.984324002224,4.832467170358498,-59.3455368956976,21.021260603123224,1048.8876460068132,2.2737367544323206e-13,2.2737367544323206e-13,5.115907697472721e-13,3.907985046680551e-14,1.1368683772161603e-13,4.973799150320701e-14,1.300991913211686e-13,6.042538309847401e-13,180000.0154374876,3.752999300020747,True
193,A,Optimizer-A,-184.10233401028887,418.9947770519085,1000.8220474924733,19.984324002224,4.832467170358498,-59.3455368956976,20.25079280842028,1022.0898556889479,9.361440810379814e-10,8.10397565588233e-08,1.218887604181873e-07,4.0572656345716496e-11,-1.850484210308423e-10,-7.541061108895519e-10,7.775378351243885e-10,1.46373455329633e-07,180000.0000049462,35.01018310000654,True
194,T,ESPDI-T,-148.59199355695236,-41.83952881070968,399.8031035342775,24.70123629469029,6.955207093413996,-65.33022504116119,11.91470367968883,683.4159289687523,7.715064210319506e-13,1.4369531768903404e-13,-5.359213073319324e-12,-4.443952150712249e-12,-1.257912177199394e-12,3.2918653913860396e-11,3.324107142171989e-11,5.416367349733218e-12,180000.0,0.5239823999581859,True
194,T,Optimizer-T,-148.59199355695236,-41.83952881070968,399.8031035342775,24.70123629469029,6.955207093413996,-65.33022504116119,11.91470367968883,683.4159289691233,3.9919845207236904e-11,1.1216194639729338e-11,-2.941771271025573e-10,-5.065725616759664e-12,-1.4277468096679513e-12,3.738342968517827e-11,3.7752097319267975e-11,2.970851379215732e-10,180000.0,7.901325400103815,True
194,A,ESPDI-A,-254.5761304043196,354.44365127746073,1087.2040118742116,44.58313352841651,-9.853761406192739,-83.19309584698235,20.429693642904613,1081.3054305342303,-5.400124791776761e-13,-6.821210263296962e-13,7.673861546209082e-13,-8.171241461241152e-14,0.0,1.0658141036401503e-13,1.343000958189279e-13,1.1600793432056975e-12,180000.0055576783,3.819903700030409,True
194,A,Optimizer-A,-254.5761304043196,354.44365127746073,1087.2040118742116,44.58313352841651,-9.853761406192739,-83.19309584698235,19.73223461143303,1058.6475481928992,-2.0834360105275576e-08,-1.0513445323221283e-08,1.4862490971268016e-07,1.685351302960214e-10,1.5627499294623703e-10,-5.771525479758566e-10,6.212334723751343e-10,1.5044589353207016e-07,180000.00001166784,13.480114000034519,True
195,T,ESPDI-T,448.34517710765016,489.92258304728733,1121.4651141839174,-44.95306202465004,-49.12179585621706,-109.33392135047626,19.62512363026965,1125.6781920452904,-1.5733734855923023e-11,-1.8413745831938738e-11,-1.1230474206471243e-10,-1.1643853741437338e-12,-1.315249612780095e-12,-8.029973387613243e-12,8.219862982386929e-12,1.148867770385318e-10,180000.0,0.6094270999310538,True
195,T,Optimizer-T,448.34517710765016,489.92258304728733,1121.4651141839174,-44.95306202465004,-49.12179585621706,-109.33392135047626,19.62512363026965,1125.678192045867,1.3589129821411916e-12,1.3651302310790925e-12,7.65609797781508e-12,-6.52811138479592e-14,-6.838973831690964e-14,-5.009326287108706e-13,5.097766948767554e-13,7.894685635713563e-12,180000.0,2.3196679000975564,True
195,A,ESPDI-A,-94.54859594759279,49.541751049185905,1771.8240997765872,-2.6590501866379057,37.57990755644673,-68.35803880974984,27.993125465446802,1305.5334485233725,1.1368683772161603e-13,4.547473508864641e-13,-6.821210263296962e-13,-7.105427357601002e-15,1.9895196601282805e-13,-8.526512829121202e-14,2.1656988244172014e-13,8.276526715781663e-13,180000.07198496797,4.903845899971202,True
195,A,Optimizer-A,-94.54859594759279,49.541751049185905,1771.8240997765872,-2.6590501866379057,37.57990755644673,-68.35803880974984,26.049914299305648,1250.4037729196716,-2.850699434129372e-08,1.2148704414575114e-07,-1.0129893013299807e-07,2.9753977059954195e-13,-8.855138844410249e-13,-4.359179683888215e-12,4.4581512167096815e-12,1.60727172151246e-07,180000.00000000192,31.304745099972934,True
196,T,ESPDI-T,97.10546394944437,236.4143848244742,1090.4933056480327,-10.108136092300875,-24.609416183084413,-110.62969646173973,18.91464103450417,1084.9255945611458,-2.200766966668072e-12,-4.862526939257428e-12,-6.207125048326989e-11,-1.982893016450049e-13,-4.543206089113738e-13,-5.620004461803774e-12,5.6418238197876034e-12,6.230030240723888e-11,180000.0,0.5737163000740111,True
196,T,Optimizer-T,97.10546394944437,236.4143848244742,1090.4933056480327,-10.108136092300875,-24.609416183084413,-110.62969646173973,18.91464103450417,1084.9255945617115,6.910028105266974e-13,1.567412866165796e-12,1.887201506178826e-11,6.161737786669619e-14,1.4788170688007085e-13,1.737276988933445e-12,1.7446481125896384e-12,1.8949596841873466e-11,179999.99999999997,4.029652899946086,True
196,A,ESPDI-A,75.14423862885815,339.4904604184668,1397.0405325257982,-15.589967080341406,-39.45108801618491,-76.70883924893643,24.09707091935438,1156.990093189288,3.126388037344441e-13,-3.694822225952521e-13,1.7621459846850485e-12,2.1316282072803006e-14,-3.552713678800501e-14,2.2737367544323206e-13,2.311176099182517e-13,1.827407618938936e-12,180000.0738211236,3.850984500022605,True
196,A,Optimizer-A,75.14423862885815,339.4904604184668,1397.0405325257982,-15.589967080341406,-39.45108801618491,-76.70883924893643,22.290325821327478,1097.9903095620084,5.552803873085819e-08,3.244544300387277e-08,7.225616016626191e-08,-5.977440764581843e-13,-6.06292793747798e-13,3.581135388230905e-12,3.680953626647729e-12,9.673170389787278e-08,180000.00000002285,20.294194199959747,True
197,T,ESPDI-T,-158.9247065304955,-238.0432392333669,453.9758876768833,24.376534730889958,36.512065463605325,-68.30407313472176,12.902280510726122,740.0623849407893,-9.044004643630902e-13,-1.4266166085242322e-12,7.734657693446163e-12,3.7232023020195015e-13,5.646663692182585e-13,-2.9976698207034858e-12,3.073026979429278e-12,7.91695047240055e-12,180000.0,0.5594105001073331,True
197,T,Optimizer-T,-158.9247065304955,-238.0432392333669,453.9758876768833,24.376534730889958,36.512065463605325,-68.30407313472176,12.902280510726122,740.0623849411786,-1.0915712778114539e-11,-1.6293855154003722e-11,8.660805406179861e-11,4.440892098500626e-16,-4.884981308350689e-15,-1.0658141036401503e-14,1.1732699091047488e-14,8.88008869865914e-11,180000.0,34.69142150005791,True
197,A,ESPDI-A,452.4671985678276,301.8253192710241,1393.8279185300944,-23.557971529490096,7.065485967895249,-77.40993212468665,23.989847593305466,1183.3006665258854,-2.2737367544323206e-13,-2.2737367544323206e-13,-2.7853275241795927e-12,0.0,8.526512829121202e-14,-3.268496584496461e-13,3.377881604366369e-13,2.803827204647524e-12,180000.01216142965,4.419743099948391,True
197,A,Optimizer-A,452.4671985678276,301.8253192710241,1393.8279185300944,-23.557971529490096,7.065485967895249,-77.40993212468665,22.828497322508117,1145.9854290268668,5.785745662008529e-08,1.1772780061046518e-07,2.469065485399824e-07,-2.396554066308454e-10,-4.502496153691027e-10,-1.1034622104943992e-09,1.215643154900568e-09,2.7958927739641444e-07,180000.00000844157,17.073860400007106,True
198,T,ESPDI-T,396.45646984725215,-31.741401591089655,810.8281095900272,-46.711185012567384,3.7398266771906634,-93.28153028966042,16.742083256109144,960.3097726090382,1.4457358379037222e-12,-1.345922749336828e-13,9.922014707237914e-12,-1.0290032714799224e-12,8.078954172319186e-14,-5.423272941840196e-12,5.520621711769811e-12,1.002769380486443e-11,180000.0,0.6398532999446616,True
198,T,Optimizer-T,396.45646984725215,-31.741401591089655,810.8281095900272,-46.711185012567384,3.7398266771906634,-93.28153028966042,16.742083256109144,960.3097726095511,-3.923839031472198e-11,3.1546987244723823e-12,-2.17001527857974e-10,3.3928415632544784e-13,-2.6145752229922437e-14,1.8474111129762605e-12,1.8784901275868673e-12,2.2054311707969423e-10,180000.00000000003,2.0215632000472397,True
198,A,ESPDI-A,136.17418337371168,-387.0428562361029,1384.1094497189588,23.407906819131213,5.636138894703784,-73.82217772712744,24.078414184508397,1191.5464134802332,-6.821210263296962e-13,-4.547473508864641e-13,-9.094947017729282e-13,-8.526512829121202e-14,-2.842170943040401e-14,-8.526512829121202e-14,1.2388735920980804e-13,1.224444715065716e-12,180000.00574233566,3.8012480000033975,True
198,A,Optimizer-A,136.17418337371168,-387.0428562361029,1384.1094497189588,23.407906819131213,5.636138894703784,-73.82217772712744,22.88364808849211,1156.7481593484554,-1.375462425301113e-07,8.873533715957034e-08,1.4498736788937094e-07,6.217248937900877e-15,-4.0465408801537706e-12,7.668177204323001e-11,7.678846720334266e-11,2.186647336505423e-07,180000.00000071197,31.687418200075626,True
199,T,ESPDI-T,-338.9421597626476,-121.40483861426232,1177.6595220995653,33.9197509672703,12.149630175547244,-114.73380691365087,19.66158055740371,1127.7693262769499,-1.6568709837287698e-12,-4.1000574924109426e-13,9.399909995343181e-12,9.214400076285045e-13,3.407395893217924e-13,-8.739578505334578e-12,8.794622652865543e-12,9.553618900274687e-12,180000.0,0.5850868000416085,True
199,T,Optimizer-T,-338.9421597626476,-121.40483861426232,1177.6595220995653,33.9197509672703,12.149630175547244,-114.73380691365087,19.66158055740371,1127.7693262775283,-3.148903360283839e-11,-1.1252221376878424e-11,2.842490687271493e-10,1.7985612998927536e-13,6.772360450213455e-14,-1.7408297026122455e-12,1.7514059402658539e-12,2.86209197607985e-10,180000.0,1.7470036000013351,True
199,A,ESPDI-A,163.8191684099803,80.23025049609623,1219.3453071259796,-22.099115872013936,31.113631402417283,-85.44728872522124,21.668174560556533,1137.3269397070653,-1.0658141036401503e-13,2.2737367544323206e-13,2.0747847884194925e-12,-1.2434497875801753e-14,2.842170943040401e-14,2.7711166694643907e-13,2.788427626139933e-13,2.089925908633286e-12,180000.008444947,3.9244006000226364,True
199,A,Optimizer-A,163.8191684099803,80.23025049609623,1219.3453071259796,-22.099115872013936,31.113631402417283,-85.44728872522124,20.68507217866412,1109.4595307686977,3.50822770928371e-09,9.870384140816753e-09,9.987211058160028e-08,-3.7336800318144014e-13,-1.0913847603433169e-10,-3.7341862935136305e-10,3.890408964381673e-10,1.0041997120479008e-07,180000.00000786045,14.742624799953774,True
200,T,ESPDI-T,-84.4375640781954,-279.7829289004559,394.4994888451058,13.701749139554721,45.40059329250431,-62.82862599055728,12.20285560343943,699.9440458190147,-5.907093043538785e-13,-2.1379390499707412e-12,6.5847655832725754e-12,-4.618264538153172e-12,-1.5347941667576137e-11,6.149504863661726e-11,6.354941925458961e-11,6.9482989753097884e-12,180000.0,0.3782601000275463,True
200,T,Optimizer-T,-84.4375640781954,-279.7829289004559,394.4994888451058,13.701749139554721,45.40059329250431,-62.82862599055728,12.202855603439431,699.9440458193858,-4.36428670980149e-12,-1.4504397682912895e-11,5.8121507606756495e-11,-4.8188120160830294e-12,-1.59663393617393e-11,6.420819431696145e-11,6.633880583267423e-11,6.006275216065022e-11,180000.0,19.163992399931885,True
200,A,ESPDI-A,325.20746999649396,-443.7670583342246,1796.131437133306,30.008853273477115,12.513658590647715,-85.29950310158263,27.040573636906434,1359.6060244467935,4.547473508864641e-13,3.410605131648481e-13,3.979039320256561e-13,0.0,0.0,0.0,0.0,6.938623537128991e-13,180000.0055061697,3.881573799997568,True
200,A,Optimizer-A,325.20746999649396,-443.7670583342246,1796.131437133306,30.008853273477115,12.513658590647715,-85.29950310158263,25.96171650213413,1326.621384722248,1.1349072159636272e-07,-1.7842332625638065e-08,-1.4162792894012455e-07,-6.460609824898711e-12,-4.4151349243293225e-12,1.3069723081571283e-10,1.3093127601381316e-10,1.823649170697478e-07,180000.0000005681,33.84589360002428,True
201,T,ESPDI-T,396.2756041515662,229.79758668888783,903.431192455203,-44.3078072440329,-25.693802670378037,-98.51295449928826,17.6287913704545,1011.1704961302221,-3.1740635375024015e-12,-1.865074282555025e-12,-1.859543694428343e-11,-1.0529129651493108e-12,-6.080023637333731e-13,-6.339449798442587e-12,6.454991582756606e-12,1.8956356626956865e-11,180000.0,0.5521819000132382,True
201,T,Optimizer-T,396.2756041515662,229.79758668888783,903.431192455203,-44.3078072440329,-25.693802670378037,-98.51295449928826,17.6287913704545,1011.170496130755,1.66759939190797e-11,9.710676707186394e-12,1.0251000048810965e-10,-4.1300296516055823e-14,-2.398081733190338e-14,-2.913225216616411e-13,2.9521112058917697e-13,1.0431052782616392e-10,180000.0,8.369530800031498,True
201,A,ESPDI-A,283.38557471813294,76.9505504418421,1357.0402408801172,30.883794908616096,-16.27085481787242,-58.399477609424466,24.766119391239222,1200.3162438933705,2.2737367544323206e-13,2.8421709430404007e-13,6.821210263296962e-13,0.0,3.907985046680551e-14,7.105427357601002e-14,8.10921975650084e-14,7.731540852509763e-13,180000.00227609687,4.146870799944736,True
201,A,Optimizer-A,283.38557471813294,76.9505504418421,1357.0402408801172,30.883794908616096,-16.27085481787242,-58.399477609424466,23.47634614814958,1163.2283264709822,3.165824067730367e-07,-1.034320079327658e-07,-3.786998732380198e-07,-1.0812328810061445e-10,3.166422679612424e-11,4.473506010072015e-10,4.6131966022465295e-10,5.043175532674869e-07,180000.00000916095,29.35652720008511,True
202,T,ESPDI-T,65.46190171041877,183.71895952693794,450.84869189828225,-10.24116478638043,-28.741849682595966,-69.25569799648522,12.65252921598284,725.736891189812,-2.7790689091171633e-12,-7.624548789809352e-12,-5.106521828722216e-11,-1.8496445694515806e-13,-4.968881209266307e-13,-3.397275516459075e-12,3.4383994226650416e-12,5.1706029503061377e-11,180000.0,0.5655545999761671,True
202,T,Optimizer-T,65.46190171041877,183.71895952693794,450.84869189828225,-10.24116478638043,-28.741849682595966,-69.25569799648522,12.652529215982838,725.736891190194,1.615296785217879e-11,4.5365045053813446e-11,3.0523050753572534e-10,-1.0180745135812685e-13,-2.886579864025407e-13,-1.8882673202824662e-12,1.9129144421831136e-12,3.090057740782274e-10,180000.00000000003,5.202460700063966,True
202,A,ESPDI-A,-68.78649449881777,-226.4479120017109,1628.9566599858538,9.417574142879673,12.837543813872088,-62.22634572781904,27.30774842445534,1201.294204360689,1.4921397450962104e-13,-1.1368683772161603e-13,-1.0231815394945443e-12,1.1546319456101628e-14,7.105427357601002e-15,-1.8474111129762605e-13,1.8523790863211114e-13,1.0402355358391313e-12,180000.09847708538,3.8850398999638855,True
202,A,Optimizer-A,-68.78649449881777,-226.4479120017109,1628.9566599858538,9.417574142879673,12.837543813872088,-62.22634572781904,24.795013229227603,1116.2975775998057,-3.1212367910197335e-08,-4.795216251665351e-08,-7.32094171951303e-08,9.384715227156448e-13,-1.3313794511304877e-12,5.7767124417296145e-12,6.001975231228005e-12,9.291523323242377e-08,180000.00000002663,45.39658129995223,True
203,T,ESPDI-T,-58.61437615603793,-416.3959367755524,898.5459791560133,6.590709902633201,46.820336646032246,-98.56196331356865,17.531282830602226,1005.5775001869715,1.2449878537227222e-12,8.825094003012471e-12,-5.032322806077308e-11,1.4613223825454824e-13,1.0115137893951243e-12,-5.883044051913089e-12,5.971157517093628e-12,5.1106355391228035e-11,180000.0,0.5284306999528781,True
203,T,Optimizer-T,-58.61437615603793,-416.3959367755524,898.5459791560133,6.590709902633201,46.820336646032246,-98.56196331356865,17.531282830602226,1005.5775001874936,-6.225076010224484e-12,-4.413136522884997e-11,2.5625368493820133e-10,2.375877272697835e-14,1.7141843500212417e-13,-8.668621376273222e-13,8.839676039266825e-13,2.601005190550418e-10,180000.0,13.687253499985673,True
203,A,ESPDI-A,-65.20340572891723,-307.1314594021518,1733.171442101894,5.911506436680575,-8.29988539354489,-73.22903719075288,27.402625514455792,1271.6313914445145,1.2079226507921703e-13,2.2737367544323206e-13,-1.1368683772161603e-13,1.0658141036401503e-14,0.0,-2.842170943040401e-14,3.03543989777123e-14,2.8145027386498156e-13,180000.05496931492,4.540762200020254,True
203,A,Optimizer-A,-65.20340572891723,-307.1314594021518,1733.171442101894,5.911506436680575,-8.29988539354489,-73.22903719075288,25.39819217089658,1210.3755281865251,5.0041408380510284e-08,2.677995826914246e-07,2.142683186434624e-07,-5.54833956556422e-14,-1.6928680679484387e-11,7.862510642553389e-11,8.04269275080285e-11,3.4660016072803905e-07,180000.00000050289,28.585531000047922,True
204,T,ESPDI-T,-346.4254551352839,-151.00185031251925,467.1846710646023,51.459980463723525,22.4306619270626,-67.9816298189039,13.317891435119003,763.9014273223238,-9.454721510912534e-12,-4.052906935839845e-12,3.736677254510129e-11,1.5269036035547856e-12,6.6927019481966e-13,-5.813044490210473e-12,6.047383190553487e-12,3.87568510578043e-11,180000.0,0.4302839000010863,True
204,T,Optimizer-T,-346.4254551352839,-151.00185031251925,467.1846710646023,51.459980463723525,22.4306619270626,-67.9816298189039,13.317891435119005,763.9014273227222,-7.581357763797314e-11,-3.296740658242925e-11,2.9261215672704566e-10,9.281464485866309e-13,4.0101255649460654e-13,-3.531397396727698e-12,3.673286603861109e-12,3.0406647746092186e-10,180000.0,4.073839299962856,True
204,A,ESPDI-A,53.019258550614154,274.2103161842284,1457.9084354236602,43.88093579981967,3.4212252421500295,-61.63553138167737,25.528168651026522,1236.0180951063376,1.1368683772161603e-12,1.1368683772161603e-13,2.0463630789890885e-12,2.842170943040401e-14,-5.684341886080802e-14,1.7053025658242404e-13,1.8198773652309366e-13,2.3437142008433857e-12,180000.0240583472,4.429951900034212,True
204,A,Optimizer-A,53.019258550614154,274.2103161842284,1457.9084354236602,43.88093579981967,3.4212252421500295,-61.63553138167737,24.132410735674355,1196.1812765682462,2.8672318482078067e-07,1.2847814778964392e-07,-2.9329263995236943e-07,-4.0964565073409176e-11,-4.3576697805747244e-11,-3.398277215183043e-10,3.4505058251744655e-10,4.2981087913576516e-07,180000.00000080818,31.00128039997071,True
205,T,ESPDI-T,-89.02685676996263,244.41377430590975,426.9416157517675,14.090685036238895,-38.684478338506636,-66.32617716533605,12.507766146447171,717.4334209309818,-1.6007570364184008e-12,4.5639252197349905e-12,2.1206287268739354e-11,2.4554316913061314e-13,-6.697246923703659e-13,-3.223914191163857e-12,3.301885116636403e-12,2.175082656418539e-11,180000.0,0.419323300011456,True
205,T,Optimizer-T,-89.02685676996263,244.41377430590975,426.9416157517675,14.090685036238895,-38.684478338506636,-66.32617716533605,12.507766146447171,717.4334209313529,-2.8624658199305486e-11,7.868306006741932e-11,3.8404390778623565e-10,1.4055423491754482e-13,-3.810285420513537e-13,-1.9095836023552692e-12,1.9522929537329082e-12,3.930650303783368e-10,180000.0,38.07587370008696,True
205,A,ESPDI-A,417.3314860840362,-63.33009313379114,1388.0452762607765,-18.017319833805885,-18.21512438991972,-82.44948169071291,23.60643136967809,1174.3609213735526,2.2737367544323206e-13,4.547473508864641e-13,-1.6484591469634324e-12,-5.684341886080802e-14,5.684341886080802e-14,-1.8474111129762605e-13,2.0147363782652157e-13,1.725083041662119e-12,180000.00145809705,4.778372599976137,True
205,A,Optimizer-A,417.3314860840362,-63.33009313379114,1388.0452762607765,-18.017319833805885,-18.21512438991972,-82.44948169071291,22.339141260437568,1133.7769895835372,-1.454243081731365e-07,1.9441619424570777e-07,3.28648859238001e-07,-1.474376176702208e-13,8.348877145181177e-14,-5.3290705182007514e-14,1.7761791948336379e-13,4.086024457477703e-07,180000.0000000022,31.90801819995977,True
206,T,ESPDI-T,-238.17483945871362,95.392357109429,464.7775862950515,36.380065016624144,-14.570725277350832,-69.65276674802548,12.955672513342163,743.1248987932777,2.708252398112964e-12,-1.1789565227933799e-12,-1.67579454273762e-11,8.933513651054881e-13,-3.54230533794464e-13,-4.919349649856741e-12,5.012340462314366e-12,1.7016265879488382e-11,180000.0,0.5676440999377519,True
206,T,Optimizer-T,-238.17483945871362,95.392357109429,464.7775862950515,36.380065016624144,-14.570725277350832,-69.65276674802548,12.955672513342165,743.1248987936779,2.5661028857371093e-11,-1.0270784223109786e-11,-1.3890488759216169e-10,1.438849039914203e-13,-5.861977570020827e-14,-8.08242361927114e-13,8.230400107608881e-13,1.4162819354763934e-10,180000.0,6.950054400018416,True
206,A,ESPDI-A,232.73953338601837,493.3610501505659,1338.832503151676,0.34462452614715033,3.741119966217056,-55.849528418497314,24.83571639817581,1173.1161457806556,3.410605131648481e-13,-2.2737367544323206e-13,-5.684341886080801e-13,-1.4210854715202004e-14,-5.684341886080802e-14,-1.7053025658242404e-13,1.803155319699033e-13,7.008127344043915e-13,180000.0173682303,4.233942199964076,True
206,A,Optimizer-A,232.73953338601837,493.3610501505659,1338.832503151676,0.34462452614715033,3.741119966217056,-55.849528418497314,23.731817566373735,1133.073819392017,9.491340357319869e-09,-3.125081233089219e-07,-1.9256391681210516e-07,-4.376499163072367e-11,-9.415224155873148e-11,-1.8946977320410952e-10,2.1605280382579564e-10,3.671951453026881e-07,180000.00000415812,33.68755750008859,True
207,T,ESPDI-T,-161.8222707092784,97.25824954158304,322.4909156641763,29.37184460551383,-17.653034898217328,-57.58546057702808,10.921284417579006,626.4343567767737,1.1078649933202178e-12,-6.299293768899372e-13,-6.863872968262963e-12,8.24174062330485e-13,-4.983027879212898e-13,-4.73454608851398e-12,4.831510655864425e-12,6.981183852882286e-12,180000.0,0.40607310004998,True
207,T,Optimizer-T,-161.8222707092784,97.25824954158304,322.4909156641763,29.37184460551383,-17.653034898217328,-57.58546057702808,10.921284417579006,626.4343567770993,-6.606293290190024e-11,3.971700746063789e-11,3.707869566937916e-10,7.562839243746566e-13,-4.580780199603396e-13,-4.250821916684799e-12,4.3418069756733944e-12,3.787145614304697e-10,180000.0,23.632299199933186,True
207,A,ESPDI-A,-90.25699490319573,-320.29800006556474,1291.9819506721742,-35.48156836582668,32.946534181297494,-62.77221188072191,23.862285249631345,1158.845106104729,4.547473508864641e-13,-4.831690603168681e-13,-1.4210854715202004e-12,2.842170943040401e-14,-5.684341886080802e-14,-1.1368683772161603e-13,1.302446348448666e-13,1.5683530888647277e-12,180000.03974863206,4.4372568000108,True
207,A,Optimizer-A,-90.25699490319573,-320.29800006556474,1291.9819506721742,-35.48156836582668,32.946534181297494,-62.77221188072191,22.449602237874743,1118.872206588825,-4.210509408118239e-07,-9.019867145560113e-08,1.0346858303478257e-07,-1.509903313490213e-13,-9.037215420448774e-13,5.6274984672199935e-11,5.6282443182239825e-11,4.4286052292578893e-07,180000.000000119,36.229944800026715,True
208,T,ESPDI-T,76.02338115967268,-291.79768749019286,524.8057891146155,-10.935857023613245,41.97468912243613,-73.98196239264625,13.747775072444082,788.55913877274,-3.657079278079553e-12,1.4217693754085825e-11,-6.887636619899717e-11,-2.453870440177752e-13,9.64714419460222e-13,-4.613504023254222e-12,4.719672455273687e-12,7.042351074257439e-11,180000.0,0.49962649994995445,True
208,T,Optimizer-T,76.02338115967268,-291.79768749019286,524.8057891146155,-10.935857023613245,41.97468912243613,-73.98196239264625,13.747775072444082,788.5591387731547,4.2127412669401565e-12,-1.610578337363222e-11,8.000711204658728e-11,-7.616129948928574e-14,2.899902540320909e-13,-1.4885870314174099e-12,1.5184815577008468e-12,8.172075271983073e-11,179999.99999999997,18.72747469996102,True
208,A,ESPDI-A,192.22653935397273,175.35141218757155,1790.3064496498812,-42.7180415933107,-19.157612158848284,-66.38041101928735,28.338142378111364,1290.05840095838,1.7053025658242404e-12,-8.881784197001252e-14,-5.684341886080801e-13,2.7000623958883807e-13,-9.769962616701378e-15,-9.947598300641403e-14,2.879136898126401e-13,1.799739669184817e-12,180000.1006288715,4.1461716999765486,True
208,A,Optimizer-A,192.22653935397273,175.35141218757155,1790.3064496498812,-42.7180415933107,-19.157612158848284,-66.38041101928735,25.985413148101195,1221.9570195670403,2.423132213883299e-07,8.406672492214993e-08,2.4684377919470535e-07,3.126388037344441e-12,-2.3123170045380448e-12,-1.1354828188814281e-10,1.1361484688120064e-10,3.55970171258563e-07,180000.00000056965,24.726513399975374,True
209,T,ESPDI-T,47.052865452418104,76.78654531201646,439.37533084673544,-7.544388856311571,-12.311844373271192,-69.23291474744747,12.34840448879007,708.2925897162368,-1.3401636842370196e-12,-2.2872123574442516e-12,-3.50960198403083e-11,-1.2562346995981244e-13,-2.044683866664343e-13,-3.1802616096143765e-12,3.189302820827421e-12,3.519599391549992e-11,180000.0,0.46441300003789365,True
209,T,Optimizer-T,47.052865452418104,76.78654531201646,439.37533084673544,-7.544388856311571,-12.311844373271192,-69.23291474744747,12.34840448879007,708.292589716606,7.858325101750552e-12,1.2823964112840258e-11,1.9856116750816e-10,-4.651834473179406e-14,-7.838174553853605e-14,-1.1510792319313623e-12,1.1546822301455707e-12,1.9912996904327534e-10,180000.0,4.465148399933241,True
209,A,ESPDI-A,328.7948941579581,-11.975549795340896,1686.3001689296434,-20.187755228337984,9.312133796704103,-75.61255560476043,26.890506408687617,1236.4587663622624,1.1368683772161603e-13,-8.526512829121202e-14,7.958078640513122e-13,2.842170943040401e-14,-1.0658141036401503e-14,8.526512829121202e-14,9.050708060596688e-14,8.083965584164555e-13,180000.07707091767,4.776645999983884,True
209,A,Optimizer-A,328.7948941579581,-11.975549795340896,1686.3001689296434,-20.187755228337984,9.312133796704103,-75.61255560476043,24.64906718669566,1161.2193167191417,3.2399635937303274e-07,4.2015406514688747e-07,8.853471555880787e-08,-4.050093593832571e-13,-6.061817714453355e-14,-1.0118128557223827e-11,1.0126412624671024e-11,5.379047082946136e-07,180000.00000000815,32.50404679996427,True
210,T,ESPDI-T,308.44730113062735,56.8658320558928,1050.520289385803,-32.57762494017014,-6.006062435420773,-108.1520354382542,18.646079580902967,1069.5211682126355,-1.2196474787149608e-11,-2.2557592593971595e-12,-1.0925800238495431e-10,-8.532133333183367e-13,-1.5805672742841281e-13,-7.68168861853269e-12,7.730542992140476e-12,1.0995978143039669e-10,180000.0,0.5602249000221491,True
210,T,Optimizer-T,308.44730113062735,56.8658320558928,1050.520289385803,-32.57762494017014,-6.006062435420773,-108.1520354382542,18.646079580902967,1069.5211682131994,-4.2009951073396223e-11,-7.745415420146173e-12,-3.751523536266177e-10,1.4876988529977098e-13,2.842170943040401e-14,1.3820056210533949e-12,1.3902804785230328e-12,3.7757663577187956e-10,180000.0,2.197887000045739,True
210,A,ESPDI-A,140.28306792146782,-140.91761321688733,881.9331152375626,-34.8894037265557,9.539776183522036,-71.55626621111439,18.73294802515023,961.0934726587038,1.7053025658242404e-13,-5.684341886080802e-14,2.2737367544323206e-13,1.4210854715202004e-14,1.4210854715202004e-14,2.1316282072803006e-14,2.929642751054232e-14,2.898457019905882e-13,180000.04497898725,4.260955200064927,True
210,A,Optimizer-A,140.28306792146782,-140.91761321688733,881.9331152375626,-34.8894037265557,9.539776183522036,-71.55626621111439,17.66897209051557,927.0178550595265,1.8137275753305608e-07,2.918534932042325e-08,2.941941872336429e-07,3.899680578456355e-11,6.150191467213517e-11,-3.8200553831302386e-10,3.8888490285888025e-10,3.4684013838101784e-07,180000.00000553107,23.992385699995793,True
211,T,ESPDI-T,257.33055153125787,280.4264025037598,645.9184184504211,-33.487237218871456,-36.49277323348622,-82.20961439972196,15.178357729146922,870.6159822814734,-7.838776150534063e-13,5.774399106659237e-14,-1.3345568207934373e-12,-6.923758441579331e-13,-6.849520950424903e-13,-4.5010037363901745e-12,4.605168652402952e-12,1.5488190313307754e-12,180000.0,0.6141712999669835,True
211,T,Optimizer-T,257.33055153125787,280.4264025037598,645.9184184504211,-33.487237218871456,-36.49277323348622,-82.20961439972196,15.178357729146922,870.6159822819391,-2.6235680294917074e-11,-2.8596680579084932e-11,-1.807833882594423e-10,1.7008616737257398e-13,1.8740564655672642e-13,1.2150280781497713e-12,1.2411057212764603e-12,1.8490190515850172e-10,180000.0,20.355632500024512,True
211,A,ESPDI-A,-110.25576611917506,-367.81732009313976,1377.9256169222244,41.3865007698235,2.2041400263581608,-89.44339707041749,23.020159122779887,1207.1043574057367,-5.684341886080801e-13,-2.2737367544323206e-13,1.0516032489249483e-12,-1.7053025658242404e-13,2.842170943040401e-14,9.237055564881302e-14,1.9601194230935054e-13,1.2168342566728624e-12,180000.00503687476,4.086619499954395,True
211,A,Optimizer-A,-110.25576611917506,-367.81732009313976,1377.9256169222244,41.3865007698235,2.2041400263581608,-89.44339707041749,22.096922960533455,1181.0779008774643,3.255504701327081e-08,-4.2016346309543216e-08,6.609769087617678e-08,-4.802913622370397e-11,1.0684253481940686e-10,-3.6912339851369325e-10,3.872650365103079e-10,8.481809466382962e-08,180000.0000025454,18.38472269999329,True
212,T,ESPDI-T,-66.51701655328065,264.35247536508956,368.92324706184763,11.14918774200143,-44.30919380678129,-60.72408985619715,11.81765499223777,677.84930971639,-4.277753525754394e-12,1.667100377016062e-11,6.683803543180294e-11,1.6062845498154843e-13,-6.708938959931743e-13,-2.697939094353785e-12,2.784739750330932e-12,6.901843610452761e-11,180000.0,0.4129251000704244,True
212,T,Optimizer-T,-66.51701655328065,264.35247536508956,368.92324706184763,11.14918774200143,-44.30919380678129,-60.72408985619715,11.81765499223777,677.8493097167375,-2.7518709533325136e-11,1.0942802219915393e-10,4.360236616207658e-10,1.1390888232654106e-13,-4.4231285301066237e-13,-1.808331262509455e-12,1.8651214031210817e-12,4.5038695019946803e-10,179999.99999999997,33.95749489997979,True
212,A,ESPDI-A,497.9981691833772,-466.5266889007231,1775.1405104770774,-40.89911350252196,-29.62757103931811,-74.74912175027055,27.493780179416973,1367.9547439016296,8.526512829121202e-13,9.094947017729282e-13,-6.821210263296962e-13,9.947598300641403e-14,0.0,-1.7053025658242404e-13,1.9742350317315248e-13,1.4210854715202004e-12,180000.01671887704,4.489385899971239,True
212,A,Optimizer-A,497.9981691833772,-466.5266889007231,1775.1405104770774,-40.89911350252196,-29.62757103931811,-74.74912175027055,26.50180399603429,1334.726040340569,1.732900893820102e-08,6.25827819600224e-08,8.161755715718755e-08,-7.860379014346108e-14,3.2223113066720543e-12,2.6492585902815335e-11,2.6687948151384387e-11,1.042992079785016e-07,180000.00000020573,26.557384000043385,True
213,T,ESPDI-T,-27.362223269440097,-292.75814177532556,1135.0287391627,2.7923491609142843,29.87633510213233,-112.82990142270694,19.2871316030579,1106.2912948575122,9.759918330606247e-14,1.918334821505649e-12,-1.673192552391345e-11,3.753616341362065e-14,4.622552340904917e-13,-4.417313737015149e-12,4.441593128172662e-12,1.684181895834798e-11,180000.0,0.5762765998952091,True
213,T,Optimizer-T,-27.362223269440097,-292.75814177532556,1135.0287391627,2.7923491609142843,29.87633510213233,-112.82990142270694,19.2871316030579,1106.2912948580852,-4.348743587456738e-13,-4.746869564087319e-12,4.75210981676355e-11,-3.042011087472929e-14,-3.304023721284466e-13,3.360867140145274e-12,3.377205804265119e-12,4.775957136977261e-11,180000.0,1.6179891000501812,True
213,A,ESPDI-A,-288.7168290402188,310.56502671218584,1752.3592503784173,-3.267731041119262,-34.56151262413569,-66.354224159269,28.038555650884955,1270.4209349500343,-1.1368683772161603e-13,-2.0605739337042905e-13,-1.1368683772161603e-12,5.684341886080802e-14,8.881784197001252e-16,-1.7053025658242404e-13,1.7975686784865234e-13,1.160971168267267e-12,180000.07536844193,3.9411655999720097,True
213,A,Optimizer-A,-288.7168290402188,310.56502671218584,1752.3592503784173,-3.267731041119262,-34.56151262413569,-66.354224159269,25.829956606527446,1202.1274963909036,3.1043456731250196e-07,1.5225471954143568e-07,-4.4893944561863464e-08,1.7497114868092467e-12,7.086553566182374e-13,-3.9328540424321545e-12,4.362456145408328e-12,3.486640022478163e-07,180000.0000000006,25.835399999981746,True
214,T,ESPDI-T,191.4516970319422,-270.01525442150756,843.4114600977273,-22.299129970682316,31.449735603061683,-95.93139856113329,16.933055579331384,971.2637611588943,-4.851800981375137e-12,6.570911661465083e-12,-5.622672141249174e-11,-5.415206477676904e-12,7.61867131882088e-12,-6.359173604364443e-11,6.427501463947437e-11,5.6816908166703405e-11,180000.0,0.6114865000126883,True
214,T,Optimizer-T,191.4516970319422,-270.01525442150756,843.4114600977273,-22.299129970682316,31.449735603061683,-95.93139856113329,16.933055579331384,971.2637611594182,-2.4563462375226663e-11,3.47384343513113e-11,-2.886455519046649e-10,-4.7766235411472735e-12,6.743938740783051e-12,-5.6129323411369114e-11,5.6734449753314305e-11,2.9176424924823835e-10,180000.0,9.579559899982996,True
214,A,ESPDI-A,373.4182350166901,-337.5616134731408,1583.6334717328305,-6.17007905598539,-9.53457038087447,-55.499766445531314,27.226973356639274,1234.4203265048855,1.1368683772161603e-13,-4.547473508864641e-13,-9.094947017729282e-13,-5.684341886080802e-14,2.842170943040401e-14,-1.7053025658242404e-13,1.8198773652309366e-13,1.0231815394945443e-12,180000.02866055907,3.825332900043577,True
214,A,Optimizer-A,373.4182350166901,-337.5616134731408,1583.6334717328305,-6.17007905598539,-9.53457038087447,-55.499766445531314,25.529757932301187,1181.2250071813323,1.0408872857147684e-07,-9.284679913237911e-08,-6.277335629079062e-08,2.424727085781342e-13,-7.140954494389007e-13,-1.3589129821411916e-11,1.361003947931457e-11,1.529558295220077e-07,180000.0000001309,31.654794999980368,True
215,T,ESPDI-T,83.3570224623432,185.4356279166425,1086.113811273724,-8.708682083577855,-19.373291928993872,-110.60756678398793,18.846929799925668,1081.0417433529965,2.450390422254617e-14,-2.589640199328336e-13,-2.5139972568977154e-12,-1.3706744073083144e-13,-3.1511598885813896e-13,-4.895445160357781e-12,4.90749109910685e-12,2.5274186460954896e-12,180000.0,0.5622165999375284,True
215,T,Optimizer-T,83.3570224623432,185.4356279166425,1086.113811273724,-8.708682083577855,-19.373291928993872,-110.60756678398793,18.846929799925668,1081.0417433535622,-6.050382417299716e-12,-1.3486989303146402e-11,-2.0680701595665596e-10,1.1934897514720433e-13,2.651212582804874e-13,3.9754866065777605e-12,3.9861042658892e-12,2.0733462773197175e-10,180000.0,2.4826409999514,True
215,A,ESPDI-A,101.75920141328766,-92.05490765834321,858.732036171439,-16.615005904974137,-3.1971937300149804,-77.28941864470907,18.095747464242017,945.234502872645,3.028688411177427e-13,-2.8421709430404007e-13,6.963318810448982e-13,5.3512749786932545e-14,0.0,1.0302869668521453e-13,1.1609705737189372e-13,8.107940430060906e-13,180000.02535827336,3.825998799991794,True
215,A,Optimizer-A,101.75920141328766,-92.05490765834321,858.732036171439,-16.615005904974137,-3.1971937300149804,-77.28941864470907,17.24856036757325,916.4220909128926,1.0139548135513708e-08,1.255609581707308e-08,1.0464798982923185e-07,2.145511546203238e-11,6.581046818610048e-11,-1.0520651017031923e-10,1.2593549731739803e-10,1.0588516304874319e-07,180000.00000562647,13.54031179996673,True
216,T,ESPDI-T,-251.55441835186213,-123.65712100823785,359.36938834567604,42.51358553486489,20.898490376048457,-59.64027891467247,11.721438675305869,672.3304344354146,2.2059081991598894e-12,9.339470386296456e-13,-9.640683650696813e-12,1.4595408215356542e-12,7.147268887841562e-13,-6.171868571769323e-12,6.3822453417644456e-12,9.933834572152827e-12,180000.0,0.3749328999547288,True
216,T,Optimizer-T,-251.55441835186213,-123.65712100823785,359.36938834567604,42.51358553486489,20.898490376048457,-59.64027891467247,11.721438675305869,672.3304344357675,-1.9770185488710013e-11,-9.746981000091637e-12,8.138378859712248e-11,9.352518759442319e-13,4.569677969357144e-13,-3.820943561549939e-12,3.960192588680936e-12,8.431598258512599e-11,179999.99999999997,36.245810299995355,True
216,A,ESPDI-A,-260.89314728859927,132.70766071959235,1747.57712524309,-13.439163831690706,-24.16949039134978,-61.73448895209039,28.280621109099584,1278.0583601207636,2.2737367544323206e-13,1.1368683772161603e-12,-1.1368683772161603e-12,2.842170943040401e-14,1.0658141036401503e-13,-9.947598300641403e-14,1.4853572565959093e-13,1.6237728297125728e-12,180000.074889159,3.8848172000143677,True
216,A,Optimizer-A,-260.89314728859927,132.70766071959235,1747.57712524309,-13.439163831690706,-24.16949039134978,-61.73448895209039,26.18483018286809,1215.6867815604091,-1.2156334700277565e-07,-8.38695174864337e-08,-1.2899109691488775e-07,5.220179843945516e-11,2.2301271940250444e-11,-3.1747049433761276e-11,6.504036929643148e-11,1.9608785373202088e-07,180000.00000026205,26.393911399994977,True
217,T,ESPDI-T,-329.65413489190774,89.47570908294745,1147.1097088683612,33.412441243803286,-9.068904515521687,-113.22400147201361,19.41724060362238,1113.7542218323197,2.8890980862013305e-12,-6.630034520525852e-13,-2.4159131509562948e-11,8.352034341907455e-13,-2.2750898387435825e-13,-7.496114839966594e-12,7.545930214903591e-12,2.4340297792456918e-11,180000.0,0.5814271999988705,True
217,T,Optimizer-T,-329.65413489190774,89.47570908294745,1147.1097088683612,33.412441243803286,-9.068904515521687,-113.22400147201361,19.41724060362238,1113.7542218328963,-5.1033843817549496e-11,1.3855250280414566e-11,4.637215056391142e-10,2.078337502098293e-13,-5.617728504603292e-14,-1.900701818158268e-12,1.9128560208838436e-12,4.667269608318486e-10,180000.0,1.4600002999650314,True
217,A,ESPDI-A,71.50896766740448,172.11758132496925,1145.3013034563346,6.264514327780283,-27.979912786458392,-92.7244515751709,20.489725200028065,1085.4031807308274,1.1368683772161603e-13,2.2026824808563106e-13,1.2789769243681803e-12,-4.263256414560601e-14,5.3290705182007514e-14,1.5987211554602254e-13,1.7382901976823557e-13,1.3027757946984371e-12,180000.02884828366,3.8611835999181494,True
217,A,Optimizer-A,71.50896766740448,172.11758132496925,1145.3013034563346,6.264514327780283,-27.979912786458392,-92.7244515751709,19.661050317818685,1057.8136840280185,9.996525403020363e-09,8.310686975411777e-09,5.736057673288997e-08,-6.30837604376211e-11,2.8487712189217973e-11,5.86137360869543e-10,5.9021023066687e-10,5.881525143418387e-08,180000.00002366316,11.957926900009625,True
218,T,ESPDI-T,221.75954769831918,211.36332206433636,824.5055375198751,-26.14218024374585,-24.916618561288065,-94.94783326850352,16.73318811288436,959.7995557598642,1.4534504242519342e-12,1.4365984191632396e-12,1.1067770316766992e-11,-4.844406126247591e-13,-4.2701779612297486e-13,-4.925476693173891e-12,4.9676299741793555e-12,1.1254859969737916e-11,180000.0,0.5068446000805125,True
218,T,Optimizer-T,221.75954769831918,211.36332206433636,824.5055375198751,-26.14218024374585,-24.916618561288065,-94.94783326850352,16.73318811288436,959.799555760379,-2.222466655155131e-11,-2.1174173525650986e-11,-2.1995383292505721e-10,2.469136006766348e-13,2.353672812205332e-13,2.469136006766348e-12,2.4925883541367826e-12,2.2208550165701047e-10,180000.0,2.468848199932836,True
218,A,ESPDI-A,415.9855781918383,-496.4794182991211,978.6013297565319,-44.36360008328622,28.5158932705897,-65.70113237128301,20.41471327375975,1015.0310954491488,0.0,9.094947017729282e-13,-3.410605131648481e-13,-1.4210854715202004e-14,2.842170943040401e-14,-4.263256414560601e-14,5.317214951750687e-14,9.713407672867936e-13,180000.00238642705,3.8555368999950588,True
218,A,Optimizer-A,415.9855781918383,-496.4794182991211,978.6013297565319,-44.36360008328622,28.5158932705897,-65.70113237128301,19.531094294986776,982.3995199941255,3.2066161200784765e-08,7.422269799054774e-08,1.0494418134499028e-07,7.959810588431537e-11,-5.012879000787507e-11,2.9341862273213337e-10,3.0812861310505767e-10,1.324784087665646e-07,180000.00000831968,15.992990499944426,True
219,T,ESPDI-T,276.1030383519923,-274.7758552881522,692.5828400371574,-34.842632136103234,34.67514918645276,-85.43721390086864,15.645901975916964,897.4338700217322,6.350241296346204e-12,-5.921545372100656e-12,4.330879405101129e-11,-7.590733597240273e-13,7.705780458167055e-13,-5.063255370529873e-12,5.177503050442078e-12,4.4170600021604625e-11,180000.0,0.4708884001011029,True
219,T,Optimizer-T,276.1030383519923,-274.7758552881522,692.5828400371574,-34.842632136103234,34.67514918645276,-85.43721390086864,15.645901975916964,897.4338700221997,9.785794397032532e-11,-9.745693141383072e-11,6.712390643315302e-10,-4.800604358479177e-13,4.82280881897168e-13,-3.318234575999668e-12,3.387290004187669e-12,6.852998702490521e-10,180000.00000000003,15.566859600017779,True
219,A,ESPDI-A,463.8661117929437,37.62290072840051,1690.664704547051,3.047797053079627,-28.34924155944995,-58.98148419342805,27.916078996599914,1280.4217484582805,-9.094947017729282e-13,-1.1368683772161603e-13,-4.547473508864641e-13,5.684341886080802e-14,-9.947598300641403e-14,7.105427357601002e-14,1.3481600519334532e-13,1.0231815394945443e-12,180000.03876909774,3.9014310999773443,True
219,A,Optimizer-A,463.8661117929437,37.62290072840051,1690.664704547051,3.047797053079627,-28.34924155944995,-58.98148419342805,26.19010160488193,1227.2417039863703,-2.47648654632745e-07,1.0367601983089957e-07,3.597271600597196e-07,2.772360119251971e-11,6.418954257014775e-11,8.486118474593241e-10,8.514875002528068e-10,4.4886768976394013e-07,180000.00000578287,35.69174579996616,True
220,T,ESPDI-T,-57.84459528163761,274.6909798506635,679.4778657176391,7.452677167141118,-35.39108854656514,-85.66065379423021,15.328787580036215,879.2444936615248,1.3240244124806933e-12,-6.953521895243899e-12,-4.221968414252434e-11,1.6050225384867112e-13,-8.123206968191354e-13,-5.111955997394446e-12,5.1785828184232295e-12,4.280895042496373e-11,180000.0,0.5959813999943435,True
220,T,Optimizer-T,-57.84459528163761,274.6909798506635,679.4778657176391,7.452677167141118,-35.39108854656514,-85.66065379423021,15.328787580036217,879.244493661994,4.22922807885584e-12,-2.013855748828064e-11,-1.3368506301958405e-10,-1.176836406102666e-14,5.240252676230739e-14,3.623767952376511e-13,3.663351756662984e-13,1.3525954288848505e-10,180000.0,1.8014695000601932,True
220,A,ESPDI-A,-191.14179003132557,350.69012975686485,1491.5532949878884,35.97180224157245,-21.256262118041985,-61.133628499460954,26.044558191737952,1181.636733555877,5.115907697472721e-13,2.8421709430404007e-13,-1.3642420526593924e-12,7.815970093361102e-14,4.263256414560601e-14,-1.9895196601282805e-13,2.1796412355254754e-13,1.4844732569600405e-12,180000.08560833245,4.724532400025055,True
220,A,Optimizer-A,-191.14179003132557,350.69012975686485,1491.5532949878884,35.97180224157245,-21.256262118041985,-61.133628499460954,23.88165595540336,1113.9270653893927,1.1241919868008664e-07,-7.41877468412405e-08,-1.2917374192511488e-07,-2.812883259650789e-10,1.2631673484975181e-11,6.538556363011594e-10,7.119058045992191e-10,1.8662195373585866e-07,180000.00001359812,43.49911219999194,True
221,T,ESPDI-T,-220.9486322546944,376.71739136056976,1179.2795433335832,22.0147552608383,-37.535155066017296,-114.3520354641184,19.746541211813756,1132.642587595099,7.677869136909349e-12,-1.4111684802468882e-11,-1.1246266396446047e-10,6.040064282064606e-13,-1.052977149917922e-12,-8.417294639073702e-12,8.504377324915851e-12,1.1360431377562603e-10,180000.0,0.7350706999422982,True
221,T,Optimizer-T,-220.9486322546944,376.71739136056976,1179.2795433335832,22.0147552608383,-37.535155066017296,-114.3520354641184,19.746541211813756,1132.642587595692,2.616085126305734e-11,-4.4642955998597245e-11,-3.666187353701389e-10,-1.219024881038422e-13,2.0738966099997924e-13,1.7124079931818414e-12,1.7292228957565463e-12,3.7025218538652873e-10,180000.0,4.895004300051369,True
221,A,ESPDI-A,17.850293435016397,-308.7546368930564,1336.4595202782589,16.19737811639383,28.690654472568056,-71.96946604721752,23.810165231770064,1131.455054904227,5.684341886080802e-14,-8.526512829121202e-14,3.410605131648481e-13,-2.842170943040401e-14,1.4210854715202004e-14,0.0,3.1776437161565096e-14,3.5612299842971617e-13,180000.0663190329,4.926622400060296,True
221,A,Optimizer-A,17.850293435016397,-308.7546368930564,1336.4595202782589,16.19737811639383,28.690654472568056,-71.96946604721752,22.002152220527332,1072.5109184576922,4.861213895854196e-08,1.9808491839615482e-08,3.0082240698448004e-08,-7.647038557934138e-11,-1.896665047240731e-10,1.3165006862436712e-09,1.332289442938342e-09,6.050171574859731e-08,180000.00002582892,18.219721299945377,True
222,T,ESPDI-T,28.469804071257045,-264.52692194126064,831.9292204583787,-3.352164776246717,31.14660810032423,-95.70055899738642,16.75289945796918,960.9301795315096,-1.1417148778177172e-12,1.0617136078251298e-11,-8.884969919764315e-11,-4.248392002775825e-14,3.873889056760227e-13,-3.3449736036583744e-12,3.367599064151355e-12,8.948908390903331e-11,180000.0,0.6604283000342548,True
222,T,Optimizer-T,28.469804071257045,-264.52692194126064,831.9292204583787,-3.352164776246717,31.14660810032423,-95.70055899738642,16.75289945796918,960.9301795320207,-2.3896162826275713e-12,2.215494454560485e-11,-1.857589637666024e-10,4.118927421359331e-14,-3.788080960021034e-13,3.1512570330960443e-12,3.1742106134508886e-12,1.8709073855602507e-10,180000.0,2.29564439994283,True
222,A,ESPDI-A,-332.7788901924496,-400.0571223681309,1556.1657151034647,29.814843159603313,-2.563823496292308,-84.37403654830129,25.059213438670444,1240.502047847136,-2.842170943040401e-14,2.2737367544323206e-13,4.547473508864641e-13,-7.105427357601002e-15,8.526512829121202e-14,0.0,8.556067554929069e-14,5.092167858483923e-13,180000.00085726008,3.9019744999241084,True
222,A,Optimizer-A,-332.7788901924496,-400.0571223681309,1556.1657151034647,29.814843159603313,-2.563823496292308,-84.37403654830129,23.75907925574863,1199.9138468903438,-3.679733981965764e-08,1.1440743392437748e-07,1.0768017943973973e-07,-6.927969309344917e-11,1.4912160395397223e-10,5.842508699061e-10,6.069481095011026e-10,1.613633359816867e-07,180000.00000469034,21.340895100031048,True
223,T,ESPDI-T,377.89174889805054,77.15840350323755,1020.0640724140344,-40.28175894640325,-8.224779238154902,-105.98399810713138,18.477698987228052,1059.8630195133246,2.274083490757411e-12,5.396273798833717e-13,1.4520166149902935e-11,-8.560435346693929e-13,-1.7126144252754827e-13,-6.455922602066622e-12,6.514681700499307e-12,1.4707068995991087e-11,180000.0,0.561281600035727,True
223,T,Optimizer-T,377.89174889805054,77.15840350323755,1020.0640724140344,-40.28175894640325,-8.224779238154902,-105.98399810713138,18.477698987228052,1059.8630195138685,8.01794186600091e-11,1.6363577159950182e-11,5.718074902461012e-10,-2.7755575615628914e-13,-5.67323965583455e-14,-1.9895196601282805e-12,2.0095880773511004e-12,5.776333713833298e-10,180000.0,7.514812100096606,True
223,A,ESPDI-A,-12.685620774781853,468.4545679229634,994.1646647269486,-14.992285257301084,-21.086284769959263,-84.5663841930239,19.49764839959446,1048.7161471999989,-1.7053025658242404e-13,1.1368683772161603e-13,1.9895196601282805e-13,-5.684341886080802e-14,2.842170943040401e-14,4.085620730620576e-14,7.555261418494559e-14,2.8563464471519893e-13,180000.02433897523,3.9359704999951646,True
223,A,Optimizer-A,-12.685620774781853,468.4545679229634,994.1646647269486,-14.992285257301084,-21.086284769959263,-84.5663841930239,19.01493752485573,1030.2289862776124,-3.927394883057804e-08,6.168019072026095e-08,3.6510567014147455e-08,1.3301360013429075e-10,-1.170263885796885e-10,3.410427495964541e-10,3.843149105837541e-10,8.173071936383026e-08,180000.00001635175,14.054681399953552,True
224,T,ESPDI-T,12.799097847450314,-379.982251581811,788.6536907308537,-1.5289205917561475,45.39090925545416,-92.01841589539062,16.516308162041433,947.359530639249,1.1066932181053816e-13,-2.9812211727042737e-12,1.802027841182885e-11,-3.0830372976797804e-14,8.935768791573651e-13,-5.016848048100542e-12,5.095899772227935e-12,1.8265551221334525e-11,180000.0,0.5159030000213534,True
224,T,Optimizer-T,12.799097847450314,-379.982251581811,788.6536907308537,-1.5289205917561475,45.39090925545416,-92.01841589539062,16.516308162041433,947.3595306397474,1.1501494201482387e-12,-3.4226843581564026e-11,1.907860536221051e-10,-1.7763568394002505e-15,4.1300296516055823e-14,-2.0605739337042905e-13,2.101630778670477e-13,1.9383528554404712e-10,180000.0,2.09955279994756,True
224,A,ESPDI-A,440.50383258819045,81.17710435974982,1704.31732181793,-5.163055827814233,7.0832709628012935,-88.20892580016246,26.16157843895249,1279.4575960526672,0.0,0.0,-1.8189894035458565e-12,2.842170943040401e-14,0.0,-1.7763568394002505e-13,1.7989505211591227e-13,1.8189894035458565e-12,180000.01019563823,3.8269514000276104,True
224,A,Optimizer-A,440.50383258819045,81.17710435974982,1704.31732181793,-5.163055827814233,7.0832709628012935,-88.20892580016246,24.661494170100312,1231.618415338753,1.5157246934749668e-07,8.769349304910933e-08,-1.1050481418806157e-07,-1.1792344878358563e-10,-5.2805315675641396e-11,1.965467788522801e-10,2.3521262171453763e-10,2.0706442510965041e-07,180000.0000034437,23.570016299956478,True
225,T,ESPDI-T,-237.8156189774377,162.28539501826464,381.32155080322457,39.166641749369305,-26.727319068300062,-61.64866068294193,12.025148152057504,689.7509175435807,1.4048785109675292e-11,-9.769468974419678e-12,-6.533904194362212e-11,1.7447310957097173e-12,-1.2220417277934714e-12,-8.170558413872486e-12,8.443666109890145e-12,6.754258870675888e-11,180000.0,0.48597829998470843,True
225,T,Optimizer-T,-237.8156189774377,162.28539501826464,381.32155080322457,39.166641749369305,-26.727319068300062,-61.64866068294193,12.025148152057504,689.7509175439482,2.8018698472465076e-11,-1.9073853607665114e-11,-1.2820855488371308e-10,1.0751399770470016e-12,-7.291944825738028e-13,-4.8832049515112885e-12,5.053052657762936e-12,1.3261332097835278e-10,180000.0,12.245489099994302,True
225,A,ESPDI-A,-131.6879560631068,178.89815400120995,1495.4826319479916,-8.946468069523007,35.55967825462223,-79.5956061996589,24.71549027573967,1254.677064222693,2.2737367544323206e-13,-9.094947017729282e-13,2.2737367544323206e-13,0.0,-8.526512829121202e-14,1.4210854715202004e-14,8.644125458514252e-14,9.646648066153113e-13,180000.0020090593,3.744113799999468,True
225,A,Optimizer-A,-131.6879560631068,178.89815400120995,1495.4826319479916,-8.946468069523007,35.55967825462223,-79.5956061996589,23.532912961729544,1222.735193122904,-1.8635960826067642e-07,4.1599841585564504e-07,-3.113708224589118e-07,6.3224980806353415e-12,-1.5006662579253316e-11,2.6574298317427747e-12,1.649957081435259e-11,5.520293240981118e-07,180000.00000022774,28.62111459998414,True
226,T,ESPDI-T,177.39801309853445,145.69249777197794,764.2826619546695,-21.76436062170051,-17.874518468391017,-91.6906208366049,16.087190310743537,922.7457439378832,1.1392918672272628e-12,5.922635835540688e-13,1.3270065656132563e-11,-3.2506289326938997e-13,-2.7794433421490794e-13,-3.796685188461879e-12,3.820698543170954e-12,1.3332044277949404e-11,180000.0,0.5620859999908134,True
226,T,Optimizer-T,177.39801309853445,145.69249777197794,764.2826619546695,-21.76436062170051,-17.874518468391017,-91.6906208366049,16.087190310743537,922.7457439383652,4.898281780185698e-11,4.0274672485907104e-11,5.621672016786761e-10,-1.0391687510491465e-13,-8.637535131583718e-14,-1.1652900866465643e-12,1.1730986336550146e-12,5.657325590125517e-10,180000.0,6.036418600007892,True
226,A,ESPDI-A,-188.32799247137797,138.55452724920804,1764.6832961784703,2.260465133817881,-38.5388110879319,-95.98228437606802,26.181416408879585,1307.3063023633404,-5.684341886080802e-14,0.0,2.2168933355715126e-12,0.0,-1.4210854715202004e-14,1.9184653865522705e-13,1.923721465954157e-13,2.2176219776078096e-12,180000.05246061154,3.8492367999861017,True
226,A,Optimizer-A,-188.32799247137797,138.55452724920804,1764.6832961784703,2.260465133817881,-38.5388110879319,-95.98228437606802,24.582558640959945,1258.3950908822062,-1.4977317718019655e-07,-3.417436647433024e-07,-2.627408512978491e-07,1.3022027900433386e-11,-3.3870239946054426e-11,-5.531326507934864e-10,5.543216536799478e-10,4.563479943371634e-07,180000.00000408455,18.79358190007042,True
227,T,ESPDI-T,-127.66292140008655,-350.03436439489894,434.8239537508721,19.522173956117072,53.52714537152569,-65.15641662314081,12.941049154164881,742.2861169934567,1.4398320589189412e-12,4.270282044638307e-12,-1.5500066508078447e-11,3.045202978668726e-13,8.58951798576868e-13,-3.1284141943643817e-12,3.258451499653157e-12,1.6141886099632417e-11,180000.0,0.5504790999693796,True
227,T,Optimizer-T,-127.66292140008655,-350.03436439489894,434.8239537508721,19.522173956117072,53.52714537152569,-65.15641662314081,12.941049154164881,742.2861169938406,-3.994793384975992e-11,-1.0939515959762502e-10,3.9251180083965664e-10,1.971756091734278e-13,5.453415496958769e-13,-1.9610979506978765e-12,2.04503809228802e-12,4.094247820548299e-10,179999.99999999997,6.006064800079912,True
227,A,ESPDI-A,-55.631601102733214,-12.569132506864321,1257.205792450304,9.107641339537736,-27.759565289554796,-59.122469469919785,23.83475905642956,1107.0700375632186,4.973799150320701e-14,-3.410605131648481e-13,-2.2737367544323206e-13,1.7763568394002505e-15,-9.947598300641403e-14,1.4210854715202004e-14,1.0050161705390533e-13,4.129103168045173e-13,180000.08216295013,3.922618299955502,True
227,A,Optimizer-A,-55.631601102733214,-12.569132506864321,1257.205792450304,9.107641339537736,-27.759565289554796,-59.122469469919785,21.92139884936454,1051.7590845113518,-5.389833003480381e-09,4.6927681851990615e-07,1.89654571158826e-07,9.988676552552533e-12,-5.1087134522731503e-11,-7.79749598223134e-11,9.375373769779296e-11,5.061804412078844e-07,180000.00000101788,26.531388000003062,True
228,T,ESPDI-T,179.70425573768304,38.216050123258334,888.5253681890304,-20.61874109276099,-4.384797899442333,-99.57248739443884,17.185669430362932,985.753448381869,1.3010648602321956e-12,2.983385463857253e-13,2.1623327260689162e-11,-2.4552582189585337e-13,-5.1188220329123624e-14,-2.817329702864413e-12,2.8284712863595024e-12,2.1664488396490087e-11,180000.0,0.5482260999269783,True
228,T,Optimizer-T,179.70425573768304,38.216050123258334,888.5253681890304,-20.61874109276099,-4.384797899442333,-99.57248739443884,17.185669430362932,985.7534483823983,-2.3883783839551143e-11,-5.080769138743335e-12,-3.099760448321831e-10,4.1300296516055823e-13,8.798517470154366e-14,5.4214410738495644e-12,5.437861358790034e-12,3.1093632421339775e-10,180000.00000000003,3.3176462999545038,True
228,A,ESPDI-A,251.44018265460295,494.28699819639337,1477.5952488924029,-1.3467938708294298,-15.223929278619224,-91.81122032153849,23.928914752291448,1220.7851682620294,0.0,4.547473508864641e-13,6.821210263296962e-13,1.4210854715202004e-14,2.842170943040401e-14,1.0658141036401503e-13,1.1121753006547784e-13,8.198074455012805e-13,180000.0052207967,3.7737571999896318,True
228,A,Optimizer-A,251.44018265460295,494.28699819639337,1477.5952488924029,-1.3467938708294298,-15.223929278619224,-91.81122032153849,22.94552809068099,1187.4984806879747,-8.516072430543685e-09,-1.0170995499569771e-08,2.5050237439927514e-08,4.1038283882244286e-11,7.807976487583801e-11,3.8832936866128875e-10,3.9822140699859533e-10,2.834584687200721e-08,180000.00000493648,24.176678100018762,True
229,T,ESPDI-T,84.05752974386627,-434.3184023745765,804.7181162172442,-9.890767626707706,51.10478986212816,-92.43090776673392,16.76383704035899,961.5575487242786,9.14700152914675e-13,-5.788202165832312e-12,2.558783035715856e-11,-2.1261638283309736e-13,1.063212018426185e-12,-5.678943426623562e-12,5.781524363449995e-12,2.6250276628428376e-11,180000.0,0.7549965999787673,True
229,T,Optimizer-T,84.05752974386627,-434.3184023745765,804.7181162172442,-9.890767626707706,51.10478986212816,-92.43090776673392,16.76383704035899,961.5575487247843,1.530742199662427e-11,-7.888045772119767e-11,3.963851469279689e-10,-5.950795411990839e-14,3.170796958329447e-13,-1.6626700016786344e-12,1.693680095116867e-12,4.0444731237034555e-10,180000.0,28.13731010002084,True
229,A,ESPDI-A,219.73298661472882,-161.6762578302804,1795.1446863508809,34.68497957788543,31.06180271157794,-79.95968386914748,27.35122060288673,1348.505664117154,4.547473508864641e-13,-9.663381206337363e-13,-6.821210263296962e-13,2.2737367544323206e-13,-1.5631940186722204e-13,-4.263256414560601e-14,2.7919899571868e-13,1.2672385770206321e-12,180000.02716730692,3.908459100057371,True
229,A,Optimizer-A,219.73298661472882,-161.6762578302804,1795.1446863508809,34.68497957788543,31.06180271157794,-79.95968386914748,25.90984860617075,1307.6882686832814,3.6376401813768494e-08,1.374071064298989e-08,-3.420308303248021e-08,6.998845947236987e-13,2.0694557179012918e-13,1.3109513474773848e-12,1.5004193917261502e-12,5.178707007369553e-08,180000.00000000003,30.36816099996213,True
230,T,ESPDI-T,145.94416127161733,396.09757572490287,708.6696718879903,-18.163795080800135,-49.29717732303713,-86.18104249671948,15.861379154563066,909.7934334800357,-4.865042112114741e-12,-1.3343111012788234e-11,-6.737564743316063e-11,-4.692791294447218e-13,-1.285957451635511e-12,-6.456987722280871e-12,6.600499974580351e-12,6.885626415432226e-11,180000.0,0.47974570002406836,True
230,T,Optimizer-T,145.94416127161733,396.09757572490287,708.6696718879903,-18.163795080800135,-49.29717732303713,-86.18104249671948,15.861379154563066,909.7934334805104,3.415601135259294e-11,9.282263846444039e-11,4.553406540708238e-10,-2.8688162956314045e-13,-7.72715225139109e-13,-3.806732706834737e-12,3.89494592899926e-12,4.659589966645824e-10,180000.0,1.709964400040917,True
230,A,ESPDI-A,-219.71685919944485,-266.4354036518426,1131.9567103165398,-2.3458761545611537,27.077029182240366,-59.573573168364035,22.4823560745008,1050.5817157820602,2.2737367544323206e-13,-2.842170943040401e-14,-5.684341886080801e-13,0.0,-1.4210854715202004e-14,-8.526512829121202e-14,8.644125458514252e-14,6.12881724829544e-13,180000.04738569597,3.8039262000238523,True
230,A,Optimizer-A,-219.71685919944485,-266.4354036518426,1131.9567103165398,-2.3458761545611537,27.077029182240366,-59.573573168364035,20.803004236050402,996.6385775418003,1.1334984077652104e-07,-5.637927737117516e-08,2.8257526807351496e-07,4.317879387372159e-11,7.920819555806702e-11,-5.695426352758659e-10,5.766430090453992e-10,3.0963783917308526e-07,180000.00000738457,30.37503180000931,True
231,T,ESPDI-T,222.4731590317789,-135.8599401608454,1147.0515336334047,-22.622652591974244,13.815204678179555,-113.61762242860071,19.35506383346761,1110.1878221737152,-5.646878235463729e-12,3.056459065673583e-12,-7.286621832173004e-11,-4.277411758124572e-13,2.469825559348049e-13,-5.7542720588443785e-12,5.775431570334691e-12,7.314858131458408e-11,180000.0,0.5845577999716625,True
231,T,Optimizer-T,222.4731590317789,-135.8599401608454,1147.0515336334047,-22.622652591974244,13.815204678179555,-113.61762242860071,19.35506383346761,1110.1878221742954,-1.3321344027872328e-11,8.15703060652595e-12,-1.7986678813031176e-10,2.389199948993337e-13,-1.454392162258955e-13,3.169020601490047e-12,3.181340425394214e-12,1.8054378091570806e-10,180000.0,1.955902799963951,True
231,A,ESPDI-A,-26.64606599058527,-271.09484865337265,1421.946564617392,34.15233837308452,33.64987446350051,-84.66900021280038,23.766299907662816,1199.6484727061852,2.2737367544323206e-13,-3.197442310920451e-13,-4.547473508864641e-13,4.263256414560601e-14,-4.574118861455645e-14,-4.263256414560601e-14,7.56791079964005e-14,6.006082872717161e-13,180000.05045108552,4.180638500023633,True
231,A,Optimizer-A,-26.64606599058527,-271.09484865337265,1421.946564617392,34.15233837308452,33.64987446350051,-84.66900021280038,22.344134819503,1158.125049528604,2.5920481074073505e-07,4.8793359187193e-08,-3.855719405976288e-07,3.33244543071487e-12,8.814060592499118e-13,1.2224887768752524e-11,1.2701572743112166e-11,4.6715484283921545e-07,180000.00000008507,23.667715599993244,True
232,T,ESPDI-T,-261.5241578354504,332.3139591507229,424.2219143233566,39.808471757212416,-50.583896213911316,-63.22477455385948,13.00012824398257,745.6748366910524,-1.03935330593182e-11,1.3149334671584208e-11,4.9859809727791666e-11,-4.299235419709044e-11,5.4613129014773054e-11,2.0601726325331776e-10,2.17425962429925e-10,5.2601626950618694e-11,180000.0,0.40882400004193187,True
232,T,Optimizer-T,-261.5241578354504,332.3139591507229,424.2219143233566,39.808471757212416,-50.583896213911316,-63.22477455385948,13.00012824398257,745.6748366914544,2.9633850928689753e-11,-3.739231146937527e-11,-1.4156142924548476e-10,-4.388356344975364e-11,5.576605843771176e-11,2.1029755714607745e-10,2.2194747792289632e-10,1.4938536852018328e-10,179999.99999999997,35.892200500005856,True
232,A,ESPDI-A,204.60074336657567,149.17614920364997,1091.8272716106912,6.176077693712585,-6.53337658685048,-89.71652831895983,20.09708506054457,1072.8718154808557,2.2737367544323206e-13,5.684341886080802e-14,1.2647660696529783e-12,2.842170943040401e-14,1.4210854715202004e-14,2.1671553440683056e-13,2.1903279391890395e-13,1.286298244381058e-12,180000.0065971641,3.9178677999880165,True
232,A,Optimizer-A,204.60074336657567,149.17614920364997,1091.8272716106912,6.176077693712585,-6.53337658685048,-89.71652831895983,19.447686735225425,1050.7423153888667,-6.009657597140704e-10,5.595564833013054e-10,5.098537059211594e-08,3.836220230368781e-11,1.1428635815491361e-11,-7.94138088622276e-11,8.893157662044804e-11,5.099198248467846e-08,180000.00000260482,12.449201100040227,True
233,T,ESPDI-T,-270.188525943829,-87.97599430694623,302.10312767838514,48.7507031701805,15.873699927031936,-53.54895094681244,10.98574073900245,630.1315093008943,1.862143235832961e-11,5.997117502576886e-12,-6.133978931342418e-11,1.1628684126741007e-12,3.7508884886960914e-13,-3.746475352173206e-12,3.940689299371731e-12,6.4383949198778e-11,180000.0,0.34214500000234693,True
233,T,Optimizer-T,-270.188525943829,-87.97599430694623,302.10312767838514,48.7507031701805,15.873699927031936,-53.54895094681244,10.98574073900245,630.1315093012163,-1.5503864858601446e-10,-5.049072271390287e-11,5.129008329163298e-10,1.297628671181883e-12,4.263256414560601e-13,-4.343192472333612e-12,4.552901774975113e-12,5.381947231642231e-10,180000.0,34.999120100052096,True
233,A,ESPDI-A,499.50986824555787,145.46889254386645,1288.964082531899,-30.681385999794934,-7.258806192422455,-67.53931998456775,23.635776250760728,1106.435721074913,4.547473508864641e-13,0.0,-9.663381206337363e-13,8.526512829121202e-14,2.1316282072803006e-14,-9.947598300641403e-14,1.3274033742241475e-13,1.0679908784854851e-12,180000.0255262943,4.453549899975769,True
233,A,Optimizer-A,499.50986824555787,145.46889254386645,1288.964082531899,-30.681385999794934,-7.258806192422455,-67.53931998456775,21.932883361842915,1047.399084230783,2.015787548213739e-08,-4.352026257938472e-08,8.080665381271501e-08,1.3855583347321954e-13,1.3322676295501878e-14,2.5650592760939617e-12,2.568833257058311e-12,9.396844416792224e-08,180000.00000000003,30.878533100010827,True
234,T,ESPDI-T,121.84821237423049,39.462933516483695,890.042856061815,-13.996588432615859,-4.533069693936021,-99.86951296155159,17.166210560112706,984.6373063235988,-4.3522470512518535e-13,-1.0815432344201195e-13,-5.782578951264716e-12,-2.5767235567464297e-13,-8.320167471653761e-14,-5.045866502406682e-12,5.053126390826218e-12,5.799942864308256e-12,180000.0,0.5228166000451893,True
234,T,Optimizer-T,121.84821237423049,39.462933516483695,890.042856061815,-13.996588432615859,-4.533069693936021,-99.86951296155159,17.166210560112706,984.6373063241263,-2.0260015887174632e-11,-6.565303856120863e-12,-3.893063649229589e-10,1.8629542353210127e-13,5.939693181744587e-14,3.4994229736184934e-12,3.5048816140673324e-12,3.898884676776165e-10,180000.0,1.652718500001356,True
234,A,ESPDI-A,268.5304671920844,265.6095238868211,1449.2038463730294,-27.75826986224919,33.40929061421163,-67.14758007454151,25.07215341442508,1238.5485526422963,4.263256414560601e-14,-6.821210263296962e-13,1.3073986337985843e-12,1.7763568394002505e-14,-1.1368683772161603e-13,9.947598300641403e-14,1.521042820841078e-13,1.4752619488569182e-12,180000.00199975568,3.9477882001083344,True
234,A,Optimizer-A,268.5304671920844,265.6095238868211,1449.2038463730294,-27.75826986224919,33.40929061421163,-67.14758007454151,23.86545155486209,1203.8997771051872,1.9812067798632072e-08,-2.4104528919351123e-08,1.8148266534012691e-07,-7.470202234571843e-11,1.3584156022261595e-10,-5.04826402902836e-10,5.280937593780779e-10,1.8414533435261924e-07,180000.00000658768,13.884058500058018,True
235,T,ESPDI-T,135.93107608196112,-167.98261685386856,360.78519583656043,-23.347255351846854,28.8523652089236,-60.908160307192304,11.535254442292254,661.6510861288989,-3.4499974220763424e-12,4.053073902974408e-12,-2.5810376514008582e-11,-3.6023961591524767e-13,4.2965284108298363e-13,-2.7540261737790672e-12,2.8105220708234286e-12,2.6353470854333237e-11,180000.0,0.6422023000195622,True
235,T,Optimizer-T,135.93107608196112,-167.98261685386856,360.78519583656043,-23.347255351846854,28.8523652089236,-60.908160307192304,11.535254442292254,661.6510861292481,1.8506640664384122e-11,-2.2888579920277152e-11,1.3790746322683844e-10,-1.1191048088221578e-13,1.4344081478157023e-13,-8.739675649849232e-13,8.927029336359131e-13,1.41013656264595e-10,180000.0,17.314754199935123,True
235,A,ESPDI-A,355.61821302413796,199.58002837617744,1730.7641311343666,37.10221191151405,-15.899855616254257,-63.14397432299321,27.857343470711058,1340.4225427844722,-4.547473508864641e-13,2.842170943040401e-14,3.410605131648481e-13,0.0,1.4210854715202004e-14,1.4210854715202004e-14,2.0097183471152322e-14,5.691442878088761e-13,180000.0021803767,3.8093581999419257,True
235,A,Optimizer-A,355.61821302413796,199.58002837617744,1730.7641311343666,37.10221191151405,-15.899855616254257,-63.14397432299321,26.467946303196324,1300.0018208060137,-1.384011849875496e-07,-1.632880693646251e-09,1.7153764986233e-07,-7.455369654962851e-11,-8.36397617831608e-12,-7.256417688950023e-11,1.043732223052264e-10,2.204148806809761e-07,180000.00000416167,23.412454399978742,True
236,T,ESPDI-T,-264.6477373898284,61.01981361143638,789.2300837209964,31.90228554457657,-7.355708145886844,-92.98768927104807,16.36890102525406,938.9043992291499,-2.237168404087969e-12,5.673714807436642e-13,1.6454363696224994e-11,5.649161693987992e-13,-1.2775024094136e-13,-4.515124385484626e-12,4.552120233353542e-12,1.6615442140161598e-11,180000.0,0.6252244000788778,True
236,T,Optimizer-T,-264.6477373898284,61.01981361143638,789.2300837209964,31.90228554457657,-7.355708145886844,-92.98768927104807,16.36890102525406,938.9043992296356,-9.842415771288415e-11,2.2720103576290285e-11,7.830287529486668e-10,3.5482727867020003e-13,-8.126832540256146e-14,-2.7782220968219917e-12,2.801968050794338e-12,7.895172866203452e-10,180000.0,2.2163665000116453,True
236,A,ESPDI-A,255.4549800676432,-10.078394033150914,1612.9137965167708,23.554661859048508,6.235517120866909,-97.70238371640514,24.70612781545605,1284.9990178688277,0.0,5.684341886080802e-14,3.979039320256561e-13,0.0,-7.105427357601002e-15,-1.4210854715202004e-14,1.5888218580782548e-14,4.0194366942304643e-13,180000.00140602197,4.25661330006551,True
236,A,Optimizer-A,255.4549800676432,-10.078394033150914,1612.9137965167708,23.554661859048508,6.235517120866909,-97.70238371640514,23.63822446398128,1254.724085205864,1.2870512112326519e-07,1.501940041001734e-08,1.3636999085520074e-08,-3.984812479984612e-10,-4.499811634417483e-11,-1.0579981335467892e-10,4.1473574235508076e-10,1.3029412241574546e-07,180000.00000638104,16.12295849993825,True
237,T,ESPDI-T,138.11096505209267,-407.31377111858376,670.0873638844507,-17.575474018707,51.83319513447833,-83.34257683551995,15.517045366965252,890.0427790237572,-2.2614006207986176e-12,6.913621476527243e-12,-2.952599623129437e-11,-5.389161339408588e-13,1.6552384463075498e-12,-7.209455255008379e-12,7.416636029058209e-12,3.040882352441239e-11,180000.0,0.62228170002345,True
237,T,Optimizer-T,138.11096505209267,-407.31377111858376,670.0873638844507,-17.575474018707,51.83319513447833,-83.34257683551995,15.517045366965252,890.042779024232,-4.704903133756488e-12,1.3939072118773765e-11,-6.300915345036628e-11,-1.4077627952246985e-13,4.263256414560601e-13,-1.9202417433916708e-12,1.9720293776977543e-12,6.470384272639619e-11,180000.0,2.1553322999970987,True
237,A,ESPDI-A,206.09750725996662,-50.11896918639269,1278.3109501778094,-31.837531398221913,28.616617315856516,-73.44907538399637,23.082995939511676,1129.3054048732174,2.2737367544323206e-13,0.0,7.958078640513122e-13,2.842170943040401e-14,5.684341886080802e-14,1.7053025658242404e-13,1.8198773652309366e-13,8.276526715781663e-13,180000.07122462508,3.8082093000411987,True
237,A,Optimizer-A,206.09750725996662,-50.11896918639269,1278.3109501778094,-31.837531398221913,28.616617315856516,-73.44907538399637,21.45610004121495,1080.4763491748472,8.449796881255022e-08,-1.5144483518996096e-07,7.358152842584786e-08,-2.4083735006286133e-11,8.00977062453967e-11,3.923226188362605e-10,4.0113926021790567e-10,1.8838706474873747e-07,180000.0000040225,20.685168600059114,True
238,T,ESPDI-T,50.96335552013518,209.10191411901658,330.1513373225707,-9.089946032652371,-37.295917728871125,-57.903996712655484,11.11205339607654,637.3766816690459,-1.861033598277509e-12,-7.879305497990319e-12,-3.4981208739143926e-11,-1.3638569440477255e-13,-5.543690506648602e-13,-2.533029341833526e-12,2.596567686112364e-12,3.590587509080008e-11,180000.0,0.35362299997359514,True
238,T,Optimizer-T,50.96335552013518,209.10191411901658,330.1513373225707,-9.089946032652371,-37.295917728871125,-57.903996712655484,11.11205339607654,637.3766816693824,1.3730627745900392e-11,5.6303628426235264e-11,2.519531250300133e-10,-7.860379014346108e-14,-3.2462921240039577e-13,-1.4619416788264061e-12,1.4996120010383983e-12,2.585324078808024e-10,180000.0,36.03353779995814,True
238,A,ESPDI-A,306.0796473663937,67.67348570234458,1628.264892856922,12.386369639041256,-11.808176610664148,-61.411613310979035,27.25061020867169,1240.9950245761447,-4.547473508864641e-13,2.1316282072803006e-13,0.0,0.0,2.4868995751603507e-14,2.842170943040401e-14,3.776586443654626e-14,5.022285747336438e-13,180000.05953067032,3.8600740999681875,True
238,A,Optimizer-A,306.0796473663937,67.67348570234458,1628.264892856922,12.386369639041256,-11.808176610664148,-61.411613310979035,25.33609693961531,1182.8117313304938,-5.567426461233521e-08,1.2732269558733813e-08,-6.685663578309686e-09,1.7969625787372934e-11,1.3119172415088087e-11,4.733813341317727e-10,4.739039012713149e-10,5.750158715829431e-08,180000.00000377692,29.75646019994747,True
239,T,ESPDI-T,425.8308622470404,338.59295747308903,682.8442815563226,-52.855295138444674,-42.02708700962257,-82.72765029306517,15.903542387671656,912.2118759271052,-1.0138016860332172e-11,-9.245138864671454e-12,-4.774255368486264e-11,-1.0543076828239961e-12,-9.281238971814432e-13,-4.845270018538628e-12,5.044761660488064e-12,4.9674977713527255e-11,180000.0,0.6491548999911174,True
239,T,Optimizer-T,425.8308622470404,338.59295747308903,682.8442815563226,-52.855295138444674,-42.02708700962257,-82.72765029306517,15.903542387671656,912.2118759275982,-1.3714096525063724e-10,-1.0891421098335741e-10,-6.195222113092314e-10,7.300826609935029e-13,5.941913627793838e-13,3.270272941335861e-12,3.403052920293553e-12,6.437994408272531e-10,180000.0,37.54069990001153,True
239,A,ESPDI-A,168.22223232951512,187.8133893044885,1071.1656943487274,-35.598683766806474,-13.03653429033043,-77.702757484867,20.596653858528757,1045.252673822055,1.7053025658242404e-13,5.684341886080802e-14,-1.6768808563938364e-12,2.1316282072803006e-14,2.1316282072803006e-14,-2.2026824808563106e-13,2.2232154388976277e-13,1.6864878147256146e-12,180000.0470668606,3.965998900006525,True
239,A,Optimizer-A,168.22223232951512,187.8133893044885,1071.1656943487274,-35.598683766806474,-13.03653429033043,-77.702757484867,19.390469928754925,1006.2795342742975,-9.125883486518427e-08,1.9117641784102304e-08,9.917668464254348e-08,-6.574807365211655e-11,-4.154232513542411e-11,-9.31368759893303e-10,9.346102614843314e-10,1.3612374497134123e-07,180000.00002038875,19.29276069998741,True
240,T,ESPDI-T,-250.58902833421382,-241.32887706484968,1144.991269402401,25.41266793438112,24.473579935218467,-113.07638154479035,19.406754699567095,1113.152760473844,-1.2328712134307071e-12,-1.2775305275193171e-12,1.3448178199293101e-11,7.043393646100071e-13,6.778241162797016e-13,-8.380129923324375e-12,8.436949508261039e-12,1.3564864634694743e-11,180000.0,0.7066460000351071,True
240,T,Optimizer-T,-250.58902833421382,-241.32887706484968,1144.991269402401,25.41266793438112,24.473579935218467,-113.07638154479035,19.406754699567095,1113.1527604744115,-6.664246932075457e-11,-6.414779818442184e-11,7.958398384744214e-10,3.566036355096003e-13,3.481659405224491e-13,-4.309441692385008e-12,4.338164747340135e-12,8.011973584779659e-10,180000.0,1.7535742999752983,True
240,A,ESPDI-A,-197.45764820477683,291.86252275004676,899.8052784924764,-8.531475557113552,-35.4930511545148,-60.116601500362584,19.682926332265296,973.8297451603084,0.0,5.684341886080801e-13,8.526512829121202e-14,2.842170943040401e-14,9.947598300641403e-14,7.105427357601002e-15,1.037002982636638e-13,5.747935010775986e-13,180000.00106398494,3.82530340005178,True
240,A,Optimizer-A,-197.45764820477683,291.86252275004676,899.8052784924764,-8.531475557113552,-35.4930511545148,-60.116601500362584,18.602362221636646,941.0157884855853,-1.7131361137456408e-10,1.7956838010811053e-08,1.103819187164845e-07,1.532738380660703e-10,-2.6536550734590492e-11,-3.332054632210202e-10,3.677267173876928e-10,1.1183311387613485e-07,180000.00000400987,20.45405399997253,True
241,T,ESPDI-T,-202.5315710147654,355.1074835222833,567.6482186278713,27.673314430444506,-48.520835536300694,-75.88750483790889,14.464612114369992,829.6762211691876,2.437995606178328e-12,-4.490335674903895e-12,-1.800667980608045e-11,5.410914771797337e-13,-9.976464099281657e-13,-4.244438134293205e-12,4.393555897193239e-12,1.8717570747502596e-11,180000.0,0.44363679992966354,True
241,T,Optimizer-T,-202.5315710147654,355.1074835222833,567.6482186278713,27.673314430444506,-48.520835536300694,-75.88750483790889,14.464612114369992,829.6762211696259,-1.1483036743697994e-11,2.0298873693036512e-11,9.102230080770823e-11,9.015010959956271e-14,-1.4299672557172016e-13,-6.359357485052897e-13,6.580192869605192e-13,9.396256515438418e-11,180000.0,10.472958000027575,True
241,A,ESPDI-A,395.25673083204777,-81.23607540546107,1652.3278298868654,-33.269517236267305,16.75710760300028,-85.39884170084277,25.925373616703034,1242.6667918552448,5.115907697472721e-13,1.9895196601282805e-13,-1.1368683772161603e-13,4.263256414560601e-14,1.0658141036401503e-14,-2.842170943040401e-14,5.23347404973728e-14,5.605637319182512e-13,180000.06446252918,3.969618699979037,True
241,A,Optimizer-A,395.25673083204777,-81.23607540546107,1652.3278298868654,-33.269517236267305,16.75710760300028,-85.39884170084277,24.035408378038163,1179.9362161906538,7.50677897525996e-08,-1.4704432983113494e-07,4.531498483117957e-07,1.1272360822545124e-10,-2.453459657658641e-11,9.476472939695668e-10,9.54643363800526e-10,4.822882882870281e-07,180000.00000283026,16.41464980004821,True
242,T,ESPDI-T,85.62867714126534,95.26930256474624,341.1259385907068,-15.372437503474721,-17.103165067703905,-60.270524381660024,11.040783830165923,633.2887280024315,2.6527989061084917e-12,2.9042763203049327e-12,2.951095672085874e-11,-2.222250161665329e-13,-2.5390453628482135e-13,-2.4460711234297605e-12,2.46923377026825e-12,2.9771945343919535e-11,180000.0,0.3701413000235334,True
242,T,Optimizer-T,85.62867714126534,95.26930256474624,341.1259385907068,-15.372437503474721,-17.103165067703905,-60.270524381660024,11.040783830165923,633.2887280027717,-2.364630713458382e-11,-2.6270541297890304e-11,-2.594529036059612e-10,1.383337888682945e-13,1.5365486660812167e-13,1.5081269566508126e-12,1.5222328903790838e-12,2.618493810776558e-10,179999.99999999997,33.176459099981,True
242,A,ESPDI-A,226.2043537282898,-51.94839962586826,1567.1647456990768,1.3285446295725265,28.052550396136766,-95.08043115399434,24.49709178956887,1246.1232095110026,-1.1368683772161603e-13,4.547473508864641e-13,1.3073986337985843e-12,0.0,7.105427357601002e-14,1.4210854715202004e-13,1.5888218580782548e-13,1.3888884180767736e-12,180000.02848663626,3.9034321999643,True
242,A,Optimizer-A,226.2043537282898,-51.94839962586826,1567.1647456990768,1.3285446295725265,28.052550396136766,-95.08043115399434,23.17897944917921,1205.2950352523912,2.6351849417087058e-08,4.812624331716273e-08,-1.6591262053111677e-07,-4.593925240214958e-11,-2.1189006105259978e-10,1.5164083322360966e-09,1.5318296390131648e-09,1.7474997257517934e-07,180000.00001944834,28.882709400029853,True
243,T,ESPDI-T,303.84529707612995,200.31536178254171,385.37692618442384,-48.738079397484356,-32.13143695506058,-60.60120089919586,12.343398910425746,708.0054745617326,1.569631469071353e-11,1.0147647750303329e-11,5.734145157396814e-11,6.91920132300794e-12,4.5368292456160475e-12,2.5644000811730905e-11,2.694574074291236e-11,6.031078774434868e-11,180000.0,0.3845472000539303,True
243,T,Optimizer-T,303.84529707612995,200.31536178254171,385.37692618442384,-48.738079397484356,-32.13143695506058,-60.60120089919586,12.343398910425746,708.0054745621092,-4.076738946423575e-12,-2.7204904995414836e-12,-1.5496048888508085e-11,7.7999828818065e-12,5.136779890335674e-12,2.9045210681033495e-11,3.05098427413819e-11,1.6252642866636028e-11,179999.99999999997,2.144992599962279,True
243,A,ESPDI-A,-280.1768605554591,29.880724050875756,1652.2002318389812,-7.8625712095139235,6.751386394689867,-95.69248892753419,25.228519955344424,1270.9925302312731,-9.094947017729282e-13,-2.2737367544323206e-13,2.0463630789890885e-12,-5.684341886080802e-14,-3.552713678800501e-14,2.3447910280083306e-13,2.438725104771395e-13,2.25088454876906e-12,180000.01629880138,4.152587500051595,True
243,A,Optimizer-A,-280.1768605554591,29.880724050875756,1652.2002318389812,-7.8625712095139235,6.751386394689867,-95.69248892753419,23.881197172898236,1228.602424540184,-1.4559480574004065e-08,3.1578508059841377e-09,-1.6122644552751808e-08,-1.9539925233402755e-13,7.37188088351104e-14,-1.9184653865522705e-13,2.835849519681114e-13,2.1951996803754185e-08,180000.00000000003,24.30978279991541,True
244,T,ESPDI-T,-286.14921401097763,326.60201873899905,669.2816503598092,36.41068789449207,-41.55805288900962,-83.23132031318146,15.518546313090317,890.12887184805,1.286213231191033e-11,-1.522446323740448e-11,-8.546965305639143e-11,7.136305435473389e-13,-8.526165884426007e-13,-4.8816367614890055e-12,5.006655677265218e-12,8.776263625288434e-11,180000.0,0.4633406000211835,True
244,T,Optimizer-T,-286.14921401097763,326.60201873899905,669.2816503598092,36.41068789449207,-41.55805288900962,-83.23132031318146,15.518546313090317,890.128871848523,5.7755134008630193e-11,-6.587175249705979e-11,-3.7344349834711466e-10,-2.5579538487363607e-13,2.8466118351389014e-13,1.6271428648906294e-12,1.671543350047095e-12,3.8358152945510834e-10,180000.0,15.429387399926782,True
244,A,ESPDI-A,-305.42558721710844,292.33281438601534,1025.4321808626937,35.77910820352217,-12.531750557080159,-64.45278857437168,20.944511302026857,1011.5289772605047,-2.842170943040401e-14,-3.410605131648481e-13,-5.684341886080801e-13,-1.0658141036401503e-14,0.0,-6.394884621840902e-14,6.48309409388569e-14,6.635114874557503e-13,180000.02089307053,4.439823399996385,True
244,A,Optimizer-A,-305.42558721710844,292.33281438601534,1025.4321808626937,35.77910820352217,-12.531750557080159,-64.45278857437168,19.591284106973973,965.9403818062056,4.6472742144887976e-08,1.0832196005892764e-07,-1.5799821895257082e-07,-2.805600196609248e-11,2.3919533020944073e-11,1.6081003195722587e-10,1.649822708182471e-10,1.9712128242698116e-07,180000.00000163907,20.078105300082825,True
245,T,ESPDI-T,297.4612678966472,-83.7975006516038,863.7515719238222,-34.33413523278674,9.67223309402874,-97.35141411579076,17.084881971366595,979.9723767941796,-7.857509375141028e-12,2.228975010343465e-12,-6.294558683962378e-11,-8.18262124724356e-13,2.248210298483322e-13,-6.344272329705802e-12,6.400772515383684e-12,6.347326748924923e-11,180000.0,0.513572399970144,True
245,T,Optimizer-T,297.4612678966472,-83.7975006516038,863.7515719238222,-34.33413523278674,9.67223309402874,-97.35141411579076,17.084881971366595,979.9723767946925,3.9189984590848326e-11,-1.0999312571868813e-11,3.013145288832675e-10,-2.3447910280083306e-13,7.083222897108499e-14,-1.900701818158268e-12,1.916419853753723e-12,3.0405145137859487e-10,180000.0,4.020812000031583,True
245,A,ESPDI-A,416.1467473844076,-301.24243560685926,1742.6393009763258,-24.56641516512124,21.195472830704787,-70.70360703974106,27.717559402327776,1248.889630122745,2.2737367544323206e-13,-3.410605131648481e-13,1.8189894035458565e-12,1.4210854715202004e-14,-4.973799150320701e-14,1.8474111129762605e-13,1.9184653865522705e-13,1.8646027759651505e-12,180000.0730590868,3.8378444999689236,True
246,T,ESPDI-T,433.08179186175283,321.2691286593893,844.4477954249933,-49.409996701777814,-36.65336868401681,-93.94110269169062,17.281825180721725,991.2688496225364,5.098032049679138e-13,3.9473623886709594e-13,1.5143231720665673e-12,-1.0753654910988786e-12,-8.171987392335822e-13,-5.899940258569103e-12,6.052563074725925e-12,1.6458707955147173e-12,180000.0,0.6524434000020847,True
246,T,Optimizer-T,433.08179186175283,321.2691286593893,844.4477954249933,-49.409996701777814,-36.65336868401681,-93.94110269169062,17.281825180721725,991.2688496230548,4.4423575928931314e-11,3.290834271751919e-11,2.36955344234957e-10,-1.8918200339612667e-13,-1.3633538742396922e-13,-9.663381206337363e-13,9.940757172685374e-13,2.433192312174157e-10,180000.0,1.4822341999970376,True
246,A,ESPDI-A,73.6788639202581,-474.9099712743869,1095.0776361544038,2.3097032389717427,22.248881020556937,-91.39501574191064,20.206667217223103,1086.3850263812328,0.0,9.094947017729282e-13,-2.1316282072803006e-13,2.1316282072803006e-14,5.684341886080802e-14,-1.0658141036401503e-14,6.163727865135184e-14,9.341407820525544e-13,180000.02887451017,3.838911800063215,True
246,A,Optimizer-A,73.6788639202581,-474.9099712743869,1095.0776361544038,2.3097032389717427,22.248881020556937,-91.39501574191064,19.710519586410367,1066.8768840737412,-1.9748048689493837e-09,-1.8594905467076925e-09,9.714650417436133e-09,-1.8061108164602047e-11,4.998312874704425e-11,3.0389557537091605e-10,3.085077592500668e-10,1.0086227842792047e-08,180000.00000511034,13.33890829992015,True
247,T,ESPDI-T,148.79900680668686,-35.83771967175187,929.4200773203581,-16.73789745668376,4.031263983680063,-102.07706596617294,17.524411054358712,1005.1833417193029,-4.049667014487807e-12,1.0199116399524366e-12,-6.713271735389603e-11,-3.5445257839938904e-13,8.738496037885568e-14,-5.963507465622797e-12,5.9746710415028896e-12,6.726248406057893e-11,180000.0,0.6753843000624329,True
247,T,Optimizer-T,148.79900680668686,-35.83771967175187,929.4200773203581,-16.73789745668376,4.031263983680063,-102.07706596617294,17.524411054358712,1005.1833417198286,1.2703615936970891e-11,-3.052114116997018e-12,2.0825829949444596e-10,-4.3520742565306136e-14,1.1102230246251565e-14,-7.176481631177012e-13,7.190522933529154e-13,2.086677180753544e-10,180000.00000000003,16.85222140001133,True
247,A,ESPDI-A,190.5021524833436,-144.4581636303567,1657.8643153814753,-13.38093728059858,12.240865226911964,-66.19018214610527,27.293193028873546,1213.5049593813837,2.842170943040401e-14,1.2789769243681803e-13,-1.1368683772161603e-13,7.105427357601002e-15,1.7763568394002505e-14,-4.263256414560601e-14,4.6728652726691796e-14,1.7346558842822478e-13,180000.09624845517,3.738737699924968,True
247,A,Optimizer-A,190.5021524833436,-144.4581636303567,1657.8643153814753,-13.38093728059858,12.240865226911964,-66.19018214610527,24.814014305125575,1129.6774283289378,7.156781448737186e-08,-2.9618183076456694e-08,-8.683390007035996e-09,6.0316196481835505e-12,-1.1040168779175019e-11,1.425348727934761e-10,1.4308897834740954e-10,7.793965679462332e-08,180000.00000063085,25.230923900031485,True
248,T,ESPDI-T,226.714941658808,253.36852584972226,412.96154428263253,-35.67158264672973,-39.865287412464255,-63.713171538193166,12.581193468854414,721.6451414322783,-2.0572122767770727e-12,-2.1208720679200335e-12,-1.0879221799147722e-11,-7.116598976786292e-13,-7.929941425732778e-13,-3.754413446799276e-12,3.902681110419695e-12,1.127331750795908e-11,180000.0,0.39244239998515695,True
248,T,Optimizer-T,226.714941658808,253.36852584972226,412.96154428263253,-35.67158264672973,-39.865287412464255,-63.713171538193166,12.581193468854412,721.6451414326511,1.081592593266123e-10,1.2091638801337012e-10,5.680158565724014e-10,-6.998845947236987e-13,-7.700506898800086e-13,-3.6148861681795097e-12,3.761677620399145e-12,5.907293894719985e-10,180000.00000000003,2.940231600077823,True
248,A,ESPDI-A,354.3879944976993,-231.28446650427514,1309.516450146953,-19.750478656191213,-23.12310110656197,-83.83313009593017,22.73316526000894,1180.8046276347432,0.0,0.0,2.0463630789890885e-12,-1.4210854715202004e-14,0.0,2.7711166694643907e-13,2.774758085844075e-13,2.0463630789890885e-12,180000.00551238097,3.8953198000090197,True
248,A,Optimizer-A,354.3879944976993,-231.28446650427514,1309.516450146953,-19.750478656191213,-23.12310110656197,-83.83313009593017,21.91574339161522,1155.3753814365082,-1.4401666795990077e-08,6.401848160836356e-08,2.049817950933175e-07,1.5430057231924366e-10,-6.829292686916233e-10,-9.741150108766305e-10,1.199625402810769e-09,2.1522850720483545e-07,180000.00001125602,18.004578699939884,True
249,T,ESPDI-T,-294.7034764978246,-256.5198401852323,482.17504016150167,43.11368189632935,37.52760205366964,-69.07934004463644,13.520457394898019,775.5204157001735,9.432529627165231e-12,8.370744635638472e-12,-4.7070746822877596e-11,8.432282649906142e-13,7.273001645380361e-13,-4.151234911375923e-12,4.297993802420194e-12,4.8730864833141034e-11,180000.0,0.5555575999896973,True
249,T,Optimizer-T,-294.7034764978246,-256.5198401852323,482.17504016150167,43.11368189632935,37.52760205366964,-69.07934004463644,13.520457394898019,775.5204157005792,-3.4079405963893805e-11,-2.980260482843278e-11,1.5996892699376986e-10,3.028688411177427e-13,2.5934809855243657e-13,-1.3855583347321954e-12,1.4417915487644611e-12,1.6625179328040246e-10,180000.0,36.39720100001432,True
249,A,ESPDI-A,472.71368852859985,183.45934264642437,1518.9256791528906,-12.16801607034644,15.00421935599266,-89.89256880363698,24.39037081308878,1243.4699274342856,-2.2737367544323206e-13,3.410605131648481e-13,1.5916157281026244e-12,-5.684341886080802e-14,-2.842170943040401e-14,1.2789769243681803e-13,1.4281732235759946e-13,1.6435515470676547e-12,180000.00380950046,4.020156800048426,True
249,A,Optimizer-A,472.71368852859985,183.45934264642437,1518.9256791528906,-12.16801607034644,15.00421935599266,-89.89256880363698,23.365621362425355,1211.7573615402598,2.240408543710159e-07,2.58428129900664e-07,-4.20877483975346e-08,-9.662315392233722e-11,-6.3161031960135e-11,-4.781028906108986e-10,4.918411571256169e-10,3.4460235245340886e-07,180000.00001661933,17.730728800059296,True
250,T,ESPDI-T,361.59831738494705,-406.49953421192885,703.7467681241158,-44.35863762152702,49.86684026029465,-84.25422541467594,16.088848055085585,922.840830556901,4.886589722273571e-13,-1.1233888710764084e-12,5.878944683498921e-12,-1.416547434907045e-12,1.5692447341564275e-12,-7.637751542333149e-12,7.924921721596485e-12,6.005229449274762e-12,180000.0,0.545535699930042,True
250,T,Optimizer-T,361.59831738494705,-406.49953421192885,703.7467681241158,-44.35863762152702,49.86684026029465,-84.25422541467594,16.088848055085585,922.8408305573976,-2.822941880253893e-11,3.184652541676769e-11,-1.539603999844985e-10,-2.473576898864849e-13,2.7622348852673895e-13,-1.341149413747189e-12,1.3914621778382223e-12,1.5973385999980321e-10,180000.0,17.551322999992408,True
250,A,ESPDI-A,-134.49721093159684,80.08506269668067,1777.5614721751174,-41.12845791950126,20.846867779028514,-78.40670499933763,27.28478924012483,1349.2917920949003,0.0,3.410605131648481e-13,2.5011104298755527e-12,-5.684341886080802e-14,-4.263256414560601e-14,1.9895196601282805e-13,2.1125954315434834e-13,2.524257446472634e-12,180000.0250539793,3.886998900095932,True
250,A,Optimizer-A,-134.49721093159684,80.08506269668067,1777.5614721751174,-41.12845791950126,20.846867779028514,-78.40670499933763,25.782020914196703,1309.580746552132,1.7000606169027848e-08,-8.882513115354675e-09,4.299959854847657e-08,-5.708855610464525e-11,2.9248603539144824e-11,2.6894042548519792e-12,6.420137804089036e-11,4.70838095813092e-08,180000.0000068393,27.92786930000875,True
251,T,ESPDI-T,-180.32830503975558,-305.60647708871494,310.4754001788384,31.32395205795096,53.08541348966682,-52.8951923018777,11.407173509323258,654.3044871582988,7.016562610334502e-12,1.2645091028960775e-11,-3.801611632371811e-11,1.727853971011939e-12,2.9825031333530205e-12,-9.147856083746575e-12,9.775687966304036e-12,4.0673770151461435e-11,180000.0,0.4042024000082165,True
251,T,Optimizer-T,-180.32830503975558,-305.60647708871494,310.4754001788384,31.32395205795096,53.08541348966682,-52.8951923018777,11.407173509323258,654.3044871586535,6.743450242652216e-11,1.1426548596205066e-10,-3.547340199361315e-10,9.43689570931383e-13,1.5987211554602254e-12,-4.945377440890297e-12,5.282349607141447e-12,3.78735050265623e-10,180000.0,37.42365299991798,True
251,A,ESPDI-A,40.85933113291321,436.24625966560757,1172.9217985656662,-39.33532811738223,-40.28036087525529,-91.8459362144879,20.799253036830486,1131.847384002831,0.0,2.2737367544323206e-13,-7.105427357601002e-13,1.1368683772161603e-13,-1.4210854715202004e-14,-1.0658141036401503e-13,1.5648080552598201e-13,7.46036036412459e-13,180000.00997476612,4.067731900024228,True
251,A,Optimizer-A,40.85933113291321,436.24625966560757,1172.9217985656662,-39.33532811738223,-40.28036087525529,-91.8459362144879,20.25058467582326,1114.3080995595774,-3.4060173396885677e-09,1.3025840530451472e-08,8.489842429071359e-08,-4.201083925181592e-12,-6.011457998056358e-11,-4.0657610611560813e-10,4.1101769049095226e-10,8.59593853089297e-08,180000.00000093714,12.44065220002085,True
252,T,ESPDI-T,-79.01177098517896,98.73618185794663,528.2020584285107,11.586287695218445,-14.478675704512014,-76.00190450972173,13.489014607433,773.7168876912128,2.433421275897449e-12,-3.2404498192823566e-12,-4.467501466421525e-11,2.1279158990417102e-13,-2.855615049979221e-13,-3.851835517210134e-12,3.868263497425179e-12,4.485843275667492e-11,180000.0,0.5541901000542566,True
252,T,Optimizer-T,-79.01177098517896,98.73618185794663,528.2020584285107,11.586287695218445,-14.478675704512014,-76.00190450972173,13.489014607433003,773.7168876916185,-1.981470543199748e-11,2.4751645177900627e-11,3.560547412462256e-10,1.1868284133242923e-13,-1.5010215292932116e-13,-2.156497203031904e-12,2.16497031384386e-12,3.574636278760207e-10,180000.0,17.53683779994026,True
252,A,ESPDI-A,380.45886422669116,307.41883074094176,1758.5889931518298,-17.607747541933065,13.882170193750916,-97.88692587617055,25.993578618589293,1320.2177804015882,0.0,4.547473508864641e-13,-1.4210854715202004e-12,-1.4210854715202004e-14,0.0,-1.4921397450962104e-13,1.498891543130937e-13,1.492072072824918e-12,180000.0022954528,3.865177399944514,True
252,A,Optimizer-A,380.45886422669116,307.41883074094176,1758.5889931518298,-17.607747541933065,13.882170193750916,-97.88692587617055,24.80793489746857,1283.7453850137845,7.866282973010697e-10,4.529306856236121e-08,-1.499997672738118e-07,7.923972589196637e-11,9.555733981869707e-11,9.509300014087785e-10,9.589984394835893e-10,1.5669081347057516e-07,180000.00000577312,24.997228499967605,True
253,T,ESPDI-T,82.20556658347137,-371.24044726285416,869.8784420541785,-9.407249746266352,42.48315227863755,-97.15829094548076,17.230275326079546,988.311999603804,-1.5949101052028418e-12,8.420077121976642e-12,-4.8541405595591e-11,-2.0455468915936414e-13,1.005102251427914e-12,-5.963236848760545e-12,6.050807125590613e-12,4.9292083483855557e-11,180000.0,0.6851042000344023,True
253,T,Optimizer-T,82.20556658347137,-371.24044726285416,869.8784420541785,-9.407249746266352,42.48315227863755,-97.15829094548076,17.230275326079546,988.3119996043315,-8.769762693816574e-12,3.9612313429415735e-11,-2.481073124727118e-10,5.062616992290714e-14,-2.282618538629322e-13,1.4779288903810084e-12,1.4963088879081232e-12,2.5140263048617443e-10,180000.0,13.765794900013134,True
253,A,ESPDI-A,47.28155611105592,-165.9414595418216,1527.9766354668873,8.944084532238797,3.598362710490804,-74.1908658605515,25.537716435773945,1189.1404444735108,0.0,-1.7053025658242404e-13,8.526512829121202e-13,-7.105427357601002e-15,-7.105427357601002e-15,4.263256414560601e-14,4.3800795900274466e-14,8.695371059717647e-13,180000.07455813402,4.164224300067872,True
253,A,Optimizer-A,47.28155611105592,-165.9414595418216,1527.9766354668873,8.944084532238797,3.598362710490804,-74.1908658605515,23.44330229304464,1119.928119586286,4.4979512664066445e-07,2.53130140981679e-07,9.557110658420243e-08,-1.652589176615038e-11,1.9247714533321414e-11,-1.7409362840226095e-10,1.7593229113408165e-10,5.249041442366644e-07,180000.00000283253,42.307243500021286,True
254,T,ESPDI-T,229.5680287816349,369.0104689610337,446.18400382235745,-34.202728048862625,-54.977885135141136,-65.06754907559224,13.278842414308434,761.6616130936181,-6.339350634601386e-12,-1.0290495370971278e-11,-3.716313225172541e-11,-5.885743281641709e-13,-9.607592499349948e-13,-3.429888317807439e-12,3.610209405109557e-12,3.907915122168898e-11,180000.0,0.4086052000056952,True
254,T,Optimizer-T,229.5680287816349,369.0104689610337,446.18400382235745,-34.202728048862625,-54.977885135141136,-65.06754907559224,13.278842414308434,761.661613094031,-5.950129278176064e-11,-9.544143253492621e-11,-3.389653002727755e-10,3.0597746558669314e-13,5.009326287108706e-13,1.794120407794253e-12,1.8877032991489568e-12,3.5713715247231354e-10,180000.00000000003,15.846775899990462,True
254,A,ESPDI-A,-297.4987011779455,-181.6092824369743,1759.7807151568866,18.174681809113586,42.347909576117075,-57.928792536915694,28.659786561627143,1275.4428998110961,-1.7053025658242404e-13,-5.684341886080801e-13,1.1368683772161603e-13,0.0,-9.947598300641403e-14,5.684341886080802e-14,1.1457157353758233e-13,6.042538309847401e-13,180000.10226234005,4.111448200070299,True
254,A,Optimizer-A,-297.4987011779455,-181.6092824369743,1759.7807151568866,18.174681809113586,42.347909576117075,-57.928792536915694,26.298616981087548,1206.0662266109084,-4.852035431179027e-09,-2.9905327786497744e-07,2.3647066171861297e-07,5.092370969350668e-12,7.494449505429657e-12,-1.0527045901653764e-10,1.0565968274148589e-10,3.812804467885175e-07,180000.00000013827,26.059889400028624,True
255,T,ESPDI-T,404.28532052718447,-428.66392148439644,820.5090807562142,-46.385842584219,49.182931395037414,-91.76706150504731,17.185915347617172,985.767553958749,-1.2737864148876232e-12,2.0571833082502766e-12,-1.4149534029259808e-11,-1.404584781816709e-12,1.5483309079300511e-12,-8.246556215674161e-12,8.507401273481623e-12,1.4354924180910087e-11,180000.0,0.5252008000388741,True
255,T,Optimizer-T,404.28532052718447,-428.66392148439644,820.5090807562142,-46.385842584219,49.182931395037414,-91.76706150504731,17.185915347617172,985.7675539592601,5.369571454139077e-11,-5.6914473134384025e-11,3.015276917039955e-10,-6.545874953189923e-13,7.007727731433988e-13,-3.6202152386977104e-12,3.745066840939718e-12,3.115147442363119e-10,179999.99999999997,1.4949282000306994,True
255,A,ESPDI-A,411.6629291813442,91.77715639994267,1786.7024406325002,-15.802976194858832,-34.64349784677178,-73.34629469830176,27.837919965021698,1294.1848310649384,-2.2737367544323206e-13,6.821210263296962e-13,-1.9326762412674725e-12,0.0,5.684341886080802e-14,-1.2789769243681803e-13,1.399606873320082e-13,2.0620924655323795e-12,180000.06445413377,3.8633468999760225,True
255,A,Optimizer-A,411.6629291813442,91.77715639994267,1786.7024406325002,-15.802976194858832,-34.64349784677178,-73.34629469830176,25.76900302572127,1232.4856007948674,-1.152183346863445e-07,3.1579184002826464e-07,2.9156530700902294e-07,5.136691072493704e-11,-1.113091840920788e-10,-1.1105782959930366e-11,1.230919672270332e-10,4.4498323465901205e-07,180000.0000004583,27.621957499999553,True
256,T,ESPDI-T,-145.57152825342808,-179.99802816600612,539.1514729439946,20.913452286530728,25.859316164943365,-75.94240398433539,13.765195833991978,789.5583768785855,3.2846905805104104e-12,4.228928405375365e-12,-3.594481862764093e-11,3.556009653404857e-13,4.684239107710653e-13,-3.904529477516405e-12,3.948572330289478e-12,3.634147787090512e-11,180000.0,0.5677212999435142,True
256,T,Optimizer-T,-145.57152825342808,-179.99802816600612,539.1514729439946,20.913452286530728,25.859316164943365,-75.94240398433539,13.765195833991978,789.5583768790093,2.5958568627970635e-11,3.205746779144647e-11,-2.6190694057959263e-10,-1.3500311979441904e-13,-1.6475709685437323e-13,1.3216094885137863e-12,1.338664402846277e-12,2.6513538815136493e-10,180000.0,3.714635399985127,True
256,A,ESPDI-A,-142.793224819187,217.39734618554337,936.1497318223172,-4.594490471975746,5.0268501785990765,-66.43237300198234,19.729054035391762,994.719167661875,0.0,0.0,5.115907697472721e-13,2.842170943040401e-14,0.0,7.105427357601002e-14,7.652779469160725e-14,5.115907697472721e-13,180000.00368005937,3.7945846000220627,True
256,A,Optimizer-A,-142.793224819187,217.39734618554337,936.1497318223172,-4.594490471975746,5.0268501785990765,-66.43237300198234,18.793607044740952,965.8467074451673,1.7496903774778002e-09,4.1029119562518206e-10,4.4564961321214014e-07,-2.389555220361217e-11,2.864375403532904e-11,-1.3530971898489952e-09,1.353611268879511e-09,4.4565323684610704e-07,180000.00000718035,18.346147599979304,True
257,T,ESPDI-T,-65.37733450717248,166.02779583478207,454.0400025931739,10.22092860704386,-25.95636944828318,-69.704553393661,12.661110918452824,726.2291293791404,6.41145861716378e-13,-1.670970436670749e-12,-1.163872513990083e-11,1.6351330012209786e-13,-4.1874489986604146e-13,-3.0916380566736734e-12,3.1241494464819712e-12,1.1775531117464861e-11,180000.0,0.40602910006418824,True
257,T,Optimizer-T,-65.37733450717248,166.02779583478207,454.0400025931739,10.22092860704386,-25.95636944828318,-69.704553393661,12.661110918452824,726.2291293795352,3.758782174401176e-11,-9.541367695931058e-11,-7.128084789087552e-10,-2.041700142285663e-13,5.200284647344233e-13,3.893774191965349e-12,3.93364874599392e-12,7.201475832762119e-10,180000.00000000003,30.987672199960798,True
257,A,ESPDI-A,-247.2627923179056,-460.92167739442834,1607.2322401680262,20.425952789266844,-9.0281140682495,-93.2591137483278,24.98057156100661,1285.6843785459241,-1.7053025658242404e-13,-4.547473508864641e-13,1.4210854715202004e-12,-2.1316282072803006e-14,0.0,1.6342482922482304e-13,1.6480915838802732e-13,1.5017854836540785e-12,180000.0092071127,3.8022363000782207,True
257,A,Optimizer-A,-247.2627923179056,-460.92167739442834,1607.2322401680262,20.425952789266844,-9.0281140682495,-93.2591137483278,24.049250573632442,1256.484664210593,4.062651538585619e-09,-7.522385592096848e-08,5.797397051310327e-08,-3.029931860965007e-11,1.708801988797859e-10,-1.588773557159584e-10,2.352872823522331e-10,9.505848144272432e-08,180000.00000898,16.369131599902175,True
258,T,ESPDI-T,-283.70279639982954,298.1426885860969,1135.7497568141016,28.783817439359524,-30.248854886321407,-112.19407568511244,19.39811771922247,1112.657351598862,7.85466369680396e-12,-8.696070393724581e-12,-8.323986161809516e-11,7.907910437587873e-13,-8.482797797526587e-13,-8.437389675819418e-12,8.516717301945065e-12,8.406064444365231e-11,180000.0,0.616797500057146,True
258,T,Optimizer-T,-283.70279639982954,298.1426885860969,1135.7497568141016,28.783817439359524,-30.248854886321407,-112.19407568511244,19.39811771922247,1112.6573515994314,-5.321121321344435e-11,5.593614460508434e-11,5.579181561188307e-10,3.352873534367973e-13,-3.561595462997502e-13,-3.5917935292673064e-12,3.6249479980658464e-12,5.632343689903551e-10,180000.0,2.47330559999682,True
258,A,ESPDI-A,-451.49265032539375,9.230500465446596,1450.7841090135248,1.4763950895074203,-4.385958476726259,-57.270233214523394,25.893579872217117,1178.0410384117677,6.821210263296962e-13,-8.526512829121202e-14,-1.7053025658242404e-12,-2.842170943040401e-14,-1.4210854715202004e-14,-1.8474111129762605e-13,1.8745404813490892e-13,1.838645174488632e-12,180000.0324845653,4.739042999921367,True
258,A,Optimizer-A,-451.49265032539375,9.230500465446596,1450.7841090135248,1.4763950895074203,-4.385958476726259,-57.270233214523394,24.209755131787603,1123.7551092894464,-1.8604933110508437e-07,-3.7992896801928835e-08,-1.5775271933193835e-07,-2.842170943040401e-14,3.963496197911809e-14,3.574029960873304e-12,3.574362724318569e-12,2.468678477823158e-07,180000.00000000047,36.2396657000063,True
259,T,ESPDI-T,337.2838956860049,-97.17868594867315,978.0900455673802,-36.71420831425989,10.578146674832979,-103.82965531933469,18.10052339861708,1038.2285909782422,-8.446045407780983e-12,2.3714358750794835e-12,-6.275095172069895e-11,-9.51772514967697e-13,2.8177574206214584e-13,-7.136315843814245e-12,7.205017162487319e-12,6.336119737657585e-11,180000.0,0.561861400026828,True
259,T,Optimizer-T,337.2838956860049,-97.17868594867315,978.0900455673802,-36.71420831425989,10.578146674832979,-103.82965531933469,18.10052339861708,1038.2285909787897,-4.321343283208989e-11,1.2428835738376165e-11,-3.3068303650907183e-10,1.7985612998927536e-13,-5.084821452783217e-14,1.3926637620897964e-12,1.405149857721052e-12,3.337261562566009e-10,180000.0,4.738790999981575,True
259,A,ESPDI-A,-7.2614199561419355,308.4680819529681,779.9392551451151,3.5153351265783073,-30.808322111988495,-74.92482182626827,17.22922286817353,907.9433012639838,3.552713678800501e-14,3.979039320256561e-13,4.121147867408581e-13,-1.7763568394002505e-15,2.842170943040401e-14,6.039613253960852e-14,6.677306220557178e-14,5.739584601870544e-13,180000.00132308886,3.9035349000478163,True
259,A,Optimizer-A,-7.2614199561419355,308.4680819529681,779.9392551451151,3.5153351265783073,-30.808322111988495,-74.92482182626827,16.62366828308642,886.0632339287986,-8.251308709073145e-09,1.400436100809368e-08,2.082949777104659e-07,-4.534372877174064e-12,-7.573319749099028e-11,-4.4374104390954017e-10,4.5018017702862824e-10,2.0892822681978835e-07,180000.0000025357,14.479912400012836,True
260,T,ESPDI-T,476.90732095262814,-24.268599590738365,997.2658703202933,-51.01374520228924,2.5959596373260183,-103.94368245243291,18.414473326395033,1056.2364564955205,-1.7107496680119488e-11,7.944226839676129e-13,-9.613122537582841e-11,-1.181624242896362e-12,5.625794968766584e-14,-6.744826919202751e-12,6.847780003643921e-12,9.764481574727568e-11,180000.0,0.6877590999938548,True
260,T,Optimizer-T,476.90732095262814,-24.268599590738365,997.2658703202933,-51.01374520228924,2.5959596373260183,-103.94368245243291,18.414473326395033,1056.2364564960662,4.190336966303221e-11,-2.1478097078642122e-12,2.3429613804637484e-10,-1.7674750552032492e-13,9.103828801926284e-15,-1.0054179711005418e-12,1.0208760243136488e-12,2.3802349837590376e-10,180000.0,1.73270249995403,True
260,A,ESPDI-A,-186.85362372633972,63.20214642766314,1455.6266433271653,17.96039703713459,-35.13875024413145,-56.611692915132835,25.982365048280457,1179.2102269217921,4.263256414560601e-14,-3.410605131648481e-13,-7.958078640513122e-13,3.552713678800501e-15,1.4210854715202004e-14,-8.526512829121202e-14,8.651423159652382e-14,8.668621376273222e-13,180000.09611171708,3.8156955000013113,True
260,A,Optimizer-A,-186.85362372633972,63.20214642766314,1455.6266433271653,17.96039703713459,-35.13875024413145,-56.611692915132835,23.870059812782976,1117.8845984225409,2.4320791584052073e-08,-2.879284337121836e-07,5.6455331076676885e-08,-1.0931500149524709e-10,3.907345558218367e-10,1.5732872782336926e-09,1.6247634050892377e-09,2.9441720100938975e-07,180000.0000140069,24.515135399997234,True
261,T,ESPDI-T,-293.62852895981007,296.3294533704442,639.8050019286297,38.158633437019915,-38.50963333778431,-81.29532022160815,15.198846939997916,871.7912236843658,8.606657053711331e-14,-1.4589664112246714e-13,-1.87307743100551e-12,8.116840533034519e-13,-8.320705235931314e-13,-4.977906975511814e-12,5.111822592331315e-12,1.8807212305381778e-12,180000.0,0.46430870005860925,True
261,T,Optimizer-T,-293.62852895981007,296.3294533704442,639.8050019286297,38.158633437019915,-38.50963333778431,-81.29532022160815,15.198846939997914,871.7912236848206,-1.173110497632024e-10,1.1826806201042928e-10,7.086029540914751e-10,6.559197629485425e-13,-6.656897255652439e-13,-3.874234266731946e-12,3.98535628265148e-12,7.279198880614628e-10,180000.0,2.2158115999773145,True
261,A,ESPDI-A,-305.93725490071324,469.9021978575041,1176.975217728429,6.467970419414506,-26.737303269523874,-74.01486053652853,22.053205412522523,1093.318438489614,3.410605131648481e-13,-1.1368683772161603e-13,2.2737367544323206e-13,0.0,0.0,4.973799150320701e-14,4.973799150320701e-14,4.2537719614005497e-13,180000.00375002503,3.8338203999446705,True
261,A,Optimizer-A,-305.93725490071324,469.9021978575041,1176.975217728429,6.467970419414506,-26.737303269523874,-74.01486053652853,21.02766303895035,1057.268884981886,-1.655931016844168e-07,1.2476354823431718e-07,-2.3476627220020418e-07,3.987299379559772e-11,-1.6438406191809918e-11,1.531965665435564e-10,1.5915170383343376e-10,3.1321274057142497e-07,180000.00000269563,21.926540400017984,True
262,T,ESPDI-T,-306.1982784641913,171.1005711275134,782.5239778026175,36.80630722034164,-20.567000631362646,-91.89936254560874,16.414838917768613,941.5393525046729,1.4174590483567034e-11,-7.816863936737153e-12,-9.52793296734103e-11,8.333958523287777e-13,-4.4251755038082763e-13,-5.522027279880604e-12,5.602067092495362e-12,9.664457067107647e-11,180000.0,0.4968624000903219,True
262,T,Optimizer-T,-306.1982784641913,171.1005711275134,782.5239778026175,36.80630722034164,-20.567000631362646,-91.89936254560874,16.414838917768613,941.5393525051768,4.8894666093701744e-11,-2.7291724435940523e-11,-3.3509017782762385e-10,-2.1049828546892968e-13,1.2301271112846734e-13,1.538325022920617e-12,1.557525451293895e-12,3.397365948373099e-10,180000.0,1.8020775999175385,True
262,A,ESPDI-A,239.72118074297236,-199.54603523900948,1474.9216710715527,-13.860869240194667,-15.227472578378705,-77.8683815826917,24.737841312572893,1200.093193856028,1.7053025658242404e-13,-4.547473508864641e-13,8.526512829121202e-13,2.1316282072803006e-14,0.0,1.4210854715202004e-14,2.5618982671915014e-14,9.812695510408996e-13,180000.03093364646,3.81688249995932,True
262,A,Optimizer-A,239.72118074297236,-199.54603523900948,1474.9216710715527,-13.860869240194667,-15.227472578378705,-77.8683815826917,23.17293895926068,1152.4462487113396,3.823293719070238e-08,-2.452081502609649e-07,-9.227136388290091e-08,7.501110843577408e-12,-1.7253398709726753e-10,-2.453717229400354e-10,3.0005253837641367e-10,2.647693317464144e-07,180000.00000641396,21.554565700003877,True
263,T,ESPDI-T,228.03040857429926,-416.76946373140896,871.4590107151223,-25.850806630621417,47.24732496788032,-96.36137892770851,17.39052785715321,997.503930459794,-8.82723492283237e-12,1.649881360005212e-11,-8.922088979082532e-11,-6.552258735581518e-13,1.2408754579418257e-12,-6.760064730215731e-12,6.9041703342406804e-12,9.116193340237324e-11,180000.0,0.5198921000119299,True
263,T,Optimizer-T,228.03040857429926,-416.76946373140896,871.4590107151223,-25.850806630621417,47.24732496788032,-96.36137892770851,17.39052785715321,997.503930460327,-4.3573589181278294e-11,7.952571934310981e-11,-4.5011816496298707e-10,1.7186252421197423e-13,-3.241851231905457e-13,1.7266188478970435e-12,1.7651757326792973e-12,4.591615839122702e-10,180000.0,36.58941950008739,True
263,A,ESPDI-A,-381.7541933746327,-471.2071408288687,1173.7812820141385,38.27310390618973,16.135446877932047,-97.49394997392079,20.79751078695657,1138.0477724534176,-5.684341886080802e-14,-2.2737367544323206e-13,7.602807272633072e-13,-1.4210854715202004e-14,-5.684341886080802e-14,1.0658141036401503e-13,1.2162532505487668e-13,7.955857884605361e-13,180000.06626340904,3.935841500060633,True
263,A,Optimizer-A,-381.7541933746327,-471.2071408288687,1173.7812820141385,38.27310390618973,16.135446877932047,-97.49394997392079,20.42488903770362,1121.9455184892577,-7.348413237497775e-08,-1.6627330736449077e-08,4.521977707838687e-07,2.76507705621043e-10,1.2027712159579096e-10,-1.5691057342337444e-09,1.5978159789075838e-09,4.584312486515538e-07,180000.00000731798,11.565094399964437,True
264,T,ESPDI-T,5.651056057840348,-257.1486481280233,765.4085094465524,-0.6914817488318334,31.465551765427364,-91.57028011566018,16.129122828334964,925.1509527650724,-1.0032859128334583e-13,5.025776981539519e-12,-3.914409935919889e-11,-1.559242643854597e-14,7.289707032454018e-13,-5.670887370801125e-12,5.717569849355934e-12,3.9465542118881834e-11,180000.0,0.5802380000241101,True
264,T,Optimizer-T,5.651056057840348,-257.1486481280233,765.4085094465524,-0.6914817488318334,31.465551765427364,-91.57028011566018,16.129122828334964,925.150952765558,9.313105842068126e-13,-4.226574645826986e-11,3.3598723803152097e-10,-5.835609773185979e-15,2.7267077484793845e-13,-2.1387336346379016e-12,2.1560530990049963e-12,3.386365083435762e-10,180000.0,1.5292496000183746,True
264,A,ESPDI-A,32.68562463506032,-253.8227653823014,1610.8170679343384,-14.618412177675275,26.40690467301829,-75.23500564708772,26.2252890892865,1218.3127438170632,3.410605131648481e-13,4.263256414560601e-14,-1.7053025658242404e-12,2.842170943040401e-14,-3.552713678800501e-15,-1.4210854715202004e-13,1.4496639098455805e-13,1.7395966918146965e-12,180000.08468546902,4.167428100015968,True
264,A,Optimizer-A,32.68562463506032,-253.8227653823014,1610.8170679343384,-14.618412177675275,26.40690467301829,-75.23500564708772,24.025112469845773,1146.1250138448559,-8.32749233661672e-09,8.386115053058389e-10,-3.8387682366192166e-08,2.7755575615628914e-13,-3.7531089347453417e-13,3.2507330161024584e-12,3.2840768271334225e-12,3.9289496755760344e-08,180000.00000000017,63.67448599997442,True
265,T,ESPDI-T,405.53153458935356,180.9078017829881,1114.5709197821393,-41.412765758326586,-18.474253615514883,-110.82248650274926,19.274412415261267,1105.5617344943312,-6.473697446163218e-13,-2.7622571114119254e-13,-3.6258370438024823e-12,-1.030231455700914e-12,-4.612595028152811e-13,-7.386868894343479e-12,7.4726146189585e-12,3.693518985730327e-12,180000.0,0.7316744000418112,True
265,T,Optimizer-T,405.53153458935356,180.9078017829881,1114.5709197821393,-41.412765758326586,-18.474253615514883,-110.82248650274926,19.274412415261267,1105.5617344949133,-6.70339339592374e-11,-2.995848014109015e-11,-4.855387203406281e-10,4.667377595524158e-13,2.0894397323445446e-13,3.439026841078885e-12,3.476838698272329e-12,4.910589656898956e-10,180000.0,1.5881969999754801,True
265,A,ESPDI-A,-340.1623665593843,-464.67985922891455,937.7823754058484,40.162796317305066,17.601898783688426,-63.05384113350032,20.087819501363946,1004.615964095492,-3.979039320256561e-13,-2.2737367544323206e-13,8.526512829121202e-14,-5.684341886080802e-14,-2.842170943040401e-14,2.842170943040401e-14,6.961868572213853e-14,4.661506939912876e-13,180000.03279246425,3.78071690001525,True
265,A,Optimizer-A,-340.1623665593843,-464.67985922891455,937.7823754058484,40.162796317305066,17.601898783688426,-63.05384113350032,19.264954165210966,976.0469957777168,-2.1567902869169905e-08,2.718411980925689e-09,8.018547958954514e-08,8.079137359118249e-11,3.501554601825774e-11,-2.7475977049107314e-10,2.8852429012132396e-10,8.307993340679413e-08,180000.00000678113,20.97435699997004,True
266,T,ESPDI-T,306.33901702788523,128.65014392457317,327.8208627815262,-52.675708692826575,-22.121692399516185,-55.312357039899695,11.522344772555792,660.9105999050862,1.9124363117434262e-11,7.952748485792749e-12,6.12023884263152e-11,-9.10341246829205e-13,-3.8989644846054716e-13,-2.942368571012821e-12,3.1045568498393986e-12,6.461207179940386e-11,180000.0,0.3719925000332296,True
266,T,Optimizer-T,306.33901702788523,128.65014392457317,327.8208627815262,-52.675708692826575,-22.121692399516185,-55.312357039899695,11.522344772555792,660.9105999054373,1.3583356661683865e-11,5.676681347210888e-12,4.3235637292582396e-11,-4.884981308350689e-14,-2.6423307986078726e-14,-2.1671553440683056e-13,2.2371883759857794e-13,4.567332505316451e-11,180000.0,36.83267589996103,True
266,A,ESPDI-A,-140.902694390462,-34.620969117558616,1464.5965320944729,-43.35386777976888,20.71301122804043,-71.66038192102621,24.906893263216745,1251.8565838760715,-4.547473508864641e-13,0.0,-1.5347723092418164e-12,-2.842170943040401e-14,0.0,-1.4210854715202004e-13,1.449228509952941e-13,1.6007252088830595e-12,180000.01270060282,3.92669420002494,True
266,A,Optimizer-A,-140.902694390462,-34.620969117558616,1464.5965320944729,-43.35386777976888,20.71301122804043,-71.66038192102621,23.625318736911126,1218.3007349809504,7.546105831425578e-08,-2.8216293942031153e-08,3.50032578921855e-07,-2.1438317787669803e-10,4.4865444692732126e-11,-5.662315061272238e-10,6.071171004139917e-10,3.591842659031925e-07,180000.00001253642,18.403204699978232,True
267,T,ESPDI-T,394.5182734669189,-398.6196447169007,1046.1720841532103,-41.070211307563255,41.497172985173975,-106.0246601592182,18.91325259115189,1084.8459547875573,-1.1968069927020125e-11,1.3007090847103053e-11,-8.811500465909228e-11,-1.0456184529328283e-12,1.0910994330259882e-12,-7.456743555955825e-12,7.608340185687808e-12,8.987031298573901e-11,180000.0,0.6868103999877349,True
267,T,Optimizer-T,394.5182734669189,-398.6196447169007,1046.1720841532103,-41.070211307563255,41.497172985173975,-106.0246601592182,18.91325259115189,1084.8459547881284,-3.6982861217893515e-11,3.7419845000385976e-11,-2.629878537163677e-10,1.900701818158268e-13,-1.8962609260597674e-13,1.3749001936957939e-12,1.4008694698783478e-12,2.6819878453500955e-10,180000.0,2.5637006000615656,True
267,A,ESPDI-A,435.7560044988488,-240.33254917563397,882.2270633109488,-44.627376256992065,37.52282184277671,-81.95457816445376,18.189503236336666,985.4656237704166,1.7053025658242404e-13,1.7053025658242404e-13,9.379164112033322e-13,1.4210854715202004e-14,3.552713678800501e-14,1.4210854715202004e-13,1.4716985089938802e-13,9.6842569731739e-13,180000.00176243376,3.8359042000956833,True
267,A,Optimizer-A,435.7560044988488,-240.33254917563397,882.2270633109488,-44.627376256992065,37.52282184277671,-81.95457816445376,17.8153094852453,971.6940678652336,2.291749768374904e-08,-2.0258339005910845e-09,1.2835508123032469e-07,-5.7766236238876445e-11,-4.311084822461453e-11,-2.999698267558415e-10,3.085083147141759e-10,1.304007000775712e-07,180000.00001163044,11.200290200067684,True
268,T,ESPDI-T,-323.17823657636876,-428.83985058438003,1044.6356352543542,33.728905692068864,44.75641376904247,-106.15516381039215,18.866160132937047,1082.144776735333,8.662427925573007e-12,1.120265707456325e-11,-7.520442732097954e-11,8.377187832309119e-13,1.125079196473422e-12,-7.2670897077742325e-12,7.401227518388644e-12,7.652609405799111e-11,180000.0,0.7209846000187099,True
268,T,Optimizer-T,-323.17823657636876,-428.83985058438003,1044.6356352543542,33.728905692068864,44.75641376904247,-106.15516381039215,18.866160132937047,1082.144776735906,3.021005667847021e-11,4.0248249177921025e-11,-2.6145841047764407e-10,-1.865174681370263e-13,-2.353672812205332e-13,1.573852159708622e-12,1.6022475288197156e-12,2.662575247685981e-10,180000.0,2.2044269999023527,True
268,A,ESPDI-A,-273.1005941596103,-196.490253095414,1540.697318745369,22.682474148239805,-1.1033216354476778,-67.44675999721171,26.107441484345348,1189.265695322567,-8.526512829121202e-14,2.2737367544323206e-13,-1.7053025658242404e-12,-1.4210854715202004e-14,1.4210854715202004e-14,-1.5631940186722204e-13,1.5760600300622823e-13,1.7225056665781448e-12,180000.07511699048,3.969116299995221,True
268,A,Optimizer-A,-273.1005941596103,-196.490253095414,1540.697318745369,22.682474148239805,-1.1033216354476778,-67.44675999721171,23.94573142167709,1117.65472775347,6.6445713946360505e-09,6.734157672666011e-08,1.1064297922303012e-08,-4.179590007424849e-11,-1.786482073384832e-11,1.1892709039784677e-09,1.1901392070395088e-09,6.856717125246268e-08,180000.00002891803,30.070808800053783,True
269,T,ESPDI-T,-50.401434704759176,276.4955401179644,547.332213477955,7.14326906003604,-39.18702014203003,-76.01585632905415,13.951132799720746,800.2235421717669,3.3411690870955085e-12,-1.8297674255999752e-11,-9.951861609826116e-11,6.060236622425219e-12,-3.3233769469037666e-11,-1.8052646877375622e-10,1.8366005507176268e-10,1.0124190458580046e-10,180000.0,0.42791790002956986,True
269,T,Optimizer-T,-50.401434704759176,276.4955401179644,547.332213477955,7.14326906003604,-39.18702014203003,-76.01585632905415,13.951132799720746,800.2235421721925,1.353411827054174e-11,-7.436207205557821e-11,-4.035474177044307e-10,5.871636510335065e-12,-3.221289901489399e-11,-1.7496226689672767e-10,1.7799983656142784e-10,4.105647433154414e-10,180000.0,35.49992710002698,True
269,A,ESPDI-A,417.8867015793169,240.36121680028907,828.8066452785931,-24.088910373538297,-8.263729396423038,-73.53760307237718,18.249533718990108,966.2428995250793,2.2737367544323206e-13,3.410605131648481e-13,2.913225216616411e-13,-2.842170943040401e-14,2.842170943040401e-14,4.263256414560601e-14,5.859285502108464e-14,5.028815701058561e-13,180000.01216652448,3.820990600041114,True
269,A,Optimizer-A,417.8867015793169,240.36121680028907,828.8066452785931,-24.088910373538297,-8.263729396423038,-73.53760307237718,17.7447104765893,946.2033011153744,7.644590527680392e-08,6.102166051198962e-08,1.4630966660433842e-07,-9.496403663433739e-11,-8.700062892330607e-11,-4.65202987243174e-10,4.827018717872464e-10,1.7599471022477707e-07,180000.00001439283,16.048359300009906,True
270,T,ESPDI-T,33.525201842864995,-126.32339813736978,608.4012918999223,-4.600579300660371,17.335042854739683,-81.82949006627861,14.40312381052283,826.1493112749813,7.895309274544754e-13,-3.1850737952171743e-12,3.9943505957923094e-11,-7.41151931493711e-14,2.6614084200349275e-13,-3.373492457603433e-12,3.384785867842329e-12,4.007807034248311e-11,180000.0,0.5377810000209138,True
270,T,Optimizer-T,33.525201842864995,-126.32339813736978,608.4012918999223,-4.600579300660371,17.335042854739683,-81.82949006627861,14.403123810522828,826.1493112754251,-4.121286645286659e-12,1.5553780485788593e-11,-2.0028778635605704e-10,4.651834473179406e-14,-1.745270594710746e-13,2.2666313270747196e-12,2.2738164446060086e-12,2.009330795424742e-10,180000.0,18.540492699947208,True
270,A,ESPDI-A,-241.7956662082139,257.17393455625745,1685.964048278353,42.34128593402603,-13.675998290259066,-63.05516525458057,27.68000065873015,1249.050941952939,-2.8421709430404007e-13,1.1368683772161603e-13,-4.547473508864641e-13,4.263256414560601e-14,1.4210854715202004e-14,-2.842170943040401e-14,5.317214951750687e-14,5.481780795544725e-13,180000.09715882852,4.031448199995793,True
270,A,Optimizer-A,-241.7956662082139,257.17393455625745,1685.964048278353,42.34128593402603,-13.675998290259066,-63.05516525458057,25.351374124621366,1178.5787443215631,2.737079074716431e-07,3.7431453581703445e-08,-3.463493740696322e-07,5.991296347929165e-11,6.501243987599992e-11,9.728502448069776e-10,9.768591399748981e-10,4.4302936838111623e-07,180000.00000217342,25.992776099941693,True
271,T,ESPDI-T,232.9937066414398,360.81604049255964,719.6914338457841,-28.7833619835528,-44.574159760255284,-86.86044154398249,15.977926667946926,916.4784866101436,-8.758407993541932e-12,-1.3944003356551366e-11,-7.592468339350975e-11,-6.123851425954285e-13,-9.740715178896409e-13,-5.3675883182613404e-12,5.489520492645151e-12,7.768978368224196e-11,180000.0,0.48097859998233616,True
271,T,Optimizer-T,232.9937066414398,360.81604049255964,719.6914338457841,-28.7833619835528,-44.574159760255284,-86.86044154398249,15.977926667946926,916.4784866106202,7.116618405689223e-11,1.1023137957977269e-10,6.026166232686592e-10,-3.9834802123550617e-13,-6.132871988029365e-13,-3.3573144264664734e-12,3.4360387792336833e-12,6.167352571703684e-10,179999.99999999997,1.7437396000605077,True
271,A,ESPDI-A,103.40169274790742,-147.6766839225109,1375.3479597716835,-33.326678397983855,-15.626688832704406,-57.41363001846233,25.111868360439942,1165.2902762527847,1.1368683772161603e-13,-1.1368683772161603e-13,-3.410605131648481e-13,0.0,2.842170943040401e-14,-8.526512829121202e-14,8.987733679556355e-14,3.770565843246231e-13,180000.07454395742,3.728051699930802,True
271,A,Optimizer-A,103.40169274790742,-147.6766839225109,1375.3479597716835,-33.326678397983855,-15.626688832704406,-57.41363001846233,23.289786352803848,1113.3127850076598,1.6870179648907865e-07,1.6399755685888422e-07,2.582421316787986e-07,3.5004443788011486e-11,4.3160142126907886e-11,-7.51541051613458e-11,9.346790077842536e-11,3.4934867019689004e-07,180000.00000474812,22.53576230001636,True
272,T,ESPDI-T,259.068189918227,310.10268338751666,491.39066546324057,-37.50889370854283,-44.897864896449484,-69.65427516684298,13.659978975291356,783.5232391894588,3.4188704113851526e-12,4.616683581650308e-12,1.8039131766036526e-11,-1.9447471411027095e-11,-2.322612241423272e-11,-1.0561972130229691e-10,1.0987803435927724e-10,1.8931791173984368e-11,180000.0,0.42970510001759976,True
272,T,Optimizer-T,259.068189918227,310.10268338751666,491.39066546324057,-37.50889370854283,-44.897864896449484,-69.65427516684298,13.659978975291356,783.5232391898826,-9.503842157698728e-11,-1.1383427533928625e-10,-5.159694893563938e-10,-1.8255175149306524e-11,-2.1856294551980682e-11,-9.907807907438837e-11,1.0308935339958997e-10,5.368566454506857e-10,180000.00000000003,21.71704610006418,True
272,A,ESPDI-A,-452.3761754607608,225.42619053597946,1504.8514590083587,26.885799781886575,36.95993698542706,-67.02933294491326,25.60708807720031,1258.9583301130042,1.1368683772161603e-13,4.547473508864641e-13,7.958078640513122e-13,0.0,0.0,7.105427357601002e-14,7.105427357601002e-14,9.235962357520249e-13,180000.00451990362,3.7674139000009745,True
272,A,Optimizer-A,-452.3761754607608,225.42619053597946,1504.8514590083587,26.885799781886575,36.95993698542706,-67.02933294491326,24.44647378911843,1224.0076213698649,-1.1144025745052085e-08,-1.4078301946692002e-07,1.7648088856958566e-07,3.388489488997948e-11,7.08872960331064e-11,6.858513756924367e-11,1.0429341271615527e-10,2.2602998011401071e-07,180000.0000030544,13.421735999989323,True
273,T,ESPDI-T,139.86076172367171,-380.46774025868905,599.9373966140729,-18.697143767515612,50.86244312449284,-78.45297449025497,14.780186130349803,847.7772428216922,4.441038719903796e-12,-1.2213225324467485e-11,5.155529533829289e-11,-5.986695514326179e-13,1.61886823391022e-12,-7.259731010789139e-12,7.462093133939674e-12,5.3167980732359044e-11,180000.0,0.4460333000170067,True
273,T,Optimizer-T,139.86076172367171,-380.46774025868905,599.9373966140729,-18.697143767515612,50.86244312449284,-78.45297449025497,14.780186130349803,847.7772428221433,-5.452749363143994e-12,1.481570421901779e-11,-6.537170804676862e-11,-1.687538997430238e-13,4.4497738826976274e-13,-1.9984014443252818e-12,2.0542860286316584e-12,6.725100579229014e-11,180000.0,5.772400900023058,True
273,A,ESPDI-A,47.135526119067094,406.54436077843957,1788.9144006039598,3.9628409225762624,-24.11534519039072,-66.43301923099966,28.416031634921364,1256.7167833354179,-2.842170943040401e-14,-1.1368683772161603e-13,1.2505552149377763e-12,-7.105427357601002e-15,0.0,5.684341886080802e-14,5.728578676879116e-14,1.2560337719369474e-12,180000.08731436657,3.882958799949847,True
273,A,Optimizer-A,47.135526119067094,406.54436077843957,1788.9144006039598,3.9628409225762624,-24.11534519039072,-66.43301923099966,25.92291030188029,1172.6089720561376,4.2771990312224945e-08,1.2137413596709068e-07,2.7590115436737506e-07,-8.467004875001294e-12,1.0905498726287988e-10,1.3419594324659556e-09,1.346409966838782e-09,3.0443812346399227e-07,180000.00001665924,29.054057000088505,True
274,T,ESPDI-T,162.78812095116854,93.72123949403576,408.7703982104799,-26.63910095074488,-15.336804341266863,-65.72503366263574,12.101571313711942,694.1344764990445,1.2967965589741044e-11,7.47804212784025e-12,9.093081194983004e-11,-6.008548693314797e-13,-3.4949950919460626e-13,-4.0885766994236405e-12,4.147244375244426e-12,9.215477094246297e-11,180000.0,0.3785532999318093,True
274,T,Optimizer-T,162.78812095116854,93.72123949403576,408.7703982104799,-26.63910095074488,-15.336804341266863,-65.72503366263574,12.101571313711943,694.134476499421,-3.2201574740042815e-11,-1.8548718117017415e-11,-2.2289459167268433e-10,8.615330671091215e-14,4.6629367034256575e-14,6.163958232718869e-13,6.241317978394204e-13,2.2597122683309885e-10,180000.0,2.612533900071867,True
274,A,ESPDI-A,209.06267089571088,-85.26274202608408,1578.7323906538945,-31.91794817433616,-4.053053277107196,-60.42193970425763,26.929944158654106,1200.7644327181497,2.842170943040401e-14,1.7053025658242404e-13,-5.684341886080801e-13,4.263256414560601e-14,2.842170943040401e-14,-1.4210854715202004e-14,5.317214951750687e-14,5.941429026383637e-13,180000.1017547263,3.8159996999893337,True
274,A,Optimizer-A,209.06267089571088,-85.26274202608408,1578.7323906538945,-31.91794817433616,-4.053053277107196,-60.42193970425763,24.55010272885437,1125.0973389304854,2.5160516284193565e-07,1.7021872190529298e-07,3.4373842439094915e-07,1.9741097645464833e-11,1.433031471265167e-11,-4.1463721345280646e-11,4.810726601887183e-11,4.587326843146896e-07,180000.0000006095,20.870070400065742,True
275,T,ESPDI-T,130.53526598793653,-130.47361744485903,450.1976463776923,-20.46767297547244,20.45800660516572,-69.31868423589191,12.62431305752433,724.1184395133587,4.378226080292702e-12,-4.578351369896594e-12,4.1846388984176364e-11,-3.7728847823714773e-13,3.72257780156815e-13,-3.6026182037574017e-12,3.64139813433549e-12,4.232316665717945e-11,180000.0,0.6956198000116274,True
275,T,Optimizer-T,130.53526598793653,-130.47361744485903,450.1976463776923,-20.46767297547244,20.45800660516572,-69.31868423589191,12.62431305752433,724.1184395137461,7.426281811717672e-12,-7.493339282405032e-12,7.033396087763322e-11,-5.084821452783217e-14,4.6629367034256575e-14,-4.547473508864641e-13,4.599510755818936e-13,7.112078351568354e-11,180000.0,19.390893299947493,True
275,A,ESPDI-A,199.25280405518026,435.60706254503486,1375.945645616921,-1.058224433771855,-3.9383865370080926,-74.088304881504,24.024944491568384,1171.9133743246766,3.410605131648481e-13,4.547473508864641e-13,9.663381206337363e-13,2.842170943040401e-14,2.842170943040401e-14,1.0658141036401503e-13,1.139086659085919e-13,1.1211274638365024e-12,180000.0030475879,3.928709300002083,True
275,A,Optimizer-A,199.25280405518026,435.60706254503486,1375.945645616921,-1.058224433771855,-3.9383865370080926,-74.088304881504,22.799826469336228,1132.6784619476057,-6.134068452188723e-08,-1.2411916073613227e-07,5.098538125025698e-08,7.916067801261306e-11,1.787423542509714e-10,1.0165415176288661e-09,1.0351675705941502e-09,1.475389939666446e-07,180000.000022257,25.834388299961574,True
276,T,ESPDI-T,199.7621238553532,-32.11373055079403,758.1674324176126,-24.6418527285694,3.961420731442729,-91.47033369492743,16.00106864601467,917.8058881859215,-2.1136169098071925e-12,3.230286210120699e-13,-1.867687877676194e-11,-5.264920444059129e-13,8.485817300576959e-14,-5.106982545188821e-12,5.134750772843009e-12,1.8798870305773068e-11,180000.0,0.4930604000110179,True
276,T,Optimizer-T,199.7621238553532,-32.11373055079403,758.1674324176126,-24.6418527285694,3.961420731442729,-91.47033369492743,16.00106864601467,917.8058881864199,-3.855826768983661e-11,6.188188850231313e-12,-3.888303012899996e-10,2.446931546273845e-13,-3.991251773527438e-14,2.4584778657299466e-12,2.4709474226048483e-12,3.907864338609506e-10,180000.0,24.769885599962436,True
276,A,ESPDI-A,-178.71188486302202,-101.51216145105855,1399.3130286786325,27.10857858367521,25.089805352376615,-65.32221446807509,24.87309343667715,1151.0845634895486,-1.9895196601282805e-13,0.0,2.8421709430404007e-13,-4.618527782440651e-14,-4.263256414560601e-14,1.4210854715202004e-14,6.444038954788686e-14,3.4693117685644956e-13,180000.0936859657,4.252076099975966,True
276,A,Optimizer-A,-178.71188486302202,-101.51216145105855,1399.3130286786325,27.10857858367521,25.089805352376615,-65.32221446807509,22.75275928782011,1084.8323564202183,2.500432140884989e-08,2.1375880047031647e-08,-6.318973788665971e-09,-7.427169990137372e-12,-7.16404713330121e-12,1.5783996332174866e-10,1.5817692766899197e-10,3.349736954813023e-08,180000.0000057799,29.329464299953543,True
277,T,ESPDI-T,-381.54965681822716,-312.2684239877274,669.618050190122,48.111697151484364,39.37564502128821,-82.46995122611943,15.658000408176902,898.1278244451296,1.2103840621295082e-11,9.025221623651034e-12,-5.591773501482586e-11,1.6807666369800245e-12,1.3014728184046476e-12,-8.001835305471161e-12,8.279382600225455e-12,5.79202095328566e-11,180000.0,0.7860323999775574,True
277,T,Optimizer-T,-381.54965681822716,-312.2684239877274,669.618050190122,48.111697151484364,39.37564502128821,-82.46995122611943,15.658000408176903,898.1278244456116,7.538014656915948e-11,6.162403920484394e-11,-3.694680117405369e-10,2.3714363805993344e-13,1.91402449445377e-13,-1.1546319456101628e-12,1.1941720699084787e-12,3.8208153632989596e-10,180000.00000000003,7.396808400051668,True
277,A,ESPDI-A,367.1637315211382,261.2626457432366,1365.048840855647,-25.596753372439842,11.440885853896276,-59.179791903929114,24.91474526455803,1152.8111103774263,7.389644451905042e-13,6.821210263296962e-13,2.1600499167107046e-12,7.105427357601002e-14,2.842170943040401e-14,1.2789769243681803e-13,1.490447016536438e-13,2.3826819318781744e-12,180000.03375749124,3.9179813000373542,True
277,A,Optimizer-A,367.1637315211382,261.2626457432366,1365.048840855647,-25.596753372439842,11.440885853896276,-59.179791903929114,23.270425933705695,1102.1010003097272,-5.884748540801414e-09,1.952732601370286e-07,-2.828788723263642e-07,4.098232864180318e-11,8.686384944667225e-12,6.518092732221703e-10,6.531541419930869e-10,3.437829733982874e-07,180000.0000031786,27.73471809993498,True
278,T,ESPDI-T,-315.67884965414487,273.5719473791245,955.8702228638883,34.55572910666818,-29.94650454147898,-102.02565824689512,18.000820386483188,1032.5097222182376,9.552165435514584e-12,-7.59785704014163e-12,-7.161604717058879e-11,8.588093344114034e-13,-6.818220033705247e-13,-6.577052270861916e-12,6.667837077403905e-12,7.26486717597085e-11,180000.0,0.7982877999311313,True
278,T,Optimizer-T,-315.67884965414487,273.5719473791245,955.8702228638883,34.55572910666818,-29.94650454147898,-102.02565824689512,18.000820386483188,1032.5097222187906,7.256328871108053e-11,-6.298117583014573e-11,-5.847233808253804e-10,-3.9879211044535623e-13,3.4416913763379853e-13,3.2720492981752614e-12,3.3141807663949584e-12,5.925651790827556e-10,180000.00000000003,2.3523022000445053,True
278,A,ESPDI-A,-296.42870387194205,33.65918066191227,1618.310314852064,42.521517466781475,-32.19464936039196,-83.63893723232353,25.65181228041857,1265.1074017727751,-3.694822225952521e-13,1.1368683772161603e-13,-1.0800249583553523e-12,-3.197442310920451e-14,-8.526512829121202e-14,-1.7053025658242404e-13,1.9332116864366059e-13,1.147124980355475e-12,180000.0671441601,4.042728199972771,True
278,A,Optimizer-A,-296.42870387194205,33.65918066191227,1618.310314852064,42.521517466781475,-32.19464936039196,-83.63893723232353,23.94705311449768,1216.4613663017226,-2.73569968057528e-08,2.7706957840501596e-08,1.4621636168499208e-07,-9.027223413227148e-12,-4.675193565617519e-11,5.354898746645631e-10,5.376026786748937e-10,1.513119466909395e-07,180000.00002954563,26.125331700081006,True
279,T,ESPDI-T,194.82566641920343,310.4257985181392,1112.8301527117642,-19.995214606998402,-31.85940833669967,-111.24384424407523,19.179897286929354,1100.1404377531726,2.69413204717411e-13,2.0370003969184813e-14,-1.0018685506858402e-12,-4.951022231081126e-13,-8.211122753953859e-13,-7.629112619422784e-12,7.689129400651778e-12,1.037660351363179e-12,180000.0,0.5946337999776006,True
279,T,Optimizer-T,194.82566641920343,310.4257985181392,1112.8301527117642,-19.995214606998402,-31.85940833669967,-111.24384424407523,19.179897286929354,1100.1404377537547,-2.805600196609248e-11,-4.4634518303610093e-11,-4.1948666762436915e-10,1.816324868286756e-13,2.859934511434403e-13,2.7071678232459817e-12,2.728285219251626e-12,4.227865227098833e-10,179999.99999999997,1.7167104999534786,True
279,A,ESPDI-A,-121.4627088553932,316.36727706779095,1402.6189927119367,-32.959077413661184,-44.7198733894979,-78.89244253239406,23.887411190144576,1216.696047866937,-2.2737367544323206e-13,-4.547473508864641e-13,2.2168933355715126e-12,0.0,-6.039613253960852e-14,2.8421709430404007e-13,2.905633313416777e-13,2.274447186180459e-12,180000.02376313484,4.121832999982871,True
279,A,Optimizer-A,-121.4627088553932,316.36727706779095,1402.6189927119367,-32.959077413661184,-44.7198733894979,-78.89244253239406,22.66168341991091,1183.1346773036894,-3.2466225591215196e-08,-2.123306433252677e-08,-6.367899274550837e-08,2.4077628779650695e-11,5.0397908069044206e-11,3.758877653581294e-10,3.800148595664578e-10,7.45648237587363e-08,180000.00000601716,28.439621999976225,True
280,T,ESPDI-T,355.43495986655347,139.95487237643627,793.48805673517,-42.3382920961466,-16.67098326280893,-92.31485139820745,16.562588413182137,950.0141212758717,1.9695252915542805e-12,9.363868052258625e-13,1.4354919379913622e-11,-9.514333765281435e-13,-3.57146603957581e-13,-5.588737805872768e-12,5.680384619854692e-12,1.4519626735109025e-11,180000.0,0.9187047999585047,True
280,T,Optimizer-T,355.43495986655347,139.95487237643627,793.48805673517,-42.3382920961466,-16.67098326280893,-92.31485139820745,16.562588413182137,950.0141212763774,-1.617017630906048e-11,-6.372347094441011e-12,-9.777778586794739e-11,1.545430450278218e-13,5.706546346573305e-14,8.490985692333197e-13,8.649325986232112e-13,9.931050709062109e-11,180000.0,9.393776000011712,True
280,A,ESPDI-A,-158.60544860154482,183.47844335908144,1458.3565720883685,-25.122815810103273,-6.347511688078633,-71.92192644829318,24.940626416930172,1202.9310184759033,0.0,-5.684341886080802e-14,8.526512829121202e-13,5.684341886080802e-14,-1.4210854715202004e-14,1.5631940186722204e-13,1.6693974379891657e-13,8.545439628945194e-13,180000.03592999245,4.01419470005203,True
280,A,Optimizer-A,-158.60544860154482,183.47844335908144,1458.3565720883685,-25.122815810103273,-6.347511688078633,-71.92192644829318,23.338081957000266,1157.847930367392,3.0708553963915094e-07,-3.042852438578829e-08,4.496096224215762e-07,1.9408474827287137e-10,-7.492584330748286e-11,-5.144826786818157e-10,5.549551316738118e-10,5.453221399556756e-07,180000.0000077547,35.689760499983095,True
281,T,ESPDI-T,-337.253359045404,-350.9072219931821,492.0123616547029,47.86107881403967,49.79875739642476,-68.27152354300739,13.932980631577424,799.1823512879673,1.9253615019042096e-11,2.077588544724309e-11,-8.251080176632612e-11,8.683227747940947e-13,9.880672668938217e-13,-3.7723504875408764e-12,3.995108204540026e-12,8.72374433115759e-11,180000.0,0.4628090000478551,True
281,T,Optimizer-T,-337.253359045404,-350.9072219931821,492.0123616547029,47.86107881403967,49.79875739642476,-68.27152354300739,13.932980631577424,799.1823512884002,1.62136526427048e-10,1.6867574004209018e-10,-6.942419972233438e-10,-7.744915819785092e-13,-8.15347789284715e-13,3.3306690738754696e-12,3.5153926818660708e-12,7.326061078022984e-10,180000.0,24.59198619995732,True
281,A,ESPDI-A,399.6547849889429,154.9335288071477,1689.3274562476918,-31.2751010066098,-44.12856123887703,-91.50231723702063,25.790547556693618,1289.7581576978555,-1.7053025658242404e-13,6.821210263296962e-13,-8.526512829121202e-13,7.105427357601002e-15,1.4210854715202004e-14,-2.842170943040401e-14,3.256115871121665e-14,1.1051623741436504e-12,180000.04982108684,4.485098900040612,True
281,A,Optimizer-A,399.6547849889429,154.9335288071477,1689.3274562476918,-31.2751010066098,-44.12856123887703,-91.50231723702063,24.242826209597002,1243.4029871205985,-8.143407897269078e-09,-1.773194542927353e-07,-1.2879251443109752e-07,-5.516920253967328e-12,-7.201350626928615e-12,-7.240785748763301e-11,7.29739246984152e-11,2.1930803846721903e-07,180000.00000011595,23.240583000006154,True
282,T,ESPDI-T,-250.92081593955442,-176.24725169033977,940.2009760250803,27.87901934324333,19.58227547072906,-101.93077640069836,17.73877841307875,1017.4792469754266,3.6157581919868398e-12,2.763260919993321e-12,-3.8351443765530235e-11,6.190464807431795e-13,4.5092402034541124e-13,-6.364575533268635e-12,6.410489274316486e-12,3.86204940040325e-11,180000.0,0.7111777999671176,True
282,T,Optimizer-T,-250.92081593955442,-176.24725169033977,940.2009760250803,27.87901934324333,19.58227547072906,-101.93077640069836,17.73877841307875,1017.4792469759632,-5.471179065352771e-13,-3.97015753605956e-13,5.6754601018838e-12,-3.1530333899354446e-14,-2.353672812205332e-14,3.410605131648481e-13,3.43322608004142e-13,5.7155758135412505e-12,180000.0,2.330052600009367,True
282,A,ESPDI-A,-103.62668986674703,132.61250018294675,963.2826930444769,-15.935368050282108,4.138026499730401,-65.54965214644238,20.107147023768125,1001.5841743980072,4.547473508864641e-13,-2.2737367544323206e-13,-3.694822225952521e-13,-7.105427357601002e-14,-1.4210854715202004e-14,-1.4210854715202004e-14,7.384176715712886e-14,6.284990487158661e-13,180000.01404620687,4.6501204000087455,True
282,A,Optimizer-A,-103.62668986674703,132.61250018294675,963.2826930444769,-15.935368050282108,4.138026499730401,-65.54965214644238,18.953053154817095,967.380233307269,-9.05900209450591e-08,6.417910774119691e-08,1.8274988278221826e-07,1.6472068153916553e-10,-1.2535839033489538e-10,-7.740652563370531e-10,8.01264407060635e-10,2.1382944002685162e-07,180000.00001362458,26.032606499968097,True
283,T,ESPDI-T,314.2279857759336,434.9307812217458,1109.7504804654254,-31.95569487196085,-44.23067315543395,-109.83485231855937,19.353420145448624,1110.0935418118515,-2.140074313304618e-12,-3.401490523505268e-12,-2.3916369630712885e-11,-7.613232960723693e-13,-1.1073884864654104e-12,-7.256955453227576e-12,7.380333655819912e-12,2.42516554519655e-11,180000.0,0.6007614999543875,True
283,T,Optimizer-T,314.2279857759336,434.9307812217458,1109.7504804654254,-31.95569487196085,-44.23067315543395,-109.83485231855937,19.353420145448624,1110.0935418124282,8.022471575941381e-12,1.1197265337159479e-11,7.569056492684467e-11,4.085620730620576e-14,4.796163466380676e-14,4.156675004196586e-13,4.2041529346611433e-13,7.693374045347353e-11,180000.00000000003,3.7079693999839947,True
283,A,ESPDI-A,-477.1991034184737,239.01063920183924,1612.2432441798637,14.289291569702108,-37.13421012058248,-67.75632542319181,26.68553826601903,1235.4837507669326,0.0,1.1937117960769683e-12,-1.1368683772161603e-13,2.842170943040401e-14,1.2789769243681803e-13,-1.4210854715202004e-14,1.3178604512369964e-13,1.1991132345047497e-12,180000.04946083872,3.894021400017664,True
283,A,Optimizer-A,-477.1991034184737,239.01063920183924,1612.2432441798637,14.289291569702108,-37.13421012058248,-67.75632542319181,24.76285348282245,1176.29665874258,-4.001238596483962e-08,-6.643288300850546e-08,-1.3702543100180264e-07,-7.259970402628824e-12,4.760192240382821e-12,1.376072589209798e-10,1.3788083372303064e-10,1.5744931793009091e-07,180000.00000031732,30.696871599997394,True
284,T,ESPDI-T,-225.57290657691337,213.58708555002582,431.4055528048333,35.14237995801108,-33.27508887670393,-65.92149259558397,12.705001721104766,728.7466635515339,9.699913012292238e-12,-9.047312310678061e-12,-5.163473401831927e-11,6.666125984544635e-13,-6.03151209532804e-13,-3.4857394748399884e-12,3.599797692153943e-12,5.3311236429439155e-11,180000.0,0.5616868999786675,True
284,T,Optimizer-T,-225.57290657691337,213.58708555002582,431.4055528048333,35.14237995801108,-33.27508887670393,-65.92149259558397,12.705001721104766,728.7466635519158,-5.948619374862574e-11,5.625921950525026e-11,3.219398081455438e-10,3.788080960021034e-13,-3.6859404417555197e-13,-2.1280754936015e-12,2.192729451953819e-12,3.32188120038674e-10,179999.99999999997,12.287081100046635,True
284,A,ESPDI-A,-40.29866617303878,454.9515374111479,1549.3230634729798,-12.143650341942312,-40.50324418164299,-75.27847292271196,25.641418917559164,1206.3613116715915,-5.684341886080802e-14,2.2737367544323206e-13,7.389644451905042e-13,2.842170943040401e-14,2.842170943040401e-14,1.1368683772161603e-13,1.2058310082691391e-13,7.752408747015724e-13,180000.06606855863,3.8908151000505313,True
284,A,Optimizer-A,-40.29866617303878,454.9515374111479,1549.3230634729798,-12.143650341942312,-40.50324418164299,-75.27847292271196,23.66664781866153,1141.782205255433,-1.636010367998182e-07,-8.566481368874773e-08,-3.2238621017199875e-07,5.054623386513413e-12,1.0471623568264476e-12,-3.803179993155936e-11,3.8380510322495734e-11,3.715328088545714e-07,180000.00000012165,20.848711699945852,True
285,T,ESPDI-T,303.1916777293016,-61.83808579385975,1092.3131947505694,-31.466146149071054,6.4177429266566435,-110.46166014379301,18.97048064342839,1088.1285007543775,-4.18716547979231e-12,8.990395098306889e-13,-3.839404770673849e-11,-8.286774044741207e-13,1.6894558668711923e-13,-7.726874695634933e-12,7.773020096075299e-12,3.8632156632819655e-11,180000.0,0.7238006999250501,True
285,T,Optimizer-T,303.1916777293016,-61.83808579385975,1092.3131947505694,-31.466146149071054,6.4177429266566435,-110.46166014379301,18.97048064342839,1088.1285007549523,-2.7200908192526185e-11,5.548450587866682e-12,-2.561435508141585e-10,1.6209256159527285e-13,-3.430589146091734e-14,1.623590151211829e-12,1.6320220194058336e-12,2.5764353928268733e-10,180000.00000000003,1.602558400016278,True
285,A,ESPDI-A,-45.53420044542145,-92.36998064026858,1243.2355959724086,0.5372446999625424,21.61236199559113,-79.30706489509447,22.386293655577184,1099.1275091312946,-1.4210854715202004e-14,-3.979039320256561e-13,7.958078640513122e-13,-3.552713678800501e-15,-5.684341886080802e-14,7.105427357601002e-14,9.106319693313691e-14,8.898537205626138e-13,180000.06660005898,3.8635850000428036,True
285,A,Optimizer-A,-45.53420044542145,-92.36998064026858,1243.2355959724086,0.5372446999625424,21.61236199559113,-79.30706489509447,20.824825360386196,1047.2146555412564,-2.830486068934039e-09,-5.9384261492991285e-08,2.643578582706141e-07,4.951594689828198e-14,2.2031709789871456e-11,-2.0482460172388528e-10,2.060061070925868e-10,2.7096047570426296e-07,180000.00000061875,17.63196159992367,True
286,T,ESPDI-T,299.02482246896204,23.681509935877738,1067.2324886192519,-31.37700941343298,-2.4849273516731856,-109.1471499957674,18.766217492898996,1076.4121631495145,-7.756318401138176e-12,-6.54799636414698e-13,-7.373209248012769e-11,-6.382984418795701e-13,-5.0277924185104794e-14,-5.9282440068031406e-12,5.962719998017986e-12,7.41418282698895e-11,180000.0,0.6876527999993414,True
286,T,Optimizer-T,299.02482246896204,23.681509935877738,1067.2324886192519,-31.37700941343298,-2.4849273516731856,-109.1471499957674,18.766217492898996,1076.4121631500675,2.680167199287098e-11,2.1319335186120725e-12,2.5119284430275e-10,4.440892098500626e-15,6.106226635438361e-16,7.105427357601002e-14,7.119553480438387e-14,2.526276306959451e-10,179999.99999999997,8.57641830004286,True
286,A,ESPDI-A,-428.7813697932801,183.06835580762868,1187.1865968528673,19.330441700224924,-23.80090596020554,-58.59228125609882,23.15983404310302,1068.2441536927927,-4.547473508864641e-13,1.474376176702208e-13,5.115907697472721e-13,-2.842170943040401e-14,2.7033930649622562e-14,1.4210854715202004e-13,1.4742274636898073e-13,7.00184347106627e-13,180000.03469355754,3.8261762000620365,True
286,A,Optimizer-A,-428.7813697932801,183.06835580762868,1187.1865968528673,19.330441700224924,-23.80090596020554,-58.59228125609882,21.460793192679915,1011.2946772922533,4.2974324353703954e-08,-1.3645099075977184e-08,8.498252412891816e-08,-1.3464784842653899e-12,-1.940114735532461e-13,6.114220241215662e-12,6.263731628873577e-12,9.620296611733312e-08,180000.0000000009,36.287852699984796,True
287,T,ESPDI-T,298.7860401629918,147.03846710855902,600.8937933131424,-40.366127730228555,-19.864962704828095,-79.4684541945299,14.62711776330406,838.9973886958505,-3.51076838363577e-12,-2.1420133949140647e-12,-2.3733489528727407e-11,-8.669254550341954e-13,-4.743033223120197e-13,-5.179074183403465e-12,5.2725072577796164e-12,2.408718001837785e-11,180000.0,0.4501765000168234,True
287,T,Optimizer-T,298.7860401629918,147.03846710855902,600.8937933131424,-40.366127730228555,-19.864962704828095,-79.4684541945299,14.62711776330406,838.9973886962907,5.35407274071531e-11,2.6388446983105496e-11,2.957527556191053e-10,-4.3653969328261155e-13,-2.1760371282653068e-13,-2.4584778657299466e-12,2.5063981519166587e-12,3.0171617802458233e-10,180000.0,10.834901400026865,True
287,A,ESPDI-A,214.9757989134365,335.580087648426,1358.0131314081864,-1.9650479247412278,4.030783750905016,-79.70532680851647,23.478461835591958,1171.4157109790594,1.1368683772161603e-13,2.2737367544323206e-13,6.821210263296962e-13,1.4210854715202004e-14,-5.684341886080802e-14,5.684341886080802e-14,8.163514517232825e-14,7.279509460923746e-13,180000.0030853464,3.9385593000333756,True
287,A,Optimizer-A,214.9757989134365,335.580087648426,1358.0131314081864,-1.9650479247412278,4.030783750905016,-79.70532680851647,22.336886848125403,1135.9658093645903,4.0905341436626136e-08,7.83260828890194e-08,1.8477059526844641e-07,-1.4571188700074345e-10,-2.774864782395525e-10,-6.207727665241691e-10,6.954060161353061e-10,2.0481307354424553e-07,180000.00000273247,18.87272869993467,True
288,T,ESPDI-T,61.328686868439064,-472.1895304462929,1007.3963046478304,-6.532219670563769,50.29368630755505,-104.54430499017047,18.49210738357815,1060.6894712523936,-3.9363466913105993e-13,3.000876457048829e-12,-1.5454203021458834e-11,-1.403608132499734e-13,1.0516101878188522e-12,-6.03447847247196e-12,6.127031547148106e-12,1.5747780757671196e-11,180000.0,0.6277828000020236,True
288,T,Optimizer-T,61.328686868439064,-472.1895304462929,1007.3963046478304,-6.532219670563769,50.29368630755505,-104.54430499017047,18.49210738357815,1060.6894712529538,-4.075295656491562e-12,3.164579709391546e-11,-1.7894308257382363e-10,5.306866057708248e-14,-3.9612757518625585e-13,2.2453150450019166e-12,2.2806080307388086e-12,1.8176548437318717e-10,180000.0,3.593305699992925,True
288,A,ESPDI-A,381.25715091911525,173.8297052666054,1593.9667313447317,-17.02694243242335,4.073457678942816,-92.3347482120627,24.940118060390517,1239.8157835814527,2.2737367544323206e-13,-1.1368683772161603e-13,-1.7053025658242404e-13,1.4210854715202004e-14,-2.842170943040401e-14,-1.4210854715202004e-14,3.4809342861069267e-14,3.06111178766429e-13,180000.0150343928,3.8975616999669,True
288,A,Optimizer-A,381.25715091911525,173.8297052666054,1593.9667313447317,-17.02694243242335,4.073457678942816,-92.3347482120627,23.549170774546035,1193.549905739479,7.496034465810436e-08,5.12915279786934e-08,-4.241304552010661e-08,9.392486788328824e-11,5.722178286760027e-11,1.425384255071549e-10,1.8003726277495637e-10,1.0024340648612016e-07,180000.00002009197,20.861816000076942,True
289,T,ESPDI-T,-34.31883747130144,437.41291014934137,815.1174240882424,4.017682332715765,-51.20762387940389,-93.1445587206924,16.848160983993566,966.3942889255122,-3.8039390430968933e-13,3.630387548740621e-12,2.1226920828704143e-11,9.094027614287015e-14,-1.207423050431089e-12,-5.978828543362624e-12,6.10020748068989e-12,2.1538490688638347e-11,180000.0,0.5027439000550658,True
289,T,Optimizer-T,-34.31883747130144,437.41291014934137,815.1174240882424,4.017682332715765,-51.20762387940389,-93.1445587206924,16.848160983993566,966.3942889260288,9.058587213672809e-13,-1.141486904998601e-11,-5.850431250564725e-11,-9.769962616701378e-15,1.2168044349891716e-13,5.648814749292796e-13,5.779209835417842e-13,5.961438079196863e-11,180000.0,1.950453200028278,True
289,A,ESPDI-A,49.63765263887558,-464.4907446179061,1317.064690674317,-17.266372337121037,34.40986714043173,-98.98618874508179,21.90349313067007,1158.8441093369202,4.263256414560601e-13,3.410605131648481e-13,-1.1368683772161603e-12,4.263256414560601e-14,2.842170943040401e-14,-1.8474111129762605e-13,1.9171491151200885e-13,1.2611683207713776e-12,180000.0053865384,3.8847782000666484,True
289,A,Optimizer-A,49.63765263887558,-464.4907446179061,1317.064690674317,-17.266372337121037,34.40986714043173,-98.98618874508179,21.181548915749133,1133.5107425486385,-6.005552349023117e-08,-3.499391828017417e-08,-4.5270418524978595e-08,8.186340494376054e-11,2.1525892179852235e-11,2.6403768060845323e-10,2.772740122770547e-10,8.294968964204713e-08,180000.00000871223,12.76361529994756,True
290,T,ESPDI-T,-134.10578397529278,206.13458460341639,895.4320200345496,15.287113712994,-23.49788906639385,-99.66752385719062,17.2962188233009,992.0944550995137,-7.559309894624583e-13,8.576457686398919e-13,1.6256993147500953e-11,4.994893387788579e-12,-7.725018541515638e-12,-8.802888973313827e-11,8.850824989271425e-11,1.6297141286838883e-11,180000.0,0.6589570000069216,True
290,T,Optimizer-T,-134.10578397529278,206.13458460341639,895.4320200345496,15.287113712994,-23.49788906639385,-99.66752385719062,17.2962188233009,992.0944551000284,-3.331179776466797e-11,5.12361264526362e-11,5.86878101671573e-10,4.803935027553052e-12,-7.38165084612774e-12,-8.466471967949474e-11,8.512156788599768e-11,5.900514577100999e-10,180000.0,8.263146299985237,True
290,A,ESPDI-A,142.54731941482794,3.8706984822604227,1074.6711696501413,-30.102465906926753,-26.467568623677803,-55.27208290921763,22.091706054901884,1044.454115489445,-1.7053025658242404e-13,2.2737367544323206e-13,1.7053025658242404e-13,0.0,5.684341886080802e-14,7.105427357601002e-14,9.099386826154683e-14,3.314512409159136e-13,180000.08314920394,3.7517886999994516,True
290,A,Optimizer-A,142.54731941482794,3.8706984822604227,1074.6711696501413,-30.102465906926753,-26.467568623677803,-55.27208290921763,20.359019799172042,996.444872183094,1.9881604533875095e-07,3.886315202103001e-07,3.137447102119495e-07,-1.3851142455223453e-12,2.2860824344661523e-11,-5.752731624397711e-10,5.757288834639494e-10,5.375853621250204e-07,180000.00000336498,27.91424970002845,True
291,T,ESPDI-T,-241.42351908917456,-134.63759175129135,373.2552549294794,40.23244031261039,22.43691457403797,-61.07617794597065,11.885578007726156,681.7453084735789,9.526781625949013e-12,5.241863448293346e-12,-4.13485232381508e-11,7.209580155098649e-13,3.9692901743215714e-13,-3.143263427318743e-12,3.2492211495260142e-12,4.275438076425585e-11,180000.0,0.42949649994261563,True
291,T,Optimizer-T,-241.42351908917456,-134.63759175129135,373.2552549294794,40.23244031261039,22.43691457403797,-61.07617794597065,11.885578007726156,681.7453084739318,-7.469158624928696e-11,-4.161793132340108e-11,3.2947333750144026e-10,5.018208071305708e-13,2.8332891588433995e-13,-2.248867758680717e-12,2.3215308727387202e-12,3.4038737548330425e-10,179999.99999999997,21.415511999977753,True
291,A,ESPDI-A,275.06981180289995,-61.437792362711946,1625.7707440674308,-30.038908598730057,23.159911170003085,-83.17770488657021,25.813014110888325,1240.0358083150768,-1.6342482922482304e-13,-2.8421709430404007e-13,-1.5347723092418164e-12,-3.197442310920451e-14,-2.842170943040401e-14,-1.4210854715202004e-13,1.4840820891638929e-13,1.5693989526940727e-12,180000.07360114416,3.9032057999866083,True
291,A,Optimizer-A,275.06981180289995,-61.437792362711946,1625.7707440674308,-30.038908598730057,23.159911170003085,-83.17770488657021,23.91029808532387,1179.2206670183914,-7.017024470988562e-08,7.929966343706652e-08,2.0053498417382798e-08,-6.45199449422762e-11,1.1630119090000335e-10,-5.806271019537235e-10,5.956648569651335e-10,1.07770323664046e-07,180000.0000086814,19.20939910004381,True
292,T,ESPDI-T,-74.78151199621338,-97.22755472986296,467.2895504981278,11.61508817043135,15.101414649652725,-71.28383389900387,12.743149802053061,730.9348007373628,-6.260638437793203e-13,-7.947956800081341e-13,1.1747692879246485e-11,1.0135642325437288e-13,1.37549693857153e-13,-1.6951440251489203e-12,1.7037330509247037e-12,1.179118077609473e-11,180000.0,0.40684790001250803,True
292,T,Optimizer-T,-74.78151199621338,-97.22755472986296,467.2895504981278,11.61508817043135,15.101414649652725,-71.28383389900387,12.743149802053061,730.9348007377484,-1.4150347560359933e-11,-1.8396395518038844e-11,2.389244357914322e-10,-2.930988785010413e-14,-3.6637359812630166e-14,5.115907697472721e-13,5.1373775542628e-13,2.4004904857630514e-10,180000.0,36.278836800018325,True
292,A,ESPDI-A,-125.5420990074523,-404.3780301620259,1772.228224687458,12.958690870802577,-1.5098080871365624,-76.19537497634454,27.538764736622987,1287.0254981293692,-1.3855583347321954e-13,-2.2737367544323206e-13,-1.4779288903810084e-12,-2.353672812205332e-14,0.0,-1.5631940186722204e-13,1.5808141247729764e-13,1.5017224484893543e-12,180000.04159609787,3.747620900045149,True
292,A,Optimizer-A,-125.5420990074523,-404.3780301620259,1772.228224687458,12.958690870802577,-1.5098080871365624,-76.19537497634454,25.622511085362326,1227.5876524909563,-3.8516359632280804e-08,1.4841731552751844e-07,4.2570506764150196e-07,1.949983577387293e-11,-4.084732552200876e-11,-1.9041834775634925e-10,1.957240270374767e-10,4.524776393628462e-07,180000.00000124503,19.446318299975246,True
293,T,ESPDI-T,110.289077838888,264.8480698217509,418.88069665890146,-17.48872941237081,-41.99741551260027,-65.179495622151,12.48456787434409,716.1027903835493,-7.263077820922857e-12,-1.7182775764301023e-11,-7.538061581185973e-11,-2.77789943825546e-13,-6.554409792691729e-13,-2.7462962459701146e-12,2.837060662168766e-12,7.765460271338866e-11,180000.0,0.5168698999332264,True
293,T,Optimizer-T,110.289077838888,264.8480698217509,418.88069665890146,-17.48872941237081,-41.99741551260027,-65.179495622151,12.48456787434409,716.1027903839276,7.148281966351533e-12,1.7165158183729545e-11,7.679012981043343e-11,-3.708144902248023e-14,-8.704148513061227e-14,-3.765876499528531e-13,3.8829049961641094e-13,7.900926924637476e-11,180000.0,31.725001299986616,True
293,A,ESPDI-A,7.700665736659289,71.86851398849205,1572.4087528201608,24.792784300587925,-38.836888378047554,-90.15340307993354,24.804852240209136,1264.4524945435842,-1.1368683772161603e-13,-1.1368683772161603e-13,2.2737367544323206e-13,7.105427357601002e-14,-1.1368683772161603e-13,2.1316282072803006e-14,1.3574899906062966e-13,2.7847474288855413e-13,180000.04445641083,3.7762472999747843,True
293,A,Optimizer-A,7.700665736659289,71.86851398849205,1572.4087528201608,24.792784300587925,-38.836888378047554,-90.15340307993354,23.383484407874068,1225.7497943405288,5.721867801371991e-08,-7.617595552605781e-08,-3.093268574616559e-08,-7.386091738226241e-12,6.279421427279885e-12,-1.489723899794626e-10,1.4928750269469968e-10,1.001677810546721e-07,180000.00000011857,24.412444400019012,True
294,T,ESPDI-T,-308.80512010433966,89.29572863515723,716.1793549625054,38.70801286355345,-11.193014583120153,-87.78203844131386,15.750179153205098,903.4151084899695,5.743458966940884e-12,-1.5489178095748734e-12,-3.58534673145726e-11,8.029395291014874e-13,-2.2837008434480055e-13,-5.014634107264326e-12,5.08364239621121e-12,3.634360446850144e-11,180000.0,0.835187099990435,True
294,T,Optimizer-T,-308.80512010433966,89.29572863515723,716.1793549625054,38.70801286355345,-11.193014583120153,-87.78203844131386,15.750179153205098,903.4151084904515,-2.4499513529008254e-11,7.077449737380448e-12,1.531699211909654e-10,1.3944401189291966e-13,-4.107825191113079e-14,-8.36664071357518e-13,8.491989304829611e-13,1.5527827026209996e-10,180000.00000000003,35.876827899948694,True
294,A,ESPDI-A,233.25097045174186,247.74465624370305,852.5652665324517,-30.009799351875504,1.8567152469484185,-63.89767546264654,18.85800336272641,954.1327836494074,-2.8421709430404007e-13,-2.2737367544323206e-13,-4.547473508864641e-13,-4.263256414560601e-14,2.842170943040401e-14,-4.263256414560601e-14,6.665481691674458e-14,5.824717144355189e-13,180000.0048091815,3.866308599943295,True
294,A,Optimizer-A,233.25097045174186,247.74465624370305,852.5652665324517,-30.009799351875504,1.8567152469484185,-63.89767546264654,17.967779175764026,926.1740652609988,-4.128448651803888e-08,1.0683073684718853e-07,-5.2418055673797426e-08,-1.1082246231808313e-12,-3.3794300691170065e-11,-1.1830891821773548e-10,1.2304585751203275e-10,1.2595581655085527e-07,180000.00000067634,26.089864899986424,True
295,T,ESPDI-T,-150.65610464475245,-111.60324666402228,584.0190633890795,20.97711226251286,15.53945550133838,-79.7055718279988,14.197578192490278,814.3594125691798,8.143734167923022e-13,6.087878682073389e-13,-8.166688245797582e-12,2.2918472675215185e-13,1.6358095433766096e-13,-2.317396274875705e-12,2.3344399461982895e-12,8.229740192406003e-12,180000.0,0.501046699937433,True
295,T,Optimizer-T,-150.65610464475245,-111.60324666402228,584.0190633890795,20.97711226251286,15.53945550133838,-79.7055718279988,14.197578192490276,814.3594125696109,-8.629985615016267e-12,-6.3864469268537505e-12,9.057821159785817e-11,-1.2279066652354231e-13,-8.970602038971265e-14,1.3002932064409833e-12,1.309155124725878e-12,9.121225670013474e-11,180000.0,9.146088100038469,True
295,A,ESPDI-A,-77.92602364838041,205.46379764080496,1530.1362244049276,5.285393847884876,-25.237675403784227,-72.35236860978495,25.687573359040197,1185.2893683653238,-1.4210854715202004e-14,-4.334310688136611e-13,-6.252776074688882e-13,-1.7763568394002505e-15,-5.3290705182007514e-14,1.4210854715202004e-14,5.51815466814143e-14,7.609444961406227e-13,180000.08803161577,3.968042300082743,True
295,A,Optimizer-A,-77.92602364838041,205.46379764080496,1530.1362244049276,5.285393847884876,-25.237675403784227,-72.35236860978495,23.47233782961812,1111.406371501993,1.9789773797834062e-07,2.6872107750075304e-08,-7.452375427874358e-08,-4.0455749861223467e-11,3.8685998848819736e-11,1.4612950849368644e-09,1.462366780074138e-09,2.131652289274078e-07,180000.00002537042,23.051499099936336,True
296,T,ESPDI-T,115.79560850157443,-380.74623107593726,531.3808767893911,-16.279238735267597,53.527580824917635,-73.12316088547131,14.063083358382876,806.6449184059966,9.943994141569518e-13,-3.2964242229968632e-12,1.5688378330810937e-11,-5.647426970512015e-13,1.860990528346207e-12,-7.294359560816588e-12,7.549165613691576e-12,1.6061770061344245e-11,180000.0,0.4308250000467524,True
296,T,Optimizer-T,115.79560850157443,-380.74623107593726,531.3808767893911,-16.279238735267597,53.527580824917635,-73.12316088547131,14.063083358382876,806.6449184064331,-3.9634406867605776e-11,1.3032774859311758e-10,-5.137454905934646e-10,-3.6637359812630166e-14,1.2612133559741778e-13,-5.151434834260726e-13,5.316217602236246e-13,5.314984829387733e-10,180000.0,9.164527700049803,True
296,A,ESPDI-A,-181.00497975915886,-262.37053914472654,1054.4575953461679,5.669014986357716,5.179715251348334,-69.0802827544693,20.972604451437164,1027.7774672052528,3.979039320256561e-13,1.1368683772161603e-13,1.7053025658242404e-13,-1.4210854715202004e-14,-2.842170943040401e-14,4.973799150320701e-14,5.90221124448794e-14,4.475855276957538e-13,180000.00365093106,3.871936400071718,True
296,A,Optimizer-A,-181.00497975915886,-262.37053914472654,1054.4575953461679,5.669014986357716,5.179715251348334,-69.0802827544693,19.741750460248355,986.8548877824778,5.3517423320896494e-08,9.323656617527047e-08,2.172078232831609e-07,-6.66631194690126e-11,-1.1577139247265222e-10,-3.573816798052576e-10,3.8153460114755567e-10,2.423559579760161e-07,180000.0000141021,18.756495999987237,True
297,T,ESPDI-T,-66.14638749876563,152.11156013011595,325.5879821979971,12.028293015132093,-27.660504003609606,-58.26074289778003,10.90124322252809,625.2848131287246,1.9136886013150747e-12,-4.167198477582286e-12,-2.614772247429753e-11,1.0966332009143542e-12,-2.4962440968445687e-12,-1.4993146481290243e-11,1.5239038039778134e-11,2.6546772643906294e-11,180000.0,0.49645679991226643,True
297,T,Optimizer-T,-66.14638749876563,152.11156013011595,325.5879821979971,12.028293015132093,-27.660504003609606,-58.26074289778003,10.90124322252809,625.2848131290593,1.1299794433483612e-11,-2.6004531861190117e-11,-1.5518519802526498e-10,8.675282714420973e-13,-1.9912960169676808e-12,-1.1874945471390674e-11,1.2071959040580138e-11,1.577541337578808e-10,180000.0,33.54316750005819,True
297,A,ESPDI-A,-227.26649033384103,428.75340245021937,1712.2605423509694,-3.625045435204669,-19.70483689794761,-86.40087038139205,26.36779661199757,1271.4434689907248,2.2737367544323206e-13,1.1368683772161603e-13,5.684341886080802e-14,4.263256414560601e-14,4.263256414560601e-14,0.0,6.029155041345696e-14,2.604892696897332e-13,180000.02465327256,3.839930700021796,True
297,A,Optimizer-A,-227.26649033384103,428.75340245021937,1712.2605423509694,-3.625045435204669,-19.70483689794761,-86.40087038139205,24.706347130894642,1216.7417071526252,-2.4909351459528036e-07,1.673415588193851e-07,-3.6244336598656446e-07,1.4503953593703045e-12,-1.0036416142611415e-12,2.0108359422010835e-12,2.6747718360277657e-12,4.7054858396259316e-07,180000.00000000032,20.510213500005193,True
298,T,ESPDI-T,63.27096063567857,-181.30537227605194,697.0355822485487,-8.118577194516895,23.26409534192723,-87.54124375599137,15.390722319491314,882.7970106722751,1.7234115610303968e-12,-4.465963297957398e-12,4.942413514043287e-11,-1.5525601637644826e-13,4.887028282052341e-13,-4.847885981540401e-12,4.874929063579573e-12,4.9655413702507474e-11,180000.0,0.6381115999538451,True
298,T,Optimizer-T,63.27096063567857,-181.30537227605194,697.0355822485487,-8.118577194516895,23.26409534192723,-87.54124375599137,15.390722319491314,882.7970106727371,1.2315815034469324e-11,-3.5307534673734153e-11,3.617568467007004e-10,-5.262457136723242e-14,1.4832579608992091e-13,-1.5560885913146194e-12,1.5640273627135845e-12,3.6368436512934436e-10,180000.0,13.140965300030075,True
298,A,ESPDI-A,-454.1363460551786,-489.60594877978747,1182.9224603681898,2.470207679114907,35.53404846009526,-63.12179121239705,22.83879737619398,1112.3277830143634,-4.547473508864641e-13,1.1368683772161603e-13,-1.1368683772161603e-13,-8.526512829121202e-14,2.842170943040401e-14,3.552713678800501e-14,9.664426065637204e-14,4.823324033076557e-13,180000.02158982895,3.8914841000223532,True
298,A,Optimizer-A,-454.1363460551786,-489.60594877978747,1182.9224603681898,2.470207679114907,35.53404846009526,-63.12179121239705,21.88962377611067,1079.1848220593474,-1.1509149972718072e-07,3.6565891553322054e-09,-3.024165984299998e-07,-2.4798829656447197e-10,-1.2514966840626585e-10,7.383427202967141e-10,7.888666600575148e-10,3.2359731605758767e-07,180000.0000056426,26.20607159996871,True
299,T,ESPDI-T,-154.95521036215493,-351.8419826805706,429.9712720751754,23.722065389051323,53.863426084576645,-64.4904680502251,12.926821813099165,741.4700504111424,-3.929927347087747e-12,-9.46868625427568e-12,3.4249833724407414e-11,-4.325353443468405e-12,-9.870387493449151e-12,3.5156336175568015e-11,3.677092880213e-11,3.5751244152964145e-11,180000.0,0.6627861999440938,True
299,T,Optimizer-T,-154.95521036215493,-351.8419826805706,429.9712720751754,23.722065389051323,53.863426084576645,-64.4904680502251,12.926821813099167,741.4700504115244,-6.956679676761723e-11,-1.5805445841010624e-10,5.610649722598282e-10,-4.424904886946024e-12,-1.0050626997326617e-11,3.567279804883583e-11,3.7324836328253805e-11,5.870388863889178e-10,180000.0,18.655131799983792,True
299,A,ESPDI-A,-265.0501590269763,-48.7528586860476,893.6040696498387,25.59559864575847,16.30115484788051,-89.96299282562752,17.77437630857989,980.7701355558638,-2.8421709430404007e-13,1.9895196601282805e-13,-5.613287612504791e-13,-4.263256414560601e-14,4.973799150320701e-14,-8.704148513061227e-14,1.089386224355022e-13,6.598872780119333e-13,180000.00153835033,3.873643699917011,True
299,A,Optimizer-A,-265.0501590269763,-48.7528586860476,893.6040696498387,25.59559864575847,16.30115484788051,-89.96299282562752,17.483066305597514,970.1225428518428,1.0408004792006288e-08,1.383662280246453e-08,-8.541839946474283e-08,-9.687628477195176e-11,-1.1127432308910556e-10,9.656453414663702e-10,9.76851019872456e-10,8.71555027605629e-08,180000.0000161623,9.032274900004268,True
300,T,ESPDI-T,413.3067199304391,-367.36819100882786,670.2032369157621,-51.595934343344176,45.86111028224933,-81.66039091584099,15.813768822634305,907.0625506903052,-2.2617260766067543e-11,2.081258808957903e-11,-1.0704487795297479e-10,-1.065307564385165e-12,1.0398140681822099e-12,-5.172098860306562e-12,5.382072103187612e-12,1.1137014951733725e-10,180000.0,0.6200637000147253,True
300,T,Optimizer-T,413.3067199304391,-367.36819100882786,670.2032369157621,-51.595934343344176,45.86111028224933,-81.66039091584099,15.813768822634305,907.0625506907963,-1.5314993717652214e-10,1.361444290637337e-10,-7.033555959878868e-10,6.981082378842984e-13,-6.159517340620368e-13,3.163691530971846e-12,3.2978319777755406e-12,7.325976407481382e-10,179999.99999999997,31.22013979998883,True
300,A,ESPDI-A,60.095962635246565,478.9757124136855,974.3774465955922,-26.326433928012037,-18.938160619007782,-74.4247984754108,19.820216826310784,1037.1246479550773,2.2737367544323206e-13,2.2737367544323206e-13,-4.831690603168681e-13,2.842170943040401e-14,-5.684341886080802e-14,-8.881784197001252e-14,1.0921344645665981e-13,5.803877302429936e-13,180000.0370969748,3.8960842000087723,True
300,A,Optimizer-A,60.095962635246565,478.9757124136855,974.3774465955922,-26.326433928012037,-18.938160619007782,-74.4247984754108,19.167565160631877,1015.6064088223247,-5.3335909752872526e-08,1.075970177218031e-07,1.1280419442982748e-07,-3.965494599356134e-11,-1.3072742888198263e-10,-7.163976079027634e-10,7.29306319739962e-10,1.6476232510120418e-07,180000.00001095037,20.08439869992435,True
301,T,ESPDI-T,-233.0883858878166,167.61597116378405,1124.3949661148445,23.89606021255223,-17.1838735090085,-112.29832896474672,19.20051078293299,1101.3228080327317,-2.8531801838921204e-13,3.5040835527115895e-13,8.84180802728109e-12,5.328325671308254e-13,-3.7974056408054957e-13,-6.410815021201666e-12,6.4441184561325645e-12,8.853347478685884e-12,180000.0,0.7105747000314295,True
301,T,Optimizer-T,-233.0883858878166,167.61597116378405,1124.3949661148445,23.89606021255223,-17.1838735090085,-112.29832896474672,19.20051078293299,1101.3228080332992,-1.4293011219024265e-11,1.02882147245964e-11,1.7915624539455166e-10,-5.417888360170764e-14,3.952393967665557e-14,6.430411758628907e-13,6.465287674117993e-13,1.8001971501977046e-10,180000.0,17.341066500055604,True
301,A,ESPDI-A,472.9661014479285,60.34425963387423,1501.8665330856911,-37.12945176940396,35.96821687952942,-98.6794239595297,23.633375842459007,1255.9354032973752,-4.547473508864641e-13,2.2737367544323206e-13,-1.2221335055073723e-12,-1.4210854715202004e-14,5.684341886080802e-14,-8.526512829121202e-14,1.0345658394727079e-13,1.3236707470917983e-12,180000.00754447232,4.517986300052144,True
301,A,Optimizer-A,472.9661014479285,60.34425963387423,1501.8665330856911,-37.12945176940396,35.96821687952942,-98.6794239595297,22.80676211943881,1230.971182844576,3.585912598355398e-08,-4.406320527787053e-08,2.964859362464267e-07,-1.1111200848290537e-10,-3.9116265782013215e-11,-7.915659239188244e-10,8.002828078793749e-10,3.018797001581662e-07,180000.00001085692,13.495176500058733,True
302,T,ESPDI-T,107.03049672210797,-304.4401143879907,867.8706186278155,-12.315513836943438,35.03054321985118,-97.50115069345894,17.13733147864427,982.9808300217028,-2.3695412832932562e-12,6.181881151727173e-12,-5.2832821396866375e-11,-2.8126459494792755e-13,7.868115881048965e-13,-6.14579220847844e-12,6.202333763781313e-12,5.3246008274991774e-11,180000.0,0.5190586000680923,True
302,T,Optimizer-T,107.03049672210797,-304.4401143879907,867.8706186278155,-12.315513836943438,35.03054321985118,-97.50115069345894,17.13733147864427,982.9808300222285,-1.5560108757028956e-11,4.419620225348808e-11,-3.355129507554011e-10,8.637535131583718e-14,-2.5268676040468563e-13,1.8687273950490635e-12,1.8877111477145033e-12,3.387688908426481e-10,180000.0,8.855116699938662,True
302,A,ESPDI-A,-448.839711503655,-49.70641600592597,1488.7520622820184,13.262636621497549,3.3885348820878747,-94.78778373094707,23.816813835580405,1212.8428752515174,-2.2737367544323206e-13,-5.684341886080802e-14,3.979039320256561e-13,2.842170943040401e-14,-8.881784197001252e-15,6.394884621840902e-14,7.054172233603417e-14,4.617981178760124e-13,180000.000143065,3.9072562999790534,True
302,A,Optimizer-A,-448.839711503655,-49.70641600592597,1488.7520622820184,13.262636621497549,3.3885348820878747,-94.78778373094707,22.725213946126996,1175.7186930175758,-7.64249175731966e-08,7.013342780835746e-08,-1.8100337229043362e-07,-7.528200285378261e-12,-4.647393581080905e-13,-5.7418958476773696e-11,5.791223165070749e-11,2.0861851907903405e-07,180000.0000019429,19.624056899920106,True
303,T,ESPDI-T,-163.88640236002408,168.33257419044685,367.255692889122,27.80368816360928,-28.5579909813826,-61.2196700648488,11.677054988615442,669.7846289092304,1.2518313556231426e-12,-1.2483431646790992e-12,-8.579649919796027e-12,4.072402137733633e-13,-4.144722759447106e-13,-2.5085419852466373e-12,2.5749591746251245e-12,8.759899265743773e-12,180000.0,0.4731193999759853,True
303,T,Optimizer-T,-163.88640236002408,168.33257419044685,367.255692889122,27.80368816360928,-28.5579909813826,-61.2196700648488,11.677054988615442,669.7846289095905,3.7635672356373107e-11,-3.8646641442596774e-11,-2.3784174629781774e-10,-2.2515322939398175e-13,2.3225865675158275e-13,1.4210854715202004e-12,1.4574367834346636e-12,2.4388255987360884e-10,180000.0,21.532529600081034,True
303,A,ESPDI-A,496.93135901324365,-126.09744607269602,1616.2718613449179,-7.298990359700049,1.937717847265887,-78.8194434892361,25.987190388564002,1245.1363612016776,-2.2737367544323206e-13,1.1368683772161603e-13,4.547473508864641e-13,5.684341886080802e-14,-2.1316282072803006e-14,7.105427357601002e-14,9.345730545338359e-14,5.209785393794664e-13,180000.0047316482,3.9227140999864787,True
303,A,Optimizer-A,496.93135901324365,-126.09744607269602,1616.2718613449179,-7.298990359700049,1.937717847265887,-78.8194434892361,24.442709599804267,1195.709779242663,3.0618288309128054e-07,-7.790500853957813e-08,-3.4432557072250347e-07,1.0789236171149241e-10,-2.8067770330153508e-11,3.6904523881275964e-10,3.855164714215938e-10,4.6730851362565424e-07,180000.0000026963,17.821590700070374,True
304,T,ESPDI-T,-125.26876297281314,-292.26318307684204,519.2591488691168,18.049421130106495,42.1109073562433,-73.31209870583469,13.725423498003478,787.2770739878415,4.853308176449009e-12,1.1638708138096694e-11,-5.620026849710427e-11,3.577200384866086e-13,8.31914181639859e-13,-4.139429684441032e-12,4.237324975026102e-12,5.7597606777764605e-11,180000.0,0.42924879991915077,True
304,T,Optimizer-T,-125.26876297281314,-292.26318307684204,519.2591488691168,18.049421130106495,42.1109073562433,-73.31209870583469,13.725423498003476,787.277073988269,5.7379656581701965e-11,1.3388357089638703e-10,-6.609051084183193e-10,-2.5357493882438575e-13,-5.941913627793838e-13,2.9523050670832163e-12,3.022162939738135e-12,6.767664278603308e-10,180000.0,13.365009400062263,True
304,A,ESPDI-A,-304.5948775349665,-423.23698891823824,874.5932910116387,39.03927840858715,22.093179026579236,-82.54356481783654,18.291465631660216,999.805990563169,5.115907697472721e-13,-2.2737367544323206e-13,2.842170943040401e-14,8.526512829121202e-14,-5.684341886080802e-14,-2.353672812205332e-14,1.0514415790234646e-13,5.605637319182512e-13,180000.01831269937,3.8863246999680996,True
304,A,Optimizer-A,-304.5948775349665,-423.23698891823824,874.5932910116387,39.03927840858715,22.093179026579236,-82.54356481783654,17.958792529527503,985.1457776033403,-2.116771350736491e-08,-5.7163400355262994e-09,2.076265985806458e-07,3.483080490696011e-11,-3.7836400679225335e-11,-5.329283681021479e-10,5.354039817883726e-10,2.0878111283518984e-07,180000.0000093985,11.807669600006193,True
305,T,ESPDI-T,220.42269929007747,68.99499257886846,494.45319234902627,-32.911671763616795,-10.301754567031175,-72.42550533556593,13.250319578682458,760.0255707101733,1.9712623419356425e-13,8.391474076741805e-14,3.0286751980987246e-12,-6.815615780086937e-13,-2.1014049875200946e-13,-4.092634868155254e-12,4.154316475411282e-12,3.0362433847608047e-12,180000.0,0.5312090000370517,True
305,T,Optimizer-T,220.42269929007747,68.99499257886846,494.45319234902627,-32.911671763616795,-10.301754567031175,-72.42550533556593,13.250319578682458,760.0255707105825,-3.690359129393528e-11,-1.1541712030549434e-11,-2.270175158969323e-10,1.2967404927621828e-13,4.0190073491430667e-14,7.958078640513122e-13,8.073046250015229e-13,2.3028686174204525e-10,180000.0,6.305279899970628,True
305,A,ESPDI-A,-210.0109122746868,82.4594819536178,1130.2195736731323,20.524430136241406,-25.022822711279257,-59.494478631731006,22.478606397415167,1044.3459713234115,8.526512829121202e-14,3.979039320256561e-13,-4.547473508864641e-13,3.552713678800501e-15,5.684341886080802e-14,-9.947598300641403e-14,1.1462664279023953e-13,6.102399809601561e-13,180000.0851134235,3.924145200056955,True
305,A,Optimizer-A,-210.0109122746868,82.4594819536178,1130.2195736731323,20.524430136241406,-25.022822711279257,-59.494478631731006,20.56700276147038,982.8980452606229,5.7982485942074936e-08,2.3315821401365167e-07,-1.2403049964859747e-07,-5.554223747594733e-12,6.087086390493823e-11,-1.2074252708771382e-10,1.3533244001901083e-10,2.703854402166275e-07,180000.00000284717,25.70002350001596,True
306,T,ESPDI-T,159.44884782127735,63.78954299512064,349.54828520830665,-28.061151085117565,-11.226220998743514,-60.5071789394314,11.260553355844676,645.894496352912,6.6329220219617235e-12,2.6372611302357025e-12,3.9783962528430056e-11,1.341751362793353e-11,5.358470611671606e-12,8.170248505523503e-11,8.297010873472949e-11,4.041923397693237e-11,180000.0,0.4977071000030264,True
306,T,Optimizer-T,159.44884782127735,63.78954299512064,349.54828520830665,-28.061151085117565,-11.226220998743514,-60.5071789394314,11.260553355844676,645.8944963532631,-5.81454884240884e-11,-2.3276047755871332e-11,-3.5436364953511656e-10,1.4171330775525348e-11,5.667022406896649e-12,8.635048232008558e-11,8.768892493251945e-11,3.598558994028809e-10,180000.0,34.95546490000561,True
306,A,ESPDI-A,7.269199614520971,94.52501704603321,1602.757926846095,7.500702671197672,11.391573621117047,-60.76695185924284,27.136221147157688,1204.99628670339,1.9895196601282805e-13,2.2737367544323206e-13,7.958078640513122e-13,1.4210854715202004e-14,-1.4210854715202004e-14,-1.4210854715202004e-14,2.4613922385709617e-14,8.512290112248557e-13,180000.09556710444,3.9018566999584436,True
306,A,Optimizer-A,7.269199614520971,94.52501704603321,1602.757926846095,7.500702671197672,11.391573621117047,-60.76695185924284,24.768599683694433,1128.6356880215153,8.058920625686606e-08,-4.893074784029638e-07,-5.332059771490094e-08,-5.10702591327572e-14,-1.2967404927621828e-13,-1.8900436771218665e-12,1.895175092663452e-12,4.987579720935325e-07,180000.00000000015,27.612604800029658,True
307,T,ESPDI-T,193.02479733423593,63.428602306283985,340.08834209851386,-34.11375676786771,-11.209896039707452,-59.103874176984554,11.213582954198872,643.200319347945,-2.8088021275171626e-12,-9.82439214074031e-13,-1.4763132881977226e-11,-1.0277126372137957e-12,-3.4127388415239324e-13,-5.098504951561722e-12,5.21223693530837e-12,1.5060034817085004e-11,180000.0,0.3755816000048071,True
307,T,Optimizer-T,193.02479733423593,63.428602306283985,340.08834209851386,-34.11375676786771,-11.209896039707452,-59.103874176984554,11.213582954198872,643.2003193482888,-2.8427926679341908e-11,-9.31815735683017e-12,-1.4059864383852982e-10,-3.894662370385049e-13,-1.2589929099249275e-13,-1.900701818158268e-12,1.944274153203578e-12,1.4374614332581745e-10,180000.00000000003,35.52259569999296,True
307,A,ESPDI-A,-365.58840177405926,307.2398713880614,1740.350842803338,19.622524590579104,17.388299064169942,-70.56366885496186,27.589702967700426,1292.642466292471,6.821210263296962e-13,2.2737367544323206e-13,-1.8189894035458565e-12,7.105427357601002e-14,8.526512829121202e-14,-1.7053025658242404e-13,2.0346847496847933e-13,1.9559423133256648e-12,180000.03035127273,3.7956885000457987,True
307,A,Optimizer-A,-365.58840177405926,307.2398713880614,1740.350842803338,19.622524590579104,17.388299064169942,-70.56366885496186,25.903387960980048,1241.5154048426411,1.6878787948423463e-08,-1.262254815593214e-07,1.2880736832698858e-07,-1.3305800905527576e-11,3.860378683384624e-11,6.689049314445583e-11,7.836858279156943e-11,1.8113283471754902e-07,180000.000000866,23.425334599916823,True
308,T,ESPDI-T,115.97536088398886,-475.9713912380996,1152.2711140930678,-11.638806091282163,47.76651424399954,-112.53370145061163,19.607538677400182,1124.66953608336,1.6572564277654838e-12,-6.412572865288971e-12,4.1100672480221326e-11,-2.9067200035814977e-13,1.1925772869236795e-12,-7.803355184243799e-12,7.899309015891392e-12,4.1630912408286624e-11,180000.0,0.7102502000052482,True
308,T,Optimizer-T,115.97536088398886,-475.9713912380996,1152.2711140930678,-11.638806091282163,47.76651424399954,-112.53370145061163,19.607538677400182,1124.669536083944,9.898748487557896e-12,-4.041700307766405e-11,2.5856650154310046e-10,-2.1316282072803006e-14,8.260059303211165e-14,-5.400124791776761e-13,5.467089897909892e-13,2.618934040399605e-10,180000.0,2.2355304999509826,True
308,A,ESPDI-A,-417.47975056091235,395.62584907745565,1798.3109254171584,19.273437224046404,-42.53003554189768,-65.52986376732133,28.51261083115986,1275.2549556096692,-3.410605131648481e-13,8.171241461241152e-14,-3.410605131648481e-13,0.0,3.019806626980426e-14,-5.684341886080802e-14,6.43668973480993e-14,4.892049325000002e-13,180000.08258224084,3.8991160000441596,True
308,A,Optimizer-A,-417.47975056091235,395.62584907745565,1798.3109254171584,19.273437224046404,-42.53003554189768,-65.52986376732133,26.144720425070204,1198.8366683402073,-8.354296339397999e-08,-4.526728240791892e-07,3.473884646609804e-08,-1.376676550535194e-13,-8.304468224196171e-14,7.354117315117037e-13,7.527809889613614e-13,4.616263638986313e-07,180000.0,45.80225019995123,True
309,T,ESPDI-T,-103.76255966294303,204.5264788468756,312.0780276456344,18.858682958282827,-37.172367698680254,-55.773376852600634,10.906895956850684,625.6090485257719,-4.1789458449671e-12,8.500566597196071e-12,3.719670719441043e-11,3.3087768636086423e-13,-6.132074015230415e-13,-2.7293028947994458e-12,2.8168417868554124e-12,3.8383827935150475e-11,180000.0,0.36554169992450625,True
309,T,Optimizer-T,-103.76255966294303,204.5264788468756,312.0780276456344,18.858682958282827,-37.172367698680254,-55.773376852600634,10.906895956850684,625.6090485261011,-5.091038701721118e-12,1.0085932089509697e-11,4.3941739136243996e-11,5.395683899678261e-14,-9.903189379656396e-14,-4.476419235288631e-13,4.616296656022869e-13,4.537092835169169e-11,180000.0,14.243718400015496,True
309,A,ESPDI-A,328.6212748487019,107.41623352233512,1380.1089384053257,-13.74957659051481,-41.92065489099144,-74.95161477461738,23.979827834442478,1179.9222349215197,-1.1368683772161603e-13,0.0,5.684341886080802e-14,0.0,-8.526512829121202e-14,0.0,8.526512829121202e-14,1.2710574864626038e-13,180000.03978052296,4.31077360000927,True
309,A,Optimizer-A,328.6212748487019,107.41623352233512,1380.1089384053257,-13.74957659051481,-41.92065489099144,-74.95161477461738,22.49871829603297,1137.411300386655,2.5556866297747766e-08,-3.5873038248501486e-08,1.5907796324654555e-07,-6.036149358124021e-11,7.107470167966312e-11,-5.626752397347445e-10,5.703494968322173e-10,1.650630990827711e-07,180000.00000618404,18.273854499915615,True
310,T,ESPDI-T,511.37647185707476,-54.98070201414143,1080.6465888287657,-52.68817419011946,5.664775296165317,-108.39690617256656,19.106505637482385,1095.9307634185225,-2.304951084055977e-11,2.4626034438846012e-12,-1.2855576808157645e-10,-1.4017641214447707e-12,1.456712354908074e-13,-7.627558307188309e-12,7.75666220036535e-12,1.3062897792126749e-10,180000.0,0.6429362000199035,True
310,T,Optimizer-T,511.37647185707476,-54.98070201414143,1080.6465888287657,-52.68817419011946,5.664775296165317,-108.39690617256656,19.106505637482385,1095.9307634190845,6.687628228974063e-11,-7.173706073615449e-12,3.7560710097750416e-10,-4.3520742565306136e-13,4.823919041996305e-14,-2.4940050025179517e-12,2.5321519455633988e-12,3.8158169963515376e-10,180000.0,2.210507999989204,True
310,A,ESPDI-A,-374.8889581693481,-484.9546384317085,1013.1531250258845,39.929955952516835,24.864289853417773,-80.5254973935774,19.993000747335266,1050.8632204239184,-1.7053025658242404e-13,-4.547473508864641e-13,-4.263256414560601e-14,-4.263256414560601e-14,2.842170943040401e-14,1.0658141036401503e-14,5.23347404973728e-14,4.875379544958049e-13,180000.009526596,4.401349699939601,True
310,A,Optimizer-A,-374.8889581693481,-484.9546384317085,1013.1531250258845,39.929955952516835,24.864289853417773,-80.5254973935774,19.393622672210057,1027.550670224351,-8.784250250090665e-09,-1.1091378995386984e-08,5.517397028143023e-08,3.986766472507952e-11,-6.621903025916254e-11,-2.1643842273988412e-10,2.2982598090125497e-10,5.695918483521052e-08,180000.00000468193,14.343175600050017,True
311,T,ESPDI-T,413.08640939009524,-13.630477801685169,779.5069455885503,-49.42563429959379,1.630881568215969,-91.0843422098456,16.48986118410764,945.842557453936,-1.2058293979207851e-11,4.053765972938028e-13,-6.250083252595101e-11,-1.0117948145982325e-12,3.3101776528154936e-14,-5.32228427996273e-12,5.417705642723272e-12,6.365470014312855e-11,180000.0,0.4901860000099987,True
311,T,Optimizer-T,413.08640939009524,-13.630477801685169,779.5069455885503,-49.42563429959379,1.630881568215969,-91.0843422098456,16.48986118410764,945.8425574544453,-1.226476697979706e-10,4.0444453341947906e-12,-6.279829989352947e-10,6.723510637129948e-13,-2.2398749521812533e-14,3.4212632726848824e-12,3.486775019682028e-12,6.398604968246592e-10,180000.00000000003,14.332880500005558,True
311,A,ESPDI-A,226.1736942686631,436.92390136058066,1529.4346288708812,32.672968500312905,-11.607311425235892,-79.52907447489582,25.072274393035148,1273.263499976707,-9.094947017729282e-13,4.547473508864641e-13,-5.684341886080802e-14,-2.842170943040401e-14,1.1368683772161603e-13,-2.842170943040401e-14,1.2058310082691391e-13,1.0184335716967847e-12,180000.01308006782,3.807052099960856,True
311,A,Optimizer-A,226.1736942686631,436.92390136058066,1529.4346288708812,32.672968500312905,-11.607311425235892,-79.52907447489582,24.075275103441946,1243.964250016641,8.700474470584341e-08,5.551838242130599e-08,5.404985614632096e-08,-1.7562840071150276e-11,-5.4144244643339334e-11,2.482849481566518e-10,2.5472626103429903e-10,1.1650537900648775e-07,180000.00001675417,27.49543030001223,True
312,T,ESPDI-T,34.0428934268697,223.03835581512487,552.1267874078278,-4.842537884696156,-31.7267887377221,-76.99420488497992,13.90066287510611,797.3286358994192,8.965107831889049e-13,5.818136426867068e-12,3.950785463554842e-11,-6.783687652410497e-14,-4.785874387763789e-13,-3.11822182658128e-12,3.1554643300374944e-12,3.99440235951467e-11,180000.0,0.549314400064759,True
312,T,Optimizer-T,34.0428934268697,223.03835581512487,552.1267874078278,-4.842537884696156,-31.7267887377221,-76.99420488497992,13.90066287510611,797.3286358998448,-4.171274436970407e-12,-2.7352786702294907e-11,-1.8420287517528777e-10,4.524158825347513e-14,2.886579864025407e-13,1.950439809661475e-12,1.9722032566482484e-12,1.8626935790315168e-10,180000.0,16.862260499969125,True
312,A,ESPDI-A,-88.14897102650457,177.9377276507837,1217.05675748191,15.886601562985668,12.490007049305731,-89.36785761546156,21.43706367082981,1121.4420706382825,-1.4210854715202004e-14,-1.1368683772161603e-13,-5.115907697472721e-13,5.329070518200751e-15,-2.842170943040401e-14,-7.815970093361102e-14,8.333745502213149e-14,5.24263064838144e-13,180000.0021057265,4.622873599990271,True
312,A,Optimizer-A,-88.14897102650457,177.9377276507837,1217.05675748191,15.886601562985668,12.490007049305731,-89.36785761546156,20.50860145299552,1091.965447574632,1.787196955647962e-08,1.049147411494394e-07,2.1053348575605924e-07,4.907241279994423e-12,-1.3847678559386623e-10,-9.36815069962904e-10,9.47007062526458e-10,2.3590434254349452e-07,180000.00001045334,14.05048010009341,True
313,T,ESPDI-T,46.170490914999895,-112.35757870752327,414.6549153641954,-7.582381750604391,18.452003378141313,-66.93797893440856,12.059045200106905,691.6952195761587,1.7819283578530097e-12,-4.803456609791916e-12,4.519626789793382e-11,-1.2987701192290757e-13,2.7500397792312725e-13,-2.9410709978527905e-12,2.956753936415808e-12,4.5485724089833704e-11,180000.0,0.37554100004490465,True
313,T,Optimizer-T,46.170490914999895,-112.35757870752327,414.6549153641954,-7.582381750604391,18.452003378141313,-66.93797893440856,12.059045200106905,691.6952195765334,-1.8972767801272994e-11,4.617184412580855e-11,-4.6350656646154675e-10,1.1124434706744069e-13,-2.69340105774063e-13,2.716049607442983e-12,2.731637762849245e-12,4.661868104751476e-10,180000.0,27.322126399958506,True
313,A,ESPDI-A,428.8384678941368,-304.6885455204136,1680.4980637162057,-1.3495957976419248,41.761031799378756,-68.94665738965574,27.182917170593257,1270.0987098378191,2.2737367544323206e-13,9.094947017729282e-13,-1.1368683772161603e-13,-8.526512829121202e-14,4.973799150320701e-14,-8.526512829121202e-14,1.3043830727131805e-13,9.443537991180705e-13,180000.04442016003,3.9513971999986097,True
313,A,Optimizer-A,428.8384678941368,-304.6885455204136,1680.4980637162057,-1.3495957976419248,41.761031799378756,-68.94665738965574,25.35651952153379,1216.5500500622038,1.2384497323263502e-07,1.0307351341508312e-07,-1.2710029295703862e-07,2.575717417130363e-12,9.126033262418787e-13,-1.3521628261514707e-11,1.3794984446767952e-11,2.0522234535373201e-07,180000.00000006045,29.084524500067346,True
314,T,ESPDI-T,-398.57974989143327,-245.1904708471845,938.5328194007236,43.80206064856969,26.945292322113943,-100.55228139060789,17.93136910898659,1028.5260638240034,1.0755142300844164e-12,3.814786418069975e-13,-9.191434316132077e-12,1.0262103666835998e-12,5.963840532530185e-13,-6.5025346218661184e-12,6.609972629612844e-12,9.262004189215168e-12,180000.0,0.6981727000093088,True
314,T,Optimizer-T,-398.57974989143327,-245.1904708471845,938.5328194007236,43.80206064856969,26.945292322113943,-100.55228139060789,17.93136910898659,1028.5260638245381,1.4346746013416123e-11,8.79474271187064e-12,-9.00275409776441e-11,-1.4699352846037073e-13,-9.015010959956271e-14,9.094947017729282e-13,9.256969008390764e-13,9.158676080647716e-11,180000.0,18.195738699985668,True
314,A,ESPDI-A,-381.4537449092511,199.11974506300032,1194.8094502916874,20.441208491260866,3.5249062103049127,-56.55731392090702,23.374928540807556,1073.1909220578582,0.0,4.547473508864641e-13,-8.526512829121202e-13,0.0,1.4210854715202004e-14,-1.1368683772161603e-13,1.1457157353758233e-13,9.663381206337363e-13,180000.03182426334,3.9030897999182343,True
314,A,Optimizer-A,-381.4537449092511,199.11974506300032,1194.8094502916874,20.441208491260866,3.5249062103049127,-56.55731392090702,21.708538845575383,1018.4608070455979,-6.97296374669949e-08,4.854922875095992e-08,5.404494274330318e-08,5.986766637988694e-11,-1.311191155650704e-10,-3.3028513257704617e-10,3.603673524971105e-10,1.0069809228440473e-07,180000.00002637148,40.33329880004749,True
315,T,ESPDI-T,308.9883150862595,416.2641971130325,691.1250024486587,-38.32580584808902,-51.631922701060695,-83.69299400991608,15.914462144008235,912.8382226346293,-1.2350858942349052e-11,-1.6706118584862428e-11,-7.647668555290504e-11,-1.2499452861636229e-11,-1.683035655286602e-11,-7.814419944462969e-11,8.090743556916713e-11,7.924847978316811e-11,180000.0,0.4841917000012472,True
315,T,Optimizer-T,308.9883150862595,416.2641971130325,691.1250024486587,-38.32580584808902,-51.631922701060695,-83.69299400991608,15.914462144008237,912.8382226351096,3.363620493246344e-11,4.548272869442371e-11,2.1077006806535792e-10,-1.1867840044033073e-11,-1.5985435197762854e-11,-7.426770309848507e-11,7.688999602872509e-11,2.1822945375000334e-10,180000.0,9.122774000046775,True
315,A,ESPDI-A,459.46195672700753,445.957248458011,1062.156823872297,-22.297161340088337,5.808852808901186,-60.91990470028737,23.48284342422117,1134.0886188029563,-2.2737367544323206e-13,2.2737367544323206e-13,-1.2505552149377763e-12,0.0,2.842170943040401e-14,-1.5631940186722204e-13,1.5888218580782548e-13,1.2912342630898533e-12,179999.99999998522,3.868990399991162,True
315,A,Optimizer-A,459.46195672700753,445.957248458011,1062.156823872297,-22.297161340088337,5.808852808901186,-60.91990470028737,21.278084795433106,1072.9907760857895,5.3168064145264434e-08,6.341466109621871e-08,2.3689798922532646e-07,-1.9203838519388228e-10,-2.667164267222688e-10,-4.6346571025424055e-10,5.681697442251188e-10,2.5093608665535954e-07,180000.0000074127,20.230404500034638,True
316,T,ESPDI-T,123.07255341244567,-285.90875879622087,428.6920190399694,-19.21982492118901,44.64940504713809,-65.66566187564086,12.674818433812728,727.015379259572,3.1365652805072364e-12,-7.289680361080575e-12,2.936977375710137e-11,-7.187583861423263e-13,1.6705109517900496e-12,-7.313039063205906e-12,7.535765442055369e-12,3.04230355498745e-11,180000.0,0.5240421999478713,True
316,T,Optimizer-T,123.07255341244567,-285.90875879622087,428.6920190399694,-19.21982492118901,44.64940504713809,-65.66566187564086,12.674818433812728,727.0153792599667,-4.954148202784836e-11,1.1511813724496278e-10,-4.901492545172914e-10,-1.3233858453531866e-13,3.05089287166993e-13,-1.3518075547835906e-12,1.392112294059235e-12,5.059178151321835e-10,180000.0,20.038077200064436,True
316,A,ESPDI-A,214.55803342961633,-290.54386015219677,1665.798801487315,-9.538751208558132,-37.0840490252265,-65.32821612254511,27.169528666516516,1311.8245208512417,2.2737367544323206e-13,0.0,1.0231815394945443e-12,-7.105427357601002e-15,0.0,5.684341886080802e-14,5.728578676879116e-14,1.048140854583481e-12,180000.00702433236,3.863956900080666,True
316,A,Optimizer-A,214.55803342961633,-290.54386015219677,1665.798801487315,-9.538751208558132,-37.0840490252265,-65.32821612254511,25.769799661336904,1271.2653157239201,1.261565776331829e-09,-1.8490420303347437e-08,-2.21789591137167e-08,3.299582829185965e-13,-4.2454928461665986e-13,4.121147867408581e-13,6.774608187825841e-13,2.8903173157464424e-08,180000.0000000076,30.321787699940614,True
317,T,ESPDI-T,323.8807687344744,362.23097041352463,1127.755419078517,-32.8191001568535,-36.705157099530844,-111.23234418553038,19.421997785798602,1114.0270892206863,-1.947385070040497e-12,-4.074182777171614e-12,-2.574251727581467e-11,-7.324765793903509e-13,-9.050329929927159e-13,-7.1086747599480304e-12,7.203392499404911e-12,2.613557861629306e-11,180000.0,0.7329798999708146,True
317,T,Optimizer-T,323.8807687344744,362.23097041352463,1127.755419078517,-32.8191001568535,-36.705157099530844,-111.23234418553038,19.421997785798602,1114.0270892212575,2.9677149626650134e-11,3.339284404546561e-11,2.738076432251546e-10,-6.439293542825908e-14,-6.17284001691587e-14,-5.400124791776761e-13,5.473301774871652e-13,2.774282623164427e-10,180000.0,9.296814700006507,True
317,A,ESPDI-A,-488.65563533201316,-306.4368896309079,1378.7243307923663,5.344813316804888,31.93997194179221,-68.10224190980406,24.432185212286296,1172.135000691962,4.547473508864641e-13,5.684341886080801e-13,-2.2737367544323206e-13,8.526512829121202e-14,5.684341886080802e-14,-2.842170943040401e-14,1.0634429903501374e-13,7.626344918775623e-13,180000.00602811016,3.866521899937652,True
317,A,Optimizer-A,-488.65563533201316,-306.4368896309079,1378.7243307923663,5.344813316804888,31.93997194179221,-68.10224190980406,23.09344643115512,1130.5128683208986,1.6103359493958858e-07,2.777200479296619e-08,2.3010388972011242e-07,1.538325022920617e-11,8.828049402609395e-12,-8.400391493523784e-11,8.585590584412909e-11,2.822249156501135e-07,180000.00000006187,30.307305700029247,True
318,T,ESPDI-T,-337.1376500840049,-344.4615314660204,488.16407721491055,48.03541605328317,49.07892362125236,-68.01390984416952,13.878290263457572,796.0453644405316,6.1692551261494696e-12,5.793680890131634e-12,-2.580696502443901e-11,1.3248699012868848e-11,1.3518292388270403e-11,-5.6360107553166117e-11,5.945362880458024e-11,2.7159268967349182e-11,180000.0,0.562511800089851,True
318,T,Optimizer-T,-337.1376500840049,-344.4615314660204,488.16407721491055,48.03541605328317,49.07892362125236,-68.01390984416952,13.878290263457572,796.0453644409645,1.1758904960856853e-10,1.2010836769604794e-10,-4.996474345375645e-10,1.1762146812088758e-11,1.2019718553801795e-11,-4.999023417440185e-11,5.274320093199948e-11,5.271629382064196e-10,180000.00000000003,2.9837209000252187,True
318,A,ESPDI-A,-305.0055352379415,303.61276895161154,1645.888759414417,-8.51807491095144,-11.998222656479555,-63.63693762796743,27.27186951585405,1242.318620535927,2.2737367544323206e-13,1.1368683772161603e-13,-1.5916157281026244e-12,2.842170943040401e-14,1.4210854715202004e-14,-1.2789769243681803e-13,1.3178604512369964e-13,1.6117891026121726e-12,180000.0485725962,3.906357100000605,True
318,A,Optimizer-A,-305.0055352379415,303.61276895161154,1645.888759414417,-8.51807491095144,-11.998222656479555,-63.63693762796743,25.36843301077544,1182.974647775276,2.6019410850183084e-09,-8.071602249599293e-09,-5.4768655388670595e-08,-2.5295321393059567e-12,2.2032153879081307e-11,1.3221637118476792e-09,1.3223496872099408e-09,5.542135394745061e-08,180000.00002754646,23.27744889992755,True
319,T,ESPDI-T,-31.40450540399945,-178.72854140331881,310.35646843342136,5.806818598437729,33.047621828180965,-56.47185759280993,10.722406356108625,615.0269026943879,7.612650473106525e-13,4.670050262299552e-12,-2.2821490790886356e-11,6.612765890423589e-14,4.1069925238446103e-13,-2.000843934979457e-12,2.0436299066429294e-12,2.3306851693078834e-11,180000.0,0.35005759994965047,True
319,T,Optimizer-T,-31.40450540399945,-178.72854140331881,310.35646843342136,5.806818598437729,33.047621828180965,-56.47185759280993,10.722406356108625,615.0269026947208,1.3231110651545919e-11,7.530776002795392e-11,-3.6852654261565476e-10,-7.605027718682322e-14,-4.312106227644108e-13,2.1103119252074976e-12,2.1552593040091577e-12,3.763749906964454e-10,180000.0,36.38444540009368,True
319,A,ESPDI-A,243.7132801535521,-406.8964263400626,1773.4427716302594,2.412688744982809,30.794294748771136,-94.65917063293351,26.370246742713537,1296.2389006301619,-1.1368683772161603e-13,-2.2737367544323206e-13,1.5916157281026244e-12,-2.842170943040401e-14,-2.1316282072803006e-14,1.7053025658242404e-13,1.7419169285135556e-13,1.6117891026121726e-12,180000.031550775,3.801272400072776,True
319,A,Optimizer-A,243.7132801535521,-406.8964263400626,1773.4427716302594,2.412688744982809,30.794294748771136,-94.65917063293351,24.782842756529785,1243.8555681597445,-3.2320522075351167e-10,-2.9729693216232243e-09,2.727517411926783e-08,4.46931380793103e-12,-2.5579538487363607e-12,2.1298518504409003e-11,2.1912206285280378e-11,2.7438624809534694e-08,180000.00000001825,22.036220800015144,True
320,T,ESPDI-T,195.5764240344301,46.78580865847383,382.92565855286693,-32.85398308378596,-7.859332605223159,-63.218195284267544,11.79178733486359,676.3655658004791,2.7190177193103793e-12,6.234432458132599e-13,1.3194214601094933e-11,-7.898542930817598e-13,-1.9243981408401112e-13,-4.4160369805368305e-12,4.490243367548492e-12,1.34858829068927e-11,180000.0,0.3873483999632299,True
320,T,Optimizer-T,195.5764240344301,46.78580865847383,382.92565855286693,-32.85398308378596,-7.859332605223159,-63.218195284267544,11.79178733486359,676.3655658008429,-6.445932676513166e-11,-1.5414503007349367e-11,-3.509876833618364e-10,5.062616992290714e-14,1.5432100042289676e-14,3.268496584496461e-13,3.3110701898544616e-13,3.57190377224368e-10,180000.0,6.3102048999862745,True
320,A,ESPDI-A,57.14312218850034,-498.67250563229993,1769.120631417476,-38.0335387798076,12.781207886830465,-77.00576912387822,27.393733489149522,1311.5594330516578,-3.410605131648481e-13,-6.821210263296962e-13,-1.9326762412674725e-12,8.526512829121202e-14,-2.842170943040401e-14,-2.4158453015843406e-13,2.5776155819154743e-13,2.0777027751247564e-12,180000.02938635834,4.487663400010206,True
320,A,Optimizer-A,57.14312218850034,-498.67250563229993,1769.120631417476,-38.0335387798076,12.781207886830465,-77.00576912387822,25.693019763581088,1263.6426751576018,2.5957430362227305e-07,1.422703807752147e-07,2.848850684245008e-07,-1.538413840762587e-11,-1.397033599914721e-10,9.06631214547815e-10,9.174605493970289e-10,4.108274364719877e-07,180000.00000487035,34.06475939997472,True
321,T,ESPDI-T,-241.32237555729978,-242.83955096291825,653.9866132756285,31.39781430595275,31.59520997448601,-83.24194265084158,15.181330406383164,870.786492184996,4.089705252241244e-12,3.580558409716026e-12,-2.6605143259371238e-11,6.956119708023678e-13,6.687064096899675e-13,-4.9329429430144955e-12,5.026427195863928e-12,2.7154736887461543e-11,180000.0,0.6263253999641165,True
321,T,Optimizer-T,-241.32237555729978,-242.83955096291825,653.9866132756285,31.39781430595275,31.59520997448601,-83.24194265084158,15.181330406383164,870.7864921854489,-8.657652372789926e-11,-8.70559180299324e-11,6.399520913191736e-10,4.973799150320701e-13,5.027089855502709e-13,-3.6912695122737205e-12,3.7584004198956454e-12,6.516232857323515e-10,180000.0,2.004888099967502,True
321,A,ESPDI-A,179.0497445429247,387.40997788297364,1231.35685311633,-26.184819368544357,-19.81148835323525,-71.33610219436777,22.7688036207274,1095.0493783698548,-1.0658141036401503e-13,-4.547473508864641e-13,-1.8189894035458565e-12,-3.019806626980426e-14,1.4210854715202004e-14,-2.2026824808563106e-13,2.2278234380867164e-13,1.877998189665142e-12,180000.03062430685,3.980841499986127,True
321,A,Optimizer-A,179.0497445429247,387.40997788297364,1231.35685311633,-26.184819368544357,-19.81148835323525,-71.33610219436777,21.249338859258568,1044.1376277420022,7.302362117739041e-08,-3.4014785179657585e-08,3.2545189299071353e-07,-1.1212708539432015e-10,-4.593658786689048e-12,-8.359783976175095e-10,8.434770099197799e-10,3.3527360395938737e-07,180000.00000857943,17.68848439992871,True
322,T,ESPDI-T,27.371806689437282,-272.39568940698564,744.8087173111016,-3.386465032841812,33.701044572610186,-90.10636318311658,15.954502911719123,915.1349225104641,-6.396422024756651e-13,6.040357928058628e-12,-4.358090197585391e-11,-7.192575528225387e-14,6.940940877608881e-13,-4.984911788907809e-12,5.033516212363837e-12,4.400215998192857e-11,180000.0,0.48801920004189014,True
322,T,Optimizer-T,27.371806689437282,-272.39568940698564,744.8087173111016,-3.386465032841812,33.701044572610186,-90.10636318311658,15.954502911719125,915.1349225109589,-4.752948035147142e-12,4.728462066339034e-11,-3.4585667663122877e-10,2.7755575615628914e-14,-2.7622348852673895e-13,2.0321522242738865e-12,2.0510271695452843e-12,3.4910638297903385e-10,180000.0,9.96299419994466,True
322,A,ESPDI-A,-242.97490250535247,423.1087762723133,1679.3964969158671,25.56069795511651,1.9024085897342289,-95.56712530523905,25.45917837911079,1289.4845950256476,7.105427357601002e-14,6.821210263296962e-13,2.6147972675971687e-12,1.9539925233402755e-14,2.842170943040401e-14,2.4158453015843406e-13,2.4403419321264105e-13,2.703239270761675e-12,180000.00411886614,3.9151580000761896,True
322,A,Optimizer-A,-242.97490250535247,423.1087762723133,1679.3964969158671,25.56069795511651,1.9024085897342289,-95.56712530523905,24.26342886140896,1251.9160303593235,-2.19040980587394e-08,-1.1287504818550498e-07,8.455913302896079e-09,-4.254652186119756e-11,7.831957304915704e-11,6.22858209453625e-10,6.292030762232996e-10,1.1529123333728822e-07,180000.00000604385,28.63349129993003,True
323,T,ESPDI-T,-285.1646736863942,289.8157510459074,344.05202794947627,46.91073998086844,-47.675860982086746,-55.442845987801604,12.038845995243667,690.5366126374429,-5.241840219261801e-12,5.5537770020895605e-12,1.9163056232986142e-11,-5.297170341256319e-11,5.3833694446669966e-11,1.9588485000721079e-10,2.0994033076699068e-10,2.062871910860678e-11,180000.0,0.37694420001935214,True
323,T,Optimizer-T,-285.1646736863942,289.8157510459074,344.05202794947627,46.91073998086844,-47.675860982086746,-55.442845987801604,12.038845995243669,690.5366126377994,-1.4032863759894099e-10,1.4270984394215702e-10,5.195470720309459e-10,-5.3010040801382274e-11,5.3876014760589896e-11,1.9609558421507245e-10,2.1015748271450647e-10,5.567651085909556e-10,179999.99999999997,36.715409100055695,True
323,A,ESPDI-A,-144.0897591240198,-62.15286998772075,1523.9181672290729,4.433680068868547,-19.626556492928554,-69.49292946558194,25.78355590172466,1196.7869455834352,-5.684341886080802e-14,1.1368683772161603e-13,1.0231815394945443e-12,2.1316282072803006e-14,5.684341886080802e-14,4.263256414560601e-14,7.418283949015283e-14,1.0310462327661897e-12,180000.0745395651,3.866304299910553,True
323,A,Optimizer-A,-144.0897591240198,-62.15286998772075,1523.9181672290729,4.433680068868547,-19.626556492928554,-69.49292946558194,23.729602134183708,1133.0400340995402,7.870884390421888e-09,-3.2364542978537875e-08,-8.307354804060196e-08,-1.5589307622576598e-11,-7.327827233893913e-11,9.467626682635455e-11,1.2073246129068246e-10,8.95021164406251e-08,180000.00001872372,26.141666100011207,True
324,T,ESPDI-T,247.30734786504567,-150.5455258589078,468.566692945976,-37.40720918634187,22.771211718889475,-69.50819432431808,13.081672684846168,750.3521472900593,-7.065890637891238e-12,4.096801267368735e-12,-3.692726807387296e-11,-2.9676816559742747e-12,1.7933848850404388e-12,-1.558694839864927e-11,1.5967978085507657e-11,3.7819753020486935e-11,180000.0,0.5537675999803469,True
324,T,Optimizer-T,247.30734786504567,-150.5455258589078,468.566692945976,-37.40720918634187,22.771211718889475,-69.50819432431808,13.081672684846168,750.352147290454,6.645417549577814e-11,-4.051892155132464e-11,3.51631612716119e-10,-2.6645352591003757e-12,1.616706768459153e-12,-1.4052758956495381e-11,1.4394218395297881e-11,3.601426543827387e-10,180000.0,28.901076199952513,True
324,A,ESPDI-A,-30.970880294893504,397.56125274270914,1554.5190221114492,-17.644781253136387,-4.820631528664272,-73.3067469467386,25.78185408023119,1223.0316601140821,1.1368683772161603e-13,4.547473508864641e-13,6.821210263296962e-13,0.0,5.684341886080802e-14,8.526512829121202e-14,1.0247593068766006e-13,8.276526715781663e-13,180000.03002906803,3.9227310999995098,True
324,A,Optimizer-A,-30.970880294893504,397.56125274270914,1554.5190221114492,-17.644781253136387,-4.820631528664272,-73.3067469467386,24.09718970909565,1171.572916182662,-1.387304345230661e-07,1.602989793544041e-07,-2.234245997101425e-07,4.6354031724149536e-11,-3.1372238140647823e-11,4.282298959878972e-10,4.3187238555022504e-10,3.079942337133275e-07,180000.00000642004,24.319980999920517,True
325,T,ESPDI-T,-396.9478664918539,29.08907789006598,777.0134515460118,47.63755441677908,-3.4909685827732773,-91.07877799552503,16.44108306769194,943.0446916706333,-6.278335381963707e-12,4.593308291231737e-13,3.2380015660936345e-11,1.1252387910332118e-12,-7.788821670962065e-14,-5.847142214854273e-12,5.9549392097551276e-12,3.298626826698472e-11,180000.0,0.6469564998988062,True
325,T,Optimizer-T,-396.9478664918539,29.08907789006598,777.0134515460118,47.63755441677908,-3.4909685827732773,-91.07877799552503,16.44108306769194,943.0446916711298,-7.84017295529793e-11,5.740463659975603e-12,4.157154620543224e-10,4.014566457044566e-13,-3.008704396734174e-14,-2.120970066243899e-12,2.1588391997778843e-12,4.230828872821126e-10,180000.00000000003,9.150007600081153,True
325,A,ESPDI-A,70.02554119080003,-477.51805120978986,1129.2724814705618,4.121196024831939,41.746561452339535,-73.96589985186874,21.49815684316259,1058.9012025059274,0.0,2.2737367544323206e-13,5.115907697472721e-13,-7.105427357601002e-15,4.263256414560601e-14,4.973799150320701e-14,6.589302256184982e-14,5.598427493280328e-13,180000.0112865323,3.845753000001423,True
325,A,Optimizer-A,70.02554119080003,-477.51805120978986,1129.2724814705618,4.121196024831939,41.746561452339535,-73.96589985186874,20.251503019254052,1015.8927859686082,2.9302813724550803e-08,1.580203875584776e-08,-5.189280116724149e-08,-2.9745983454176894e-11,-3.5274005938390474e-11,7.545963853772264e-12,4.675489917730771e-11,6.165405204850608e-08,180000.00000788,22.550882699899375,True
326,T,ESPDI-T,-367.105774831971,-244.99292337340165,585.7660205035236,49.24306096287741,32.863011938921176,-76.83663224926492,14.730708903283167,844.93927672471,1.3005152659536882e-11,9.006284880743766e-12,-5.85739310516014e-11,9.80493464197707e-13,6.776836036781475e-13,-4.393006791669762e-12,4.5518272343845915e-12,6.067250251875826e-11,180000.0,0.4494868000037968,True
326,T,Optimizer-T,-367.105774831971,-244.99292337340165,585.7660205035236,49.24306096287741,32.863011938921176,-76.83663224926492,14.730708903283166,844.9392767251629,9.25406418161856e-11,6.179146083695741e-11,-4.1608494427691767e-10,-4.263256414560601e-13,-2.8066438062523957e-13,1.9113599591946695e-12,1.9783384292702094e-12,4.3070713469136135e-10,180000.0,2.2504720999859273,True
326,A,ESPDI-A,-2.8956105525559224,106.05824883374248,1567.1311344780788,21.343461442995462,-20.40282132228173,-88.0699875938019,24.959792677350364,1229.0415981180158,0.0,-8.526512829121202e-14,-2.8421709430404007e-13,-1.4210854715202004e-14,-7.105427357601002e-15,-2.842170943040401e-14,3.256115871121665e-14,2.9673135796061134e-13,180000.0628968963,4.879259200068191,True
326,A,Optimizer-A,-2.8956105525559224,106.05824883374248,1567.1311344780788,21.343461442995462,-20.40282132228173,-88.0699875938019,23.292261756508584,1176.3506133505107,-8.885895162549488e-08,1.853641913583343e-07,2.698529648625936e-07,-9.885425811262394e-13,3.361533273960049e-12,1.3994849723530933e-10,1.399923533654893e-10,3.3922915465366973e-07,180000.0000031102,17.832912200014107,True
327,T,ESPDI-T,-414.57200983569015,-413.4951202843228,795.9058181601376,48.167768906996386,48.04264862434832,-90.15825507295429,16.97431148755633,973.6301603244137,9.345554820468227e-12,8.0231801020611e-12,-4.666573854769651e-11,1.131802984666308e-12,1.0659528815182284e-12,-5.844658090836674e-12,6.0479138337528565e-12,4.826387850198587e-11,180000.0,0.5207251999527216,True
327,T,Optimizer-T,-414.57200983569015,-413.4951202843228,795.9058181601376,48.167768906996386,48.04264862434832,-90.15825507295429,16.97431148755633,973.630160324923,-9.956924174048254e-12,-9.755307672776325e-12,5.2933657457288064e-11,8.79296635503124e-14,9.414691248821327e-14,-4.369837824924616e-13,4.55576659876857e-13,5.47382723384999e-11,180000.0,21.15334099996835,True
327,A,ESPDI-A,-5.668213995093993,-37.96722487480287,1383.6982889705553,-0.42009160436094817,-30.0378759626268,-90.57047901610834,23.037475407882354,1186.0835082996437,-3.552713678800501e-15,0.0,-9.663381206337363e-13,0.0,8.526512829121202e-14,-1.5631940186722204e-13,1.7806149921485808e-13,9.663446513353427e-13,180000.03198941163,3.763022599974647,True
327,A,Optimizer-A,-5.668213995093993,-37.96722487480287,1383.6982889705553,-0.42009160436094817,-30.0378759626268,-90.57047901610834,21.820398945278313,1149.533605151646,6.876873205459071e-09,2.6373399374992906e-07,2.9547589974754374e-07,-6.430966870141219e-14,1.1334932992212998e-11,2.276401289691421e-10,2.2792216469391278e-10,3.961173035553889e-07,180000.00000181986,16.334831200074404,True
328,T,ESPDI-T,303.79928402882433,38.533861249215676,774.6074708175645,-36.829554752522725,-4.671455883251689,-91.77875344010602,16.27785262905629,933.6819509046727,-9.578448651980363e-12,-1.2223268052021993e-12,-6.333991147130049e-11,-2.050263344516301e-11,-2.601868156690279e-12,-1.3982571697712665e-10,1.413448224175864e-10,6.40717187734926e-11,180000.0,0.4847845999756828,True
328,T,Optimizer-T,303.79928402882433,38.533861249215676,774.6074708175645,-36.829554752522725,-4.671455883251689,-91.77875344010602,16.27785262905629,933.6819509051711,-1.7672086016773392e-11,-2.2217783168798633e-12,-1.2043344099765818e-10,-1.9615864488287116e-11,-2.487621220126357e-12,-1.3393375297710008e-10,1.3538545189749353e-10,1.2174338845953815e-10,179999.99999999997,2.376547999912873,True
328,A,ESPDI-A,272.1090133508467,-422.5025674678338,1790.9785776960928,-16.97164721660601,34.63252880046008,-99.6139471432537,26.22497581861424,1298.9148882612917,1.1368683772161603e-13,-7.389644451905042e-13,2.2168933355715126e-12,7.105427357601002e-15,-6.394884621840902e-14,2.4868995751603507e-13,2.5687864255310756e-13,2.3395745787703023e-12,180000.04068778644,4.11884619994089,True
328,A,Optimizer-A,272.1090133508467,-422.5025674678338,1790.9785776960928,-16.97164721660601,34.63252880046008,-99.6139471432537,24.652385865215344,1246.0546199365417,3.4371070520697658e-09,2.1173692323186534e-07,-5.637759663557063e-07,1.5520473795049838e-11,-3.796074565798335e-12,2.1514523496080074e-10,2.1573772830747542e-10,6.022355673695257e-07,180000.00000743102,16.814699499984272,True
329,T,ESPDI-T,-119.21044759672262,124.8184310863247,353.95217271780064,20.8597119881572,-21.841009540391674,-60.91443469315715,11.32469723234723,649.5737273372615,7.066367890135039e-12,-7.2204135032061245e-12,-5.891685988905493e-11,3.231373502110557e-13,-3.296460326929207e-13,-2.768119067297903e-12,2.8063441386811092e-12,5.977678734678322e-11,180000.0,0.3634212000761181,True
329,T,Optimizer-T,-119.21044759672262,124.8184310863247,353.95217271780064,20.8597119881572,-21.841009540391674,-60.91443469315715,11.32469723234723,649.5737273375998,1.7117418593670664e-12,-1.7384982342605326e-12,-1.3750778293797339e-11,5.46229728115577e-14,-5.6621374255882984e-14,-4.227729277772596e-13,4.3003092637943254e-13,1.3965541163478216e-11,180000.0,36.17761409992818,True
329,A,ESPDI-A,-36.383482253950035,-117.49585626520951,788.9216285514735,-14.51138164787946,-6.1119149072623955,-55.68292568199339,18.564044077004382,906.6038041266293,5.684341886080802e-14,1.7053025658242404e-13,-2.842170943040401e-14,1.4210854715202004e-14,0.0,-7.105427357601002e-15,1.5888218580782548e-14,1.8198773652309366e-13,180000.03403079772,3.8118591000093147,True
329,A,Optimizer-A,-36.383482253950035,-117.49585626520951,788.9216285514735,-14.51138164787946,-6.1119149072623955,-55.68292568199339,17.341012568276014,869.7909919643334,-2.8440078015809675e-08,-3.5598724530132754e-08,1.9694047104223955e-07,2.2997825865900268e-10,2.5480773047092953e-10,-6.850839895378158e-10,7.662617383666127e-10,2.0214266338419708e-07,180000.00000556582,18.900074600009248,True
330,T,ESPDI-T,277.6743487030033,-200.11278629116012,831.8220468509362,-32.512335147343,23.43080664655018,-95.1164424628587,16.845508056104325,966.2421195366096,1.4338077708626884e-12,-9.873531029228055e-13,1.1949221343302008e-11,-7.654016309643907e-13,5.477944486909081e-13,-6.186245959938219e-12,6.2574401708327555e-12,1.2075370039251873e-11,180000.0,0.6616518000373617,True
330,T,Optimizer-T,277.6743487030033,-200.11278629116012,831.8220468509362,-32.512335147343,23.43080664655018,-95.1164424628587,16.845508056104325,966.2421195371207,-2.99607005871394e-11,2.1493251622928256e-11,-2.390727615875221e-10,1.6475709685437323e-13,-1.2168044349891716e-13,1.3216094885137863e-12,1.3373865078666102e-12,2.4189954274054117e-10,179999.99999999997,17.063164199935272,True
330,A,ESPDI-A,-29.961133933444557,354.8568427470424,1537.62889373652,-2.5855503803750537,-6.6376169769467595,-71.37681758180284,25.801327598092218,1196.5071852751153,2.842170943040401e-14,-1.1368683772161603e-13,-1.4210854715202004e-12,0.0,-2.842170943040401e-14,-1.4210854715202004e-13,1.449228509952941e-13,1.425908976058387e-12,180000.05283127291,4.928798999986611,True
330,A,Optimizer-A,-29.961133933444557,354.8568427470424,1537.62889373652,-2.5855503803750537,-6.6376169769467595,-71.37681758180284,23.84047704823396,1132.133167521888,-1.2219880879367555e-07,1.391885764918863e-07,-5.852303175402085e-07,2.1505019986989282e-12,-7.169376203819411e-12,-2.2509993868879974e-11,2.3721813547351605e-11,6.138408044962832e-07,180000.00000094224,29.127036100020632,True
331,T,ESPDI-T,-240.58581072383524,-160.13010555965533,830.4102552740669,28.306608519745282,18.840430350673145,-95.44564868731413,16.76518985106345,961.6351446435037,2.0033605850622305e-12,1.5408279578459083e-12,-2.3208938894000997e-11,5.878665609859723e-13,4.022268629277903e-13,-5.6221138855505615e-12,5.667057268537758e-12,2.3346144200165746e-11,180000.0,0.6626081001013517,True
331,T,Optimizer-T,-240.58581072383524,-160.13010555965533,830.4102552740669,28.306608519745282,18.840430350673145,-95.44564868731413,16.76518985106345,961.6351446440094,-1.510302993779078e-11,-1.0018430529612488e-11,1.3796075393202045e-10,4.3076653355456074e-14,3.597122599785507e-14,-4.369837824924616e-13,4.405727559955494e-13,1.3914611057830533e-10,180000.0,1.86348319996614,True
331,A,ESPDI-A,269.2605641611457,163.0066692393341,1773.8058296177385,-0.24267082927121209,-11.035322837990684,-67.52586842002289,28.189832714299598,1260.8064019232206,-3.410605131648481e-13,-5.684341886080802e-14,-2.2737367544323206e-13,-2.842170943040401e-14,-3.552713678800501e-15,9.947598300641403e-14,1.0351756631858297e-13,4.1382633578908315e-13,180000.0807253753,3.9545629000058398,True
331,A,Optimizer-A,269.2605641611457,163.0066692393341,1773.8058296177385,-0.24267082927121209,-11.035322837990684,-67.52586842002289,25.83586605679477,1183.2029340187382,2.1607351011694836e-07,3.1647594262901493e-08,-4.198126291043991e-07,1.2070344723724702e-12,-1.205036070928145e-12,-2.708588908717502e-11,2.713953632235599e-11,4.7321451325211486e-07,180000.00000000928,28.446329799946398,True
332,T,ESPDI-T,-47.63176411963117,190.85174620960294,328.1021570249169,8.563100193817988,-34.31077255197423,-58.0180696836533,11.025406600474195,632.406704915893,-2.27279511245766e-12,9.144811380036654e-12,4.455863315618455e-11,1.118319304348192e-13,-4.4365227637455096e-13,-2.150526718508461e-12,2.198658429591979e-12,4.554409908590891e-11,180000.0,0.46848320006392896,True
332,T,Optimizer-T,-47.63176411963117,190.85174620960294,328.1021570249169,8.563100193817988,-34.31077255197423,-58.0180696836533,11.025406600474195,632.4067049162331,7.000622304076387e-12,-2.8015145758786275e-11,-1.3592948988616627e-10,-6.106226635438361e-14,2.424727085781342e-13,1.1759482276829658e-12,1.2022378504140763e-12,1.389628847039516e-10,180000.0,13.363265299936756,True
332,A,ESPDI-A,491.6491156572762,73.02447125077254,1464.2134369341288,-44.50618447853859,28.95618352614474,-59.335959826776204,25.835299251244706,1200.3071651358532,1.7053025658242404e-13,4.547473508864641e-13,1.3642420526593924e-12,2.842170943040401e-14,0.0,1.9895196601282805e-13,2.0097183471152322e-13,1.44811328969547e-12,180000.0634824405,3.7917775999521837,True
332,A,Optimizer-A,491.6491156572762,73.02447125077254,1464.2134369341288,-44.50618447853859,28.95618352614474,-59.335959826776204,24.016934022636523,1148.2447293599198,1.337085226888288e-07,-2.1524445679902037e-07,4.78324654551443e-07,-3.383648916610582e-11,-7.984368721736246e-11,-4.5226045131130377e-10,4.604991185744617e-10,5.412971645723739e-07,180000.00000146622,34.73296500009019,True
333,T,ESPDI-T,279.0561923808015,-79.22714944364506,341.66413569416693,-47.9556360743171,13.615137200540289,-57.65630078693929,11.529181278885105,661.3027353244415,-3.3992957578009124e-12,1.1638293952696832e-12,-1.2837287839456615e-11,-8.46756692540751e-13,2.4852776087103123e-13,-3.0271653239655194e-12,3.153171870181736e-12,1.3330629001789741e-11,180000.0,0.3808311999309808,True
333,T,Optimizer-T,279.0561923808015,-79.22714944364506,341.66413569416693,-47.9556360743171,13.615137200540289,-57.65630078693929,11.529181278885105,661.302735324789,-3.1734170846675624e-11,9.065637129879178e-12,-1.1365131058482802e-10,2.220446049250313e-14,-2.4424906541753444e-15,1.9539925233402755e-14,2.9678485549061226e-14,1.1834637203372853e-10,180000.0,13.193172100000083,True
333,A,ESPDI-A,271.4592781387622,422.486998192113,1278.7189636205262,-30.961895585253792,-23.457397061850664,-66.4904291774018,23.590693299704867,1106.1333475133779,-1.7053025658242404e-13,-2.2737367544323206e-13,-3.410605131648481e-13,-1.5987211554602254e-14,1.4210854715202004e-14,-1.4210854715202004e-14,2.5680492922932105e-14,4.43961293735052e-13,180000.03928855812,3.900183899910189,True
333,A,Optimizer-A,271.4592781387622,422.486998192113,1278.7189636205262,-30.961895585253792,-23.457397061850664,-66.4904291774018,21.852896709753995,1047.4523080223098,-6.940484704895663e-08,1.4092401884338113e-08,-1.3210251026407605e-07,-2.3292479056635784e-13,4.369837824924616e-13,7.851497230149107e-13,9.282612088050387e-13,1.4988896491346212e-07,180000.00000000073,31.757181500084698,True
334,T,ESPDI-T,-198.88061048647822,479.4533613651687,938.7752625369269,21.754501371675474,-52.444875254353285,-100.07534968055278,18.013800377448863,1033.254242000039,5.996045348601042e-12,-1.426243650091974e-11,-8.018595629068898e-11,5.234424005351457e-13,-1.2445738883926083e-12,-6.90643375822475e-12,7.037171545947501e-12,8.166490825940804e-11,180000.0,0.6774202999658883,True
334,T,Optimizer-T,-198.88061048647822,479.4533613651687,938.7752625369269,21.754501371675474,-52.444875254353285,-100.07534968055278,18.013800377448863,1033.2542420005775,-1.787814341014382e-11,4.318589930107919e-11,2.269811005817246e-10,1.1945999744966684e-13,-2.957634137601417e-13,-1.588063014423824e-12,1.6197811042516238e-12,2.3174354345165176e-10,180000.0,13.860494300024584,True
334,A,ESPDI-A,183.3594450407944,-435.7186459964594,1592.5040819312076,6.747914421407252,-10.41742809368602,-93.9462567806142,24.813239702263644,1289.6044360627238,-4.547473508864641e-13,9.094947017729282e-13,-6.821210263296962e-13,-4.263256414560601e-14,8.526512829121202e-14,-1.1368683772161603e-13,1.4836567898030567e-13,1.224444715065716e-12,180000.01719494333,3.9117396000074223,True
334,A,Optimizer-A,183.3594450407944,-435.7186459964594,1592.5040819312076,6.747914421407252,-10.41742809368602,-93.9462567806142,23.995228726756118,1262.7875467581198,5.499388796473244e-08,-1.157468573500388e-07,-9.729554406590069e-08,-8.340261814510086e-11,1.7403145591288194e-10,3.7637803984580387e-10,4.229697072353816e-10,1.6089774888098155e-07,180000.00000355628,19.986468099988997,True
335,T,ESPDI-T,-28.270624871983948,-28.282208968209275,877.1727817440767,3.275243130897813,3.276585185831564,-99.29450451145833,17.022475040209518,976.3927753221342,8.309885237063087e-13,8.774943052454291e-13,-7.241758017903499e-11,4.73232564246473e-14,5.169996375453678e-14,-4.182210133762965e-12,4.182797386893189e-12,7.242766361804881e-11,180000.0,0.5130561999976635,True
335,T,Optimizer-T,-28.270624871983948,-28.282208968209275,877.1727817440767,3.275243130897813,3.276585185831564,-99.29450451145833,17.022475040209518,976.392775322638,-9.025058478329129e-12,-9.03038754884733e-12,7.332641160928688e-10,2.6700863742235015e-14,2.6423307986078726e-14,-2.2168933355715126e-12,2.2172115795816364e-12,7.333752542384258e-10,180000.0,1.6150214000372216,True
335,A,ESPDI-A,427.5715304560988,288.1653031676867,1706.5404641784266,-37.87584916006666,-3.6347425286265747,-67.99171394120037,27.553663805698214,1248.168580790296,-5.684341886080801e-13,3.410605131648481e-13,-2.2737367544323206e-13,-7.815970093361102e-14,2.842170943040401e-14,-2.842170943040401e-14,8.788928253162695e-14,7.008127344043915e-13,180000.07139901517,3.871463599964045,True
335,A,Optimizer-A,427.5715304560988,288.1653031676867,1706.5404641784266,-37.87584916006666,-3.6347425286265747,-67.99171394120037,25.334730999306586,1175.6842022464261,-9.536280519790459e-08,1.0526604509168306e-07,-3.212288781639927e-07,4.795941421775751e-11,-9.721734528511661e-11,2.653308683875366e-10,2.866213309502283e-10,3.5123068919295057e-07,180000.00001433326,26.695686899940483,True
336,T,ESPDI-T,-482.8327037368106,440.8607743060981,1187.6648199825233,47.30297207989088,-43.190995010743606,-113.09872054436092,20.07694480931611,1151.5942197625554,1.0056544765060522e-11,-9.093637057559431e-12,-6.582334191121701e-11,1.3049301222922693e-12,-1.1709591629660565e-12,-8.41363957670982e-12,8.594377168368728e-12,6.720521310067592e-11,180000.0,0.6043768000090495,True
336,T,Optimizer-T,-482.8327037368106,440.8607743060981,1187.6648199825233,47.30297207989088,-43.190995010743606,-113.09872054436092,20.07694480931611,1151.5942197631593,8.475264934304505e-11,-7.746514540940552e-11,-5.546283432522614e-10,-4.68070027181966e-13,4.249933738265099e-13,3.1299407510232413e-12,3.193154869883153e-12,5.663889648136816e-10,180000.0,1.6860142000950873,True
336,A,ESPDI-A,-4.832228626118081,-382.2537007476997,1175.3145446637175,30.032561184295105,41.23163773263806,-73.01779972837936,22.008865597355886,1101.0875298159935,2.2737367544323206e-13,-1.1368683772161603e-13,3.979039320256561e-13,8.526512829121202e-14,-1.4210854715202004e-14,6.394884621840902e-14,1.075246270717511e-13,4.721768995590352e-13,180000.03865418505,3.8831844000378624,True
336,A,Optimizer-A,-4.832228626118081,-382.2537007476997,1175.3145446637175,30.032561184295105,41.23163773263806,-73.01779972837936,20.694010092352308,1062.1040468961473,-9.932463102762195e-08,-2.6350468646600336e-08,-1.2243283720181353e-08,8.904965653755426e-11,-8.128164807885696e-11,9.331273531643092e-10,9.408842675203476e-10,1.0348733025313566e-07,180000.0000150924,27.383008199976757,True
337,T,ESPDI-T,132.5754516968469,93.01638586117075,579.441090543924,-18.56847506334242,-13.027845044004202,-79.56288657088524,14.115305600106423,809.6403359001961,1.6495729207501725e-12,9.608277986173502e-13,1.833706428887305e-11,-2.1672594274768642e-13,-1.6592109630675367e-13,-2.7342017538956043e-12,2.7477916906973327e-12,1.843616575141728e-11,180000.0,0.43245239998213947,True
337,T,Optimizer-T,132.5754516968469,93.01638586117075,579.441090543924,-18.56847506334242,-13.027845044004202,-79.56288657088524,14.115305600106424,809.6403359006144,6.893208226443903e-11,4.840028378083616e-11,8.096989745354222e-10,-2.262634524186069e-13,-1.5476508963274682e-13,-2.6574298317427747e-12,2.6715315258304272e-12,8.140679632555817e-10,180000.0,35.29630060005002,True
337,A,ESPDI-A,300.0924396700766,336.6251337316479,1482.7761064602228,-34.53610870421439,-7.676230716940928,-65.6339756585545,25.658504280895688,1180.0998457568749,4.5297099404706387e-13,3.410605131648481e-13,-6.821210263296962e-13,4.085620730620576e-14,5.684341886080802e-14,-2.842170943040401e-14,7.555261418494559e-14,8.870141428688343e-13,180000.06197745475,4.652710099937394,True
337,A,Optimizer-A,300.0924396700766,336.6251337316479,1482.7761064602228,-34.53610870421439,-7.676230716940928,-65.6339756585545,23.662685234779378,1115.8935341526394,-5.608853798013943e-07,-6.374524438073758e-08,1.0147473972210719e-09,6.996742074605322e-11,-1.2079226507921703e-11,3.991509345269151e-10,4.0541684253690614e-10,5.644970284849996e-07,180000.00000562542,28.410268699983135,True
338,T,ESPDI-T,-153.16478571794525,139.76513067822995,583.5251629529522,21.29313485207453,-19.430300256024765,-79.50496050578084,14.219506279112377,815.6171865006363,-1.5149578640183403e-12,1.2328130053265718e-12,1.644287223739882e-11,4.0451322846912774e-13,-3.8514677558332266e-13,-4.1949360651827305e-12,4.231956708393827e-12,1.6558471325918772e-11,180000.0,0.4435510999755934,True
338,T,Optimizer-T,-153.16478571794525,139.76513067822995,583.5251629529522,21.29313485207453,-19.430300256024765,-79.50496050578084,14.219506279112377,815.6171865010765,1.485589429250922e-11,-1.3602008408497568e-11,-1.531521576225714e-10,-9.126033262418787e-14,8.482103908136196e-14,9.379164112033322e-13,9.461555112063013e-13,1.5447101868125297e-10,180000.0,20.666803500032984,True
338,A,ESPDI-A,-379.3332218765539,170.2495747298682,1575.6010762032035,-28.776257561789294,12.98741581392671,-56.04311509191379,26.965477548499294,1289.20948360705,-4.547473508864641e-13,-1.1368683772161603e-13,-1.0231815394945443e-12,-1.7053025658242404e-13,0.0,-9.947598300641403e-14,1.9742350317315248e-13,1.12544227438453e-12,180000.0087927295,3.905415700050071,True
338,A,Optimizer-A,-379.3332218765539,170.2495747298682,1575.6010762032035,-28.776257561789294,12.98741581392671,-56.04311509191379,25.796451866325917,1250.2340423837686,-2.05814484719986e-07,1.0037759857169353e-07,-1.5476425119231862e-07,8.01225752411483e-11,-3.553868310746111e-11,1.6342127651114424e-10,1.854430874333629e-10,2.7638241236137385e-07,180000.0000035543,25.851842399919406,True
339,T,ESPDI-T,276.7376828406522,-347.7748902063067,750.8167779500759,-33.52315163662941,42.128380421943575,-88.82154195532604,16.29017439343734,934.3887154434651,-5.8375410625158275e-12,7.177540625648987e-12,-4.241132705445905e-11,-7.446682159795159e-13,9.336489914524293e-13,-5.388689494623122e-12,5.519438890013355e-12,4.340869311105427e-11,180000.0,0.5050412999698892,True
339,T,Optimizer-T,276.7376828406522,-347.7748902063067,750.8167779500759,-33.52315163662941,42.128380421943575,-88.82154195532604,16.29017439343734,934.3887154439581,-2.4024560119073612e-11,3.026512374049162e-11,-1.7862689105641039e-10,1.1146639167236572e-13,-1.3988810110276972e-13,8.242295734817162e-13,8.434143863513639e-13,1.82758647982581e-10,180000.0,36.74675490008667,True
339,A,ESPDI-A,-482.23492165340963,-204.9259801006301,943.9666511773718,14.913145172278377,-10.901332489531846,-60.78019169198587,20.384814029763547,1032.4826353498956,4.547473508864641e-13,-4.547473508864641e-13,-6.821210263296962e-13,5.684341886080802e-14,0.0,-1.4210854715202004e-13,1.530555893832145e-13,9.374856803373542e-13,180000.0078040189,3.746190500096418,True
339,A,Optimizer-A,-482.23492165340963,-204.9259801006301,943.9666511773718,14.913145172278377,-10.901332489531846,-60.78019169198587,19.77261431413011,1008.6828314637423,-1.3441413340622503e-08,-1.2737307666941562e-08,-4.088511218469648e-08,9.07895980617468e-12,6.836309296431864e-12,1.0693668173189508e-12,1.1415173294724832e-11,4.488321509819689e-08,180000.00000002395,34.452671200037,True
340,T,ESPDI-T,-171.32938015353741,-1.398257328657513,488.23331800762276,25.938998662116262,0.21169396016514241,-72.55403409592984,13.069668900300178,749.6636217683881,-8.047985129884527e-12,-6.143190136817002e-14,5.822721623437166e-11,3.9555858588613546e-13,3.3455768537471453e-15,-3.330252740241235e-12,3.35366383253256e-12,5.878080085311549e-11,180000.0,0.537441199994646,True
340,T,Optimizer-T,-171.32938015353741,-1.398257328657513,488.23331800762276,25.938998662116262,0.21169396016514241,-72.55403409592984,13.069668900300176,749.6636217687774,-4.307465495401175e-11,-3.516579388795904e-13,3.338982423883863e-10,1.6475709685437323e-13,1.3461454173580023e-15,-1.255884285455977e-12,1.2666459850829023e-12,3.366653914983937e-10,179999.99999999997,22.814298000070266,True
340,A,ESPDI-A,203.57051038954398,-326.74494460299195,1227.1653281634724,-38.812032652930455,43.39907069291105,-80.78469700094837,22.069016355847264,1121.8219281388792,-1.9895196601282805e-13,2.0250467969162855e-13,-5.684341886080801e-13,-7.105427357601002e-15,3.2862601528904634e-14,-5.684341886080802e-14,6.604250105020989e-14,6.353797737226965e-13,180000.0603126069,3.838903000112623,True
340,A,Optimizer-A,203.57051038954398,-326.74494460299195,1227.1653281634724,-38.812032652930455,43.39907069291105,-80.78469700094837,20.75924177283465,1081.405397065404,-9.433676340761062e-08,2.8088585190987015e-08,1.4075523324663664e-07,1.39054989745091e-10,-2.0239809828126454e-11,-5.272795533528551e-10,5.456827534922398e-10,1.717568899187742e-07,180000.00001467764,22.742456800071523,True
341,T,ESPDI-T,-135.63333782974559,-415.8110793161376,1020.2939262653961,14.407234824493656,44.168255077918914,-105.60740337662244,18.541752803547528,1063.537084732303,3.827567399855049e-12,1.2289767402536012e-11,-7.970647622826399e-11,3.456089581188593e-13,1.0583409149056422e-12,-6.991754397667194e-12,7.079841848614548e-12,8.073915411828193e-11,180000.0,0.5983674000017345,True
341,T,Optimizer-T,-135.63333782974559,-415.8110793161376,1020.2939262653961,14.407234824493656,44.168255077918914,-105.60740337662244,18.541752803547528,1063.5370847328522,-1.4805490167191238e-11,-4.5293102601817736e-11,2.9485214270152937e-10,8.171241461241152e-14,2.5224267119483557e-13,-1.652011860642233e-12,1.6731546466408624e-12,2.9867784273037833e-10,180000.0,2.485635899938643,True
341,A,ESPDI-A,458.9295434446244,54.045256536344596,1498.0517792636406,-31.427011881708395,38.39958468157067,-55.99200223040893,26.35252252724574,1223.1780236706581,-1.1368683772161603e-13,-9.094947017729282e-13,-1.0231815394945443e-12,0.0,-1.4210854715202004e-13,-8.526512829121202e-14,1.657256204579568e-13,1.3736832867828721e-12,180000.055083536,3.9056575000286102,True
341,A,Optimizer-A,458.9295434446244,54.045256536344596,1498.0517792636406,-31.427011881708395,38.39958468157067,-55.99200223040893,24.6294238359472,1173.3285544468654,5.913896874331227e-10,-6.550917019423223e-08,5.0505512660947716e-08,2.0228263508670352e-11,2.518607544743645e-11,1.184119469144207e-11,3.440544917219948e-11,8.272005760663151e-08,180000.00000110158,27.662824800005183,True
342,T,ESPDI-T,-183.30789811513566,154.19278669372713,343.6956182699953,31.926629785108176,-26.855667796772913,-58.830803000061636,11.377051318556468,652.5767073041898,-4.032603034321864e-12,3.2451893980679487e-12,2.2060274083746004e-11,4.283622068168569e-13,-4.1216335899818546e-13,-2.4145286464660742e-12,2.486628520574589e-12,2.265940939459257e-11,180000.0,0.5105062000220641,True
342,T,Optimizer-T,-183.30789811513566,154.19278669372713,343.6956182699953,31.926629785108176,-26.855667796772913,-58.830803000061636,11.377051318556468,652.5767073045354,7.148281966351533e-12,-6.021849685566849e-12,-3.838707129943941e-11,-1.0391687510491465e-13,8.304468224196171e-14,5.364597654988756e-13,5.527062657319414e-13,3.950857946894919e-11,180000.00000000003,2.8804377000778913,True
342,A,ESPDI-A,-439.9686799250897,49.23664864937973,1590.2159046664185,13.644968237205816,-10.298003782880784,-90.55149495376816,25.01961806808492,1236.6322892819353,-3.410605131648481e-13,1.4210854715202004e-13,-1.0800249583553523e-12,-5.684341886080802e-14,1.4210854715202004e-14,-1.4210854715202004e-13,1.537138960314901e-13,1.141477561533475e-12,180000.01331492397,3.802911299979314,True
342,A,Optimizer-A,-439.9686799250897,49.23664864937973,1590.2159046664185,13.644968237205816,-10.298003782880784,-90.55149495376816,23.60386484371427,1189.281721779469,-1.7195314376868354e-08,-9.055425885377772e-09,-6.043583411496911e-08,2.6059154834001674e-12,1.586164533051715e-11,2.6285817966709146e-10,2.633492077185627e-10,6.348361693899435e-08,180000.00000141398,17.98952730000019,True
343,T,ESPDI-T,-327.3946225661475,-26.830810806356578,816.8365675324142,38.6889443062161,3.170656062831391,-94.28907663684855,16.69312656219282,957.5016637922745,-6.273412236738884e-13,-5.176095690300267e-14,2.6765553749058535e-12,8.207670654236665e-13,6.728385210097443e-14,-5.522984847239343e-12,5.5840439929564585e-12,2.749579037328729e-12,180000.0,0.5193568000104278,True
343,T,Optimizer-T,-327.3946225661475,-26.830810806356578,816.8365675324142,38.6889443062161,3.170656062831391,-94.28907663684855,16.69312656219282,957.5016637927765,-1.4450662888521038e-11,-1.183192432918645e-12,9.591083482973772e-11,7.549516567451064e-15,9.992007221626409e-16,-9.947598300641403e-14,9.976705266558575e-14,9.700056618385392e-11,179999.99999999997,2.4786340000573546,True
343,A,ESPDI-A,149.43353759693423,266.9408054447325,1377.8991359010897,31.847879224027054,2.173440432592102,-76.42788395903473,23.814123753551595,1207.561562599276,0.0,2.2737367544323206e-13,-9.094947017729282e-13,-2.842170943040401e-14,-2.842170943040401e-14,-6.394884621840902e-14,7.553172887309252e-14,9.374856803373542e-13,180000.0143086117,3.9071868000319228,True
343,A,Optimizer-A,149.43353759693423,266.9408054447325,1377.8991359010897,31.847879224027054,2.173440432592102,-76.42788395903473,22.752198097411117,1177.1512463032395,3.658157167712575e-07,1.8327213079868846e-07,-2.9691209846305355e-07,-5.470290886933071e-12,-1.6297185823077598e-11,-2.1369572777985013e-10,2.1438606862270552e-10,5.055359599257945e-07,180000.00000213739,30.621180899906904,True
344,T,ESPDI-T,-303.3255169871129,143.67678991843673,357.1980068070342,50.491922066352444,-23.91660731798445,-58.33149914649448,11.898696431008329,682.4977685997401,-5.349611812560662e-13,2.2788834621451093e-13,5.377575554993408e-13,8.146538998943242e-13,-3.859829122987435e-13,-2.9517777111465193e-12,3.0863628174958686e-12,7.920225705672138e-13,180000.0,0.5278817000798881,True
344,T,Optimizer-T,-303.3255169871129,143.67678991843673,357.1980068070342,50.491922066352444,-23.91660731798445,-58.33149914649448,11.898696431008329,682.4977686001002,-1.610001021390417e-11,7.6287864914093e-12,5.573141947934346e-11,1.2256862191861728e-13,-5.595524044110789e-14,-3.943512183468556e-13,4.167336552565686e-13,5.850982677637894e-11,180000.00000000003,37.06932010001037,True
344,A,ESPDI-A,-438.73635799938137,-339.79840489254264,1469.397685646326,6.550368304050494,-3.828160566119081,-67.60719461265995,25.336221772238293,1209.507444810668,0.0,4.547473508864641e-13,6.252776074688882e-13,8.526512829121202e-14,8.526512829121202e-14,1.4210854715202004e-14,1.214175959108492e-13,7.731540852509763e-13,180000.0147388958,3.7547528999857605,True
344,A,Optimizer-A,-438.73635799938137,-339.79840489254264,1469.397685646326,6.550368304050494,-3.828160566119081,-67.60719461265995,24.11805797363275,1168.6483261797493,-8.83235638462171e-09,-8.204033295455507e-09,4.40632206277769e-08,3.680611371237319e-12,-7.513989430663059e-13,-1.7280044062317756e-10,1.7284126758387894e-10,4.5682426530451004e-08,180000.00000103223,27.612661099992692,True
345,T,ESPDI-T,240.1061204228986,-117.27244706600041,393.8229829416422,-39.242527183460616,19.16680501002162,-63.19552969291195,12.116562600346997,694.9943622635237,-1.1643261116529857e-11,5.526046742594659e-12,-5.2629523894336117e-11,-6.62914168003681e-13,3.106646884187825e-13,-2.9936608747505034e-12,3.0818781896405802e-12,5.418458736000057e-11,180000.0,0.3833066000370309,True
345,T,Optimizer-T,240.1061204228986,-117.27244706600041,393.8229829416422,-39.242527183460616,19.16680501002162,-63.19552969291195,12.116562600346999,694.9943622638821,8.880651769516135e-11,-4.330591441004117e-11,4.1161740682582604e-10,-5.018208071305708e-13,2.5268676040468563e-13,-2.3998580900297384e-12,2.464750205119005e-12,4.233094487606536e-10,179999.99999999997,18.562109099933878,True
345,A,ESPDI-A,234.03068254132916,-377.2359729882999,1390.460554171906,31.29306274479687,20.291831183005883,-63.689614805647054,24.760025057717066,1207.5788849426262,0.0,4.547473508864641e-13,1.3073986337985843e-12,2.842170943040401e-14,2.842170943040401e-14,1.9895196601282805e-13,2.029716037140716e-13,1.3842277055443811e-12,180000.00426460576,3.9833356000017375,True
345,A,Optimizer-A,234.03068254132916,-377.2359729882999,1390.460554171906,31.29306274479687,20.291831183005883,-63.689614805647054,23.562862392107675,1171.7159838837397,-2.949681056232029e-08,-2.5695839576280562e-08,3.345549544064852e-07,-2.8705926524708048e-12,7.215472663801847e-11,-6.880931380237598e-10,6.918718894952798e-10,3.3683431464565003e-07,180000.00000255328,22.675166200031526,True
346,T,ESPDI-T,-39.961127812284346,471.49148314352425,840.9070076137964,4.600170730740743,-54.27627895636203,-94.44326012589796,17.129896560619983,982.554370283804,1.1995702507522582e-12,-1.4118048134096998e-11,-6.766635114643232e-11,1.03704154638673e-13,-1.2183032360724155e-12,-5.948467413086078e-12,6.0728314558582e-12,6.913387975063639e-11,180000.0,0.5223930000793189,True
346,T,Optimizer-T,-39.961127812284346,471.49148314352425,840.9070076137964,4.600170730740743,-54.27627895636203,-94.44326012589796,17.129896560619983,982.5543702843133,-4.8717696543576494e-12,5.746025877328975e-11,2.7822011361422483e-10,2.7533531010703882e-14,-3.2596148002994596e-13,-1.538325022920617e-12,1.5727214813618294e-12,2.8413350224387605e-10,180000.0,2.099311599973589,True
346,A,ESPDI-A,-307.0298395810679,-44.9799125536461,1540.904276247989,-7.1569722505715205,15.611856163260484,-99.97543741188136,23.948657355431248,1248.4606410439774,-6.821210263296962e-13,-8.526512829121202e-14,-2.0747847884194925e-12,0.0,-2.1316282072803006e-14,-2.8421709430404007e-13,2.850153339314201e-13,2.1857015246644526e-12,180000.0008271117,3.776869500055909,True
346,A,Optimizer-A,-307.0298395810679,-44.9799125536461,1540.904276247989,-7.1569722505715205,15.611856163260484,-99.97543741188136,22.9545337482308,1217.0458584536773,-5.250885259157512e-08,1.0224470008049338e-08,2.0636587905187298e-07,2.334594739750173e-10,-6.814171449320838e-11,-2.2783908093515493e-10,3.3325255594539974e-10,2.1318676184107102e-07,180000.0000128369,14.442243699915707,True
347,T,ESPDI-T,342.1197725765681,310.177192467384,445.7426854552882,-50.6129697291096,-45.88740584848366,-64.51463806924511,13.371863074205494,766.9971885645555,-2.414155572498522e-12,-2.9931370966809756e-12,-9.853654567640313e-12,-2.53408405370692e-12,-2.3914759061938184e-12,-9.966416580908799e-12,1.0557944803103068e-11,1.0577406352510633e-11,180000.0,0.5805163000477478,True
347,T,Optimizer-T,342.1197725765681,310.177192467384,445.7426854552882,-50.6129697291096,-45.88740584848366,-64.51463806924511,13.371863074205496,766.997188564972,-1.4440004747484636e-11,-1.3226753026174265e-11,-5.581579642921497e-11,-1.5925039065223245e-12,-1.4450662888521038e-12,-6.09823302966106e-12,6.466276467605972e-12,5.915119494778069e-11,180000.00000000003,22.36793820001185,True
347,A,ESPDI-A,406.82039374207193,-383.67026355903033,919.577794052444,-23.35196407305153,43.7122991147655,-68.61743836753675,19.488146138282154,988.1213526304764,-1.1368683772161603e-13,5.684341886080802e-14,-1.1368683772161603e-13,0.0,7.105427357601002e-15,-1.4210854715202004e-14,1.5888218580782548e-14,1.7053025658242404e-13,180000.0277381444,3.838288800092414,True
347,A,Optimizer-A,406.82039374207193,-383.67026355903033,919.577794052444,-23.35196407305153,43.7122991147655,-68.61743836753675,18.690385408943776,959.1104731448104,4.0683773262195746e-08,1.5534164067987094e-08,-4.8933639362758186e-08,-2.809308341511496e-12,2.441158386545794e-12,-1.9682033780554775e-11,2.003082428071267e-11,6.550557778865379e-08,180000.00000001022,22.50352919998113,True
348,T,ESPDI-T,69.42378230628297,425.86679564006295,745.9827633353304,-8.44584640127708,-51.80941492803842,-88.64162321661996,16.221565099414754,930.4533524104518,1.0210183664250555e-12,7.328197727460295e-12,3.323949362282752e-11,-2.011099620169432e-13,-1.2210787936339784e-12,-5.797334834412027e-12,5.9279481964143536e-12,3.405303065425048e-11,180000.0,0.6278495999285951,True
348,T,Optimizer-T,69.42378230628297,425.86679564006295,745.9827633353304,-8.44584640127708,-51.80941492803842,-88.64162321661996,16.221565099414754,930.4533524109356,1.3356926675811565e-11,8.214184887833653e-11,3.9259795414636756e-10,-7.838174553853605e-14,-4.760636329592671e-13,-2.220446049250313e-12,2.2722589945451567e-12,4.0132137300085055e-10,180000.0,1.955044100061059,True
348,A,ESPDI-A,-346.2942713080828,186.7160932632636,1757.295839611243,29.744454827583937,-9.48398513291749,-76.07708305816779,27.47916084722781,1258.505303714257,-5.684341886080802e-14,-1.7053025658242404e-13,-1.1368683772161603e-13,7.105427357601002e-15,-7.105427357601002e-15,4.263256414560601e-14,4.3800795900274466e-14,2.1268859807002749e-13,180000.08100687212,3.7985086999833584,True
348,A,Optimizer-A,-346.2942713080828,186.7160932632636,1757.295839611243,29.744454827583937,-9.48398513291749,-76.07708305816779,25.164745992957222,1181.005868274955,1.1369258947841725e-07,2.973973299412005e-07,1.0639157110858832e-07,-4.429789868254375e-12,-1.1368683772161603e-13,1.9905854742319207e-11,2.0393111974298387e-11,3.356938235377842e-07,180000.000000024,35.862979399971664,True
349,T,ESPDI-T,-92.33576898868561,-3.452309964032305,571.5242461621997,13.076584143134653,0.4889158581479123,-79.38068575615948,13.961606784617231,800.8243198587716,-2.373178463097557e-12,-8.828732787097174e-14,4.0563389507117936e-11,2.112823804800712e-13,7.6777776844561e-15,-3.2904512448084233e-12,3.297236507597355e-12,4.0632848029348596e-11,180000.0,0.6058341000461951,True
349,T,Optimizer-T,-92.33576898868561,-3.452309964032305,571.5242461621997,13.076584143134653,0.4889158581479123,-79.38068575615948,13.961606784617231,800.8243198591954,-3.883005028626485e-12,-1.4453022112448366e-13,6.425793230846466e-11,-4.1744385725905886e-14,-1.5404344466674047e-15,6.767919558114954e-13,6.780798759210208e-13,6.437530956505284e-11,180000.0,21.518434400088154,True
349,A,ESPDI-A,15.443997854696931,8.045629113303619,1434.6059142341087,9.214816841390878,-23.554688693966376,-77.7017888561785,24.384601147891708,1176.2713900578856,0.0,-4.547473508864641e-13,-1.4210854715202004e-12,-1.4210854715202004e-14,0.0,-1.8474111129762605e-13,1.8528687647866062e-13,1.492072072824918e-12,180000.068199557,4.2420501000015065,True
349,A,Optimizer-A,15.443997854696931,8.045629113303619,1434.6059142341087,9.214816841390878,-23.554688693966376,-77.7017888561785,22.615426591055986,1121.0410971852689,-1.6541676815716094e-07,3.8411894771345333e-07,4.0396362521732954e-07,1.7847945343874017e-12,-3.675282300719118e-12,1.262634441445698e-11,1.3270936846826125e-11,5.814608186961334e-07,180000.00000003376,20.451112400041893,True
350,T,ESPDI-T,26.271865334350384,272.47611188136824,603.9839470982854,-3.5694768639829135,-37.02048426979778,-80.36812519189823,14.545606346750398,834.3219723394595,-1.6855387325134287e-12,-1.761718299454068e-11,-1.0626764160477642e-10,-7.728453293998072e-14,-8.162845399617424e-13,-4.915207130196109e-12,4.983126978308196e-12,1.077312295934802e-10,180000.0,0.6187433000886813,True
350,T,Optimizer-T,26.271865334350384,272.47611188136824,603.9839470982854,-3.5694768639829135,-37.02048426979778,-80.36812519189823,14.5456063467504,834.3219723398943,3.485406407932601e-12,3.607181220388611e-11,2.169677770780254e-10,-3.425038030968608e-14,-3.5704772471945034e-13,-2.2097879082139116e-12,2.238709173958759e-12,2.1997349836669098e-10,180000.00000000003,9.998784800060093,True
350,A,ESPDI-A,332.7884079600731,253.90929353370825,1695.661021192762,-11.819420752163474,32.13096605606722,-89.4712134262476,25.916670156691637,1323.5682437279083,1.1368683772161603e-13,-6.821210263296962e-13,-1.2505552149377763e-12,1.4210854715202004e-14,0.0,-1.3500311979441904e-13,1.3574899906062966e-13,1.4290213914565055e-12,180000.0076082454,3.8755660000024363,True
350,A,Optimizer-A,332.7884079600731,253.90929353370825,1695.661021192762,-11.819420752163474,32.13096605606722,-89.4712134262476,24.816505882080968,1292.2369568611448,-2.7708903904456638e-08,-9.598249422082507e-09,7.383826527984638e-08,2.2002311084179382e-10,7.862279716164267e-10,-5.849898343512905e-11,8.185271673680259e-10,7.944809102232657e-08,180000.00001937794,26.382141300011426,True
351,T,ESPDI-T,353.5217805018962,48.89270809915696,1118.363727073546,-36.21881213002088,-5.009127886426839,-111.60015657028133,19.213024441296458,1102.0405794255566,-5.0915267824341165e-12,-6.125573003478921e-13,-4.123176431357345e-11,-6.926542672758274e-13,-9.041725701486314e-14,-5.695222071722128e-12,5.737900283254528e-12,4.154945559008592e-11,180000.0,0.587176000000909,True
351,T,Optimizer-T,353.5217805018962,48.89270809915696,1118.363727073546,-36.21881213002088,-5.009127886426839,-111.60015657028133,19.213024441296458,1102.0405794261387,-3.679812010659589e-11,-5.0782711369379285e-12,-3.043751917175541e-10,4.933831121434196e-13,6.900036098045348e-14,4.142464149481384e-12,4.172313168363838e-12,3.066335725490892e-10,180000.00000000003,2.5128815999487415,True
351,A,ESPDI-A,75.82848941909981,489.21067531270387,1251.1588843867817,25.864810202043756,-4.952995805571739,-63.873285336473344,23.405991584578704,1154.5465336189754,-2.2737367544323206e-13,2.2737367544323206e-13,-5.684341886080801e-13,-2.842170943040401e-14,1.1368683772161603e-13,-4.263256414560601e-14,1.24699744040301e-13,6.53081161378626e-13,180000.00706824695,3.775061099906452,True
351,A,Optimizer-A,75.82848941909981,489.21067531270387,1251.1588843867817,25.864810202043756,-4.952995805571739,-63.873285336473344,22.45013647987923,1123.1634142451167,1.9189948008737985e-09,7.07775125078571e-09,6.834437371594504e-08,-9.852474391891519e-11,-8.143175023178628e-11,1.425135565114033e-10,1.9143763710312762e-10,6.873667523555775e-08,180000.00003153642,29.943465700023808,True
352,T,ESPDI-T,286.247262982459,218.91876700695482,902.6024549913438,-32.2761310330562,-24.68443099120415,-99.31548661496821,17.48314367982808,1002.8162848575321,-5.778637767947514e-12,-4.33561827661421e-12,-4.931057130544772e-11,-7.696968062909093e-13,-5.92904197960209e-13,-6.6169708601293564e-12,6.6879198503999955e-12,4.983696101051212e-11,180000.0,0.5646300000371411,True
352,T,Optimizer-T,286.247262982459,218.91876700695482,902.6024549913438,-32.2761310330562,-24.68443099120415,-99.31548661496821,17.48314367982808,1002.8162848580541,2.5489832466973894e-11,1.9593882072399538e-11,2.1454837906276225e-10,-1.5587531265737198e-13,-1.1235457009206584e-13,-1.2470025012589758e-12,1.2617194223212815e-12,2.1694390687991265e-10,180000.0,12.434950900031254,True
352,A,ESPDI-A,-358.83763976607156,264.0543350164114,1458.1079686683095,26.031777516139755,1.888280391614515,-77.3206798602119,24.637781861917333,1183.6490481267629,0.0,1.1368683772161603e-13,0.0,-1.4210854715202004e-14,5.684341886080802e-14,0.0,5.859285502108464e-14,1.1368683772161603e-13,180000.0272074659,3.985655299969949,True
352,A,Optimizer-A,-358.83763976607156,264.0543350164114,1458.1079686683095,26.031777516139755,1.888280391614515,-77.3206798602119,23.036974371268162,1131.1640126172479,-1.3996942108631268e-08,1.7906880601484866e-07,1.9592196309758947e-08,-5.015543536046607e-12,-1.078293010436937e-10,-2.3166180085354426e-10,2.5557680609797266e-10,1.806803969228981e-07,180000.00001067703,16.210833900026046,True
353,T,ESPDI-T,218.56005354189423,-258.5576923231455,1130.4167987457852,-22.302987229505867,26.38455114062397,-112.35195579137572,19.28827144539053,1106.3566751160215,-3.9337964851705876e-12,4.916587265351574e-12,-5.4697166392524144e-11,-3.7354147552903783e-13,4.557881849720502e-13,-5.13229736487375e-12,5.166019003545241e-12,5.5058401688534605e-11,180000.0,0.7278307999949902,True
353,T,Optimizer-T,218.56005354189423,-258.5576923231455,1130.4167987457852,-22.302987229505867,26.38455114062397,-112.35195579137572,19.28827144539053,1106.3566751165927,2.386957298483594e-11,-2.8233637650032506e-11,3.221565236799506e-10,7.283063041541027e-14,-8.79296635503124e-14,9.521272659185342e-13,9.589485163262314e-13,3.242710603168009e-10,180000.0,6.426293999888003,True
353,A,ESPDI-A,-9.004718602251842,-292.8836520442393,1419.9113515745917,0.37031237885629054,13.627176936284926,-92.71864307430522,23.309476990507452,1174.1499099918674,3.552713678800501e-15,1.1368683772161603e-13,-3.979039320256561e-13,4.440892098500626e-16,-1.4210854715202004e-14,-2.1316282072803006e-14,2.5622831388630473e-14,4.13841585594177e-13,180000.03033580727,4.343865599948913,True
353,A,Optimizer-A,-9.004718602251842,-292.8836520442393,1419.9113515745917,0.37031237885629054,13.627176936284926,-92.71864307430522,22.00544877191836,1129.7631686161149,-1.1039986436357939e-09,-1.1866586533647522e-07,-3.35899205339274e-07,-4.324318680914985e-14,2.814637412029697e-12,-7.223128761779662e-10,7.223183613519875e-10,3.5624581759876896e-07,180000.0000050623,15.807590899989009,True
354,T,ESPDI-T,482.98487133712047,82.6993273549138,1061.7159046689235,-50.23267598104009,-8.601115193046574,-107.53385659045537,18.930701950015354,1085.8468332078828,-1.75206161021459e-11,-3.1592569187756164e-12,-1.0773440912168267e-10,-1.0432592290054998e-12,-1.86465426432747e-13,-6.521144735316398e-12,6.60670022273636e-12,1.091954935044286e-10,180000.0,0.7865033999551088,True
354,T,Optimizer-T,482.98487133712047,82.6993273549138,1061.7159046689235,-50.23267598104009,-8.601115193046574,-107.53385659045537,18.930701950015354,1085.8468332084449,5.88835646908592e-11,1.006661420888122e-11,3.4299674211979436e-10,-1.7053025658242404e-13,-2.7644553313166398e-14,-1.0409451078885468e-12,1.0551831629508928e-12,3.481599862378297e-10,180000.0,2.9032116000307724,True
354,A,ESPDI-A,30.36163255208021,219.34882375782593,1654.9954145575332,-23.31487789646578,17.403716451200197,-90.91702751502343,25.51477336824322,1283.9115525287252,3.979039320256561e-13,4.547473508864641e-13,2.2737367544323206e-13,7.105427357601002e-14,0.0,2.842170943040401e-14,7.652779469160725e-14,6.456171315449266e-13,180000.02188540294,3.9649381999624893,True
354,A,Optimizer-A,30.36163255208021,219.34882375782593,1654.9954145575332,-23.31487789646578,17.403716451200197,-90.91702751502343,24.113333432406677,1244.0457826486218,-7.162539894578788e-08,1.1839773561176242e-07,8.331951306672636e-08,8.181677557672629e-11,-1.0819611873102986e-10,-3.7903902239122544e-11,1.4084420711972667e-10,1.6152511516730905e-07,180000.00001750913,21.873788599972613,True
355,T,ESPDI-T,-443.1048300182254,-190.1736048870392,1188.958974375682,43.88011559067154,18.83265358311428,-114.55394534125361,19.865864372391055,1139.4868491752204,7.059834813104293e-12,3.682688621284638e-12,-5.426668576308247e-11,8.804346141033648e-13,4.057795766065908e-13,-6.455017076412162e-12,6.5274089523542935e-12,5.484775881272448e-11,180000.0,0.9317721000406891,True
355,T,Optimizer-T,-443.1048300182254,-190.1736048870392,1188.958974375682,43.88011559067154,18.83265358311428,-114.55394534125361,19.865864372391055,1139.4868491758098,-1.092015367021304e-11,-4.7628567756419216e-12,7.781864042044617e-11,-1.98507876802978e-13,-8.79296635503124e-14,1.4317436125566019e-12,1.4481114511602781e-12,7.872531586302493e-11,180000.0,21.361817199969664,True
355,A,ESPDI-A,237.09263860732096,333.2943116869146,1163.8215427567256,7.324261456683772,3.0346237141147867,-74.01295338130582,21.879947763137757,1117.2846976809215,-1.1368683772161603e-13,-1.1368683772161603e-12,-5.115907697472721e-13,-5.684341886080802e-14,-2.842170943040401e-14,-5.684341886080802e-14,8.526512829121202e-14,1.2518464442078561e-12,180000.00950987765,3.9645654000341892,True
355,A,Optimizer-A,237.09263860732096,333.2943116869146,1163.8215427567256,7.324261456683772,3.0346237141147867,-74.01295338130582,21.050006255985625,1090.9689666552622,1.7188772924514325e-07,1.9740413039291075e-07,-2.7705278071721295e-07,-1.5844658918240384e-10,-1.793498682900463e-10,7.564437964902027e-11,2.509855953071401e-10,3.8114567485985335e-07,180000.0000110959,38.68990459991619,True
356,T,ESPDI-T,183.25768647710942,142.90348411688097,815.2795975836311,-21.824012822320874,-17.01826280618628,-94.88703449488776,16.566378876391394,950.2315385952625,-1.8717840591288976e-12,-1.5502738253281995e-12,-2.141243974664031e-11,1.0389612781214197e-11,8.071345675153552e-12,1.2238154933896794e-10,1.2308669421735898e-10,2.1549930403623314e-11,180000.0,0.6060236999765038,True
356,T,Optimizer-T,183.25768647710942,142.90348411688097,815.2795975836311,-21.824012822320874,-17.01826280618628,-94.88703449488776,16.566378876391394,950.2315385957627,1.580957587066223e-11,1.2369882895768569e-11,1.8707169147091918e-10,1.0786704862653096e-11,8.412603946794661e-12,1.2720846598313074e-10,1.2794185681293257e-10,1.8814562031005673e-10,180000.0,14.284948199987411,True
356,A,ESPDI-A,72.4171453712803,320.34836840380876,1577.025961243089,-29.60107812130705,-30.650523666992555,-98.5247283212802,24.381877202534326,1248.485388631574,4.547473508864641e-13,-4.263256414560601e-13,-5.684341886080801e-13,-1.4210854715202004e-14,-4.973799150320701e-14,-9.947598300641403e-14,1.1212175250861022e-13,8.436030657126042e-13,180000.04237853407,3.9838601999217644,True
356,A,Optimizer-A,72.4171453712803,320.34836840380876,1577.025961243089,-29.60107812130705,-30.650523666992555,-98.5247283212802,23.071215714393958,1206.8052471803112,-1.556592025852037e-08,-5.762808086774797e-09,-2.3827855244462626e-08,-3.3084646133829665e-13,2.362554596402333e-13,4.085620730620576e-12,4.1057974594062115e-12,2.903918931531452e-08,180000.00000000026,29.101642600027844,True
357,T,ESPDI-T,56.715260472788955,-243.19936200906298,1134.8840578043898,-5.797728986623014,24.861104029041087,-113.02275299861947,19.25484852189824,1104.439568411448,-1.4875096224491614e-12,5.597934957376691e-12,-7.114096715421601e-11,9.033225556454028e-13,-3.917616231419174e-12,4.7421941373748666e-11,4.759206060081316e-11,7.137637402040776e-11,180000.0,1.0068376999115571,True
357,T,Optimizer-T,56.715260472788955,-243.19936200906298,1134.8840578043898,-5.797728986623014,24.861104029041087,-113.02275299861947,19.25484852189824,1104.4395684120318,-1.1547152123370097e-11,4.94904117687156e-11,-6.017124576374044e-10,1.1239897901305085e-12,-4.82014428371258e-12,5.847056172569864e-11,5.867967052125343e-11,6.038547170100126e-10,179999.99999999994,2.9787699000444263,True
357,A,ESPDI-A,349.7815331061719,40.43062029511077,1074.3471421605436,-33.67647455183482,-33.83502363526341,-77.65872211098315,20.60121470214375,1065.7034105300809,-5.684341886080802e-14,3.410605131648481e-13,-1.1368683772161603e-13,1.4210854715202004e-14,-1.4210854715202004e-14,4.263256414560601e-14,4.713207304057789e-14,3.639754730461873e-13,180000.01463031172,4.014582000090741,True
357,A,Optimizer-A,349.7815331061719,40.43062029511077,1074.3471421605436,-33.67647455183482,-33.83502363526341,-77.65872211098315,19.601936170430502,1035.2600980832958,1.659744319552738e-08,8.939644751103265e-08,2.0678917067584734e-07,-9.462652883485134e-12,-4.169997680492088e-11,-4.056062152812956e-10,4.078539343195563e-10,2.2589590757033712e-07,180000.0000062728,15.713299499941058,True
358,T,ESPDI-T,-317.96115603489477,268.98088501294245,589.6733150292198,42.725245722085546,-36.14364267017818,-77.50472737742595,14.705380987544757,843.4864918692456,1.3165788493869467e-11,-1.1459555154032675e-11,-7.036980008846404e-11,1.344743760789413e-12,-1.1666986821090575e-12,-7.2070266421420115e-12,7.42366180651852e-12,7.250219414255003e-11,180000.0,0.4635782999685034,True
358,T,Optimizer-T,-317.96115603489477,268.98088501294245,589.6733150292198,42.725245722085546,-36.14364267017818,-77.50472737742595,14.705380987544757,843.4864918696912,-8.275602425555917e-12,7.041922600592443e-12,4.3087311496492475e-11,6.301625887772389e-13,-5.204725539442734e-13,-3.2365221613872563e-12,3.3381240643293267e-12,4.443636665406359e-11,180000.0,8.742310800007544,True
358,A,ESPDI-A,-117.96312152582834,120.08038919692956,1213.0820976873572,17.511702701549737,-7.211968394745085,-75.92131232851801,22.2987833282713,1079.9393106552652,-2.984279490192421e-13,1.7053025658242404e-13,-5.684341886080802e-14,-5.1514348342607263e-14,2.1316282072803006e-14,-2.842170943040401e-14,6.257719659362428e-14,3.4838338570271113e-13,180000.06719791368,5.050571599975228,True
358,A,Optimizer-A,-117.96312152582834,120.08038919692956,1213.0820976873572,17.511702701549737,-7.211968394745085,-75.92131232851801,20.659248596387343,1024.3239104905279,1.7882032536772813e-07,1.8066469983200187e-07,-1.1522916310013898e-07,5.822778370578874e-11,1.3466561199493299e-11,-1.3362466688704444e-10,1.463809231645347e-10,2.790953288014078e-07,180000.00000159699,19.875432400032878,True
359,T,ESPDI-T,169.02566556890199,-52.54007205591989,661.2659153391412,-22.245397825845217,6.9147771183073345,-85.2243211546905,15.010222672288567,860.9719173375051,-3.667158983704406e-12,1.0601365908725034e-12,-3.5176833397109614e-11,-4.735517533660527e-13,1.3828001244053922e-13,-4.6403436648745355e-12,4.666493539382419e-12,3.538335134566929e-11,180000.0,0.5214920999715105,True
359,T,Optimizer-T,169.02566556890199,-52.54007205591989,661.2659153391412,-22.245397825845217,6.9147771183073345,-85.2243211546905,15.010222672288567,860.9719173379708,-5.217848375593803e-11,1.6224355192662188e-11,-5.455262908071745e-10,2.7555735471196385e-13,-8.504308368628699e-14,2.8617108682738035e-12,2.876204665077771e-12,5.482561060584007e-10,180000.0,41.61198599997442,True
359,A,ESPDI-A,296.97418017628024,-428.10972857913055,1003.8012490881754,-35.96792151597261,20.93090848854365,-69.25286086789808,20.400102888189448,1020.1191491845148,-3.694822225952521e-13,-5.684341886080801e-13,-1.4210854715202004e-13,-6.039613253960852e-14,0.0,-5.684341886080802e-14,8.293893593196879e-14,6.926971768140186e-13,180000.0182423979,4.6152653999160975,True
359,A,Optimizer-A,296.97418017628024,-428.10972857913055,1003.8012490881754,-35.96792151597261,20.93090848854365,-69.25286086789808,19.45422952010168,987.0929014085777,-7.931491844207494e-08,-1.3414860455785168e-07,-9.889262742035498e-08,-1.3381296071202087e-11,-5.789502210973296e-11,-5.973710415219102e-10,6.00319126730611e-10,1.845710057143131e-07,180000.00000957245,26.12833600002341,True
360,T,ESPDI-T,372.3275542201548,-315.5124931237963,703.926214962934,-46.05174836645561,39.02451423516908,-85.02269435992051,15.958932095372242,915.388976219414,-1.4658317081298576e-11,1.2976291699148823e-11,-7.78556451350599e-11,-9.166521708348085e-13,8.609016277638659e-13,-4.948270959648227e-12,5.105564445296977e-12,8.027921203719967e-11,180000.0,0.527371000032872,True
360,T,Optimizer-T,372.3275542201548,-315.5124931237963,703.926214962934,-46.05174836645561,39.02451423516908,-85.02269435992051,15.95893209537224,915.3889762199105,-1.0585754495195943e-10,8.972733667178545e-11,-5.556675120033105e-10,5.759837051755312e-13,-4.867217739956686e-13,2.9984903449076228e-12,3.0918602268559068e-12,5.727330954863856e-10,180000.0,2.096332799992524,True
360,A,ESPDI-A,33.88318595364058,-41.03895897598318,926.2412673138089,-30.089816875859704,-5.786492966017114,-70.96794630420528,19.30708191962358,988.1579355565063,1.1368683772161603e-13,8.526512829121202e-14,2.2737367544323206e-13,-2.842170943040401e-14,7.105427357601002e-15,2.1316282072803006e-14,3.6230712748823524e-14,2.6812987050722663e-13,180000.0420332632,5.489749599946663,True
360,A,Optimizer-A,33.88318595364058,-41.03895897598318,926.2412673138089,-30.089816875859704,-5.786492966017114,-70.96794630420528,18.180514335265343,954.5369838017996,-1.934807984335536e-07,-8.61387771923395e-08,-8.925132455317453e-08,1.7776002891878306e-11,3.1312730186527915e-12,-2.114219910254178e-10,2.1219106823493128e-10,2.2982712466802737e-07,180000.00000994594,24.52863489999436,True
361,T,ESPDI-T,104.93174702997692,284.90421121954756,692.5377816489131,-13.374093410525141,-36.31251400792629,-86.34335839144612,15.493134370573069,888.67126729747,2.1974022536459803e-12,6.870206064202994e-12,4.362778237634868e-11,-2.942021626317626e-13,-7.318382011511915e-13,-4.86859164094966e-12,4.932071231388119e-12,4.4220037348548e-11,180000.0,0.7570190000114962,True
361,T,Optimizer-T,104.93174702997692,284.90421121954756,692.5377816489131,-13.374093410525141,-36.31251400792629,-86.34335839144612,15.493134370573069,888.6712672979484,-3.3159253121084475e-11,-9.007594670151775e-11,-5.91285242990125e-10,2.013944566670034e-13,5.46229728115577e-13,3.5704772471945034e-12,3.6176282860165518e-12,5.990254175071489e-10,180000.0,1.8987530000740662,True
361,A,ESPDI-A,156.7317451270941,72.39497273746736,1725.8927241835543,30.74992535291885,-23.24702925792483,-61.79191143779463,28.019020840771546,1296.404294806749,1.1368683772161603e-12,-1.7053025658242404e-13,-1.8189894035458565e-12,8.526512829121202e-14,-2.1316282072803006e-14,-1.8474111129762605e-13,2.045820231286366e-13,2.1518068514009997e-12,180000.06890274255,4.676884099957533,True
361,A,Optimizer-A,156.7317451270941,72.39497273746736,1725.8927241835543,30.74992535291885,-23.24702925792483,-61.79191143779463,26.135854865683207,1241.8066787944135,1.4891384030987724e-07,-8.11139452665831e-08,-3.203324823175535e-07,-6.203038083185675e-12,4.885603033244479e-11,1.0712426501413574e-09,1.0723740974413663e-09,3.62446828073128e-07,180000.0000179436,56.39311239996459,True
362,T,ESPDI-T,361.18451177960253,-323.2860642319224,543.5155838209593,-49.4429891110764,44.25502432212646,-72.73445595255822,14.438077919558276,828.1542453077473,1.2820147504352675e-12,-3.984528635855855e-13,2.9844603893249e-12,-9.472006512467601e-13,8.8348078852718e-13,-4.234099182376383e-12,4.4277898847640965e-12,3.2725113170594976e-12,180000.0,0.4515207000076771,True
362,T,Optimizer-T,361.18451177960253,-323.2860642319224,543.5155838209593,-49.4429891110764,44.25502432212646,-72.73445595255822,14.438077919558275,828.1542453081929,-2.3855140085515814e-11,2.12665440812998e-11,-1.0318679244392115e-10,1.3322676295501878e-13,-1.234568003383174e-13,5.773159728050814e-13,6.052145771320495e-13,1.0802244091172127e-10,180000.00000000003,3.024268400040455,True
362,A,ESPDI-A,422.94861495268174,74.38259754496585,1661.814551193756,-6.534543583211999,-35.02193497206345,-88.88545686563683,25.702019461341372,1285.1888702284323,-2.2737367544323206e-13,-2.2737367544323206e-13,-1.9895196601282805e-12,8.526512829121202e-14,-8.526512829121202e-14,-1.2079226507921703e-13,1.7067822212573437e-13,2.0153377023729987e-12,180000.00897553712,3.870317899971269,True
362,A,Optimizer-A,422.94861495268174,74.38259754496585,1661.814551193756,-6.534543583211999,-35.02193497206345,-88.88545686563683,24.33783016567962,1245.396134331535,-3.016679375229689e-08,4.458386200832954e-08,9.054339145109225e-08,1.0732037480920553e-10,-1.0903011826712827e-10,4.601830028150289e-11,1.5975892306638432e-10,1.0533689729784676e-07,180000.00001106854,20.61088649998419,True
363,T,ESPDI-T,242.7703327505775,-294.7737759123972,497.9445254895369,-35.139040916051414,42.666118447868925,-70.58141124421022,13.663893635819454,783.747780347454,4.529887315946057e-12,-5.266087425067484e-12,2.5971933262890212e-11,-8.053765987448003e-13,1.0310988174389024e-12,-4.77658190778385e-12,4.952527734288587e-12,2.688480748072498e-11,180000.0,0.6032908000051975,True
363,T,Optimizer-T,242.7703327505775,-294.7737759123972,497.9445254895369,-35.139040916051414,42.666118447868925,-70.58141124421022,13.663893635819456,783.7477803478614,7.489653341963276e-11,-9.098322095724143e-11,4.360050098739521e-10,-5.31574784190525e-13,6.532552276894421e-13,-3.154809746774845e-12,3.2652930468851256e-12,4.5165009227190183e-10,180000.0,19.252916399971582,True
363,A,ESPDI-A,-148.31952456398733,93.4209065667128,1223.877992295375,34.17703849188405,-33.45964580308511,-64.51686582006803,23.084769391931346,1113.3770003753561,3.410605131648481e-13,5.684341886080801e-13,-1.1368683772161603e-13,1.4210854715202004e-14,4.263256414560601e-14,-1.4210854715202004e-14,4.713207304057789e-14,6.725804022493794e-13,180000.08324381497,3.8575751000316814,True
363,A,Optimizer-A,-148.31952456398733,93.4209065667128,1223.877992295375,34.17703849188405,-33.45964580308511,-64.51686582006803,21.373374034590327,1065.1970369065184,-4.2766539094762734e-08,4.862461327110946e-08,6.310536804221556e-08,-3.6362024502523127e-12,5.086153720412767e-12,-3.8131275914565776e-11,3.864045976434071e-11,9.041912053129196e-08,180000.00000022317,24.81569550000131,True
364,T,ESPDI-T,516.4650769996356,-6.4906017192072385,1074.6153244836646,-53.332885149118304,0.6702534817071353,-108.03933414579751,19.064062499431095,1093.496265893491,-1.2126537296021367e-11,1.549818902566954e-13,-6.959157588300874e-11,-1.2634615575990438e-12,1.605551629146884e-14,-7.115641409427553e-12,7.22695963422338e-12,7.064038759844589e-11,180000.0,0.5905306999338791,True
364,T,Optimizer-T,516.4650769996356,-6.4906017192072385,1074.6153244836646,-53.332885149118304,0.6702534817071353,-108.03933414579751,19.064062499431095,1093.4962658940713,-1.1788525711153852e-10,1.481925693269659e-12,-6.516209793971939e-10,7.540634783254063e-13,-9.409140133698202e-15,4.227729277772596e-12,4.2944609798434386e-12,6.622001440188397e-10,179999.99999999997,7.0234445000533015,True
364,A,ESPDI-A,141.2296559653189,146.60450693835242,1331.304161674628,24.80507284449496,9.969519062342762,-63.74097253613594,24.22015194541104,1163.1205571470946,-4.547473508864641e-13,3.410605131648481e-13,-8.526512829121202e-13,2.842170943040401e-14,5.684341886080802e-14,-2.842170943040401e-14,6.961868572213853e-14,1.0247593068766006e-12,180000.03213539819,3.9714112000074238,True
364,A,Optimizer-A,141.2296559653189,146.60450693835242,1331.304161674628,24.80507284449496,9.969519062342762,-63.74097253613594,22.796579369222297,1121.1144326672056,2.299788673056314e-07,1.2360525986290482e-07,-1.9235829640251723e-07,3.504752044136694e-12,1.978861519091879e-12,-8.08597633294994e-12,9.032286148016432e-12,3.242996359354048e-07,180000.00000000908,40.476831699954346,True
365,T,ESPDI-T,-229.58168782036262,469.23984917195696,988.3813657309906,24.562509167784356,-50.20308111940657,-103.01438957725037,18.411039863336008,1056.0395163609483,4.752641463430345e-12,-9.560450629948758e-12,-5.018622225693575e-11,6.052172651926924e-13,-1.2567724638756772e-12,-6.767808535812492e-12,6.9100649303360304e-12,5.130932392411889e-11,180000.0,0.7198430999414995,True
365,T,Optimizer-T,-229.58168782036262,469.23984917195696,988.3813657309906,24.562509167784356,-50.20308111940657,-103.01438957725037,18.411039863336008,1056.0395163615103,4.318456703344964e-11,-8.814105001420103e-11,-4.978613077355476e-10,-2.575717417130363e-13,5.151434834260726e-13,3.0020430585864233e-12,3.05679219710015e-12,5.07444216902333e-10,180000.0,9.16237270005513,True
365,A,ESPDI-A,124.80110003948641,-371.5365394213221,1093.320513326273,-33.69223835797481,4.81652636776267,-61.384328196245136,21.86691029285837,1067.0452005326224,-1.1368683772161603e-13,0.0,-1.2505552149377763e-12,-4.263256414560601e-14,-2.842170943040401e-14,-1.1368683772161603e-13,1.24699744040301e-13,1.255712165537632e-12,180000.00141312554,3.9899892000248656,True
365,A,Optimizer-A,124.80110003948641,-371.5365394213221,1093.320513326273,-33.69223835797481,4.81652636776267,-61.384328196245136,20.652715391603664,1031.9614866683714,1.2931650950665272e-07,1.234047109928271e-07,1.9338845191896326e-07,-7.075584562699078e-11,-2.4064306103355193e-11,-1.3157475109437655e-10,1.5131885422568356e-10,2.6334497462799734e-07,180000.0000017704,32.11566670006141,True
366,T,ESPDI-T,306.08644371558324,-439.78723651803324,780.1599040644646,-36.08185505579765,51.84267271300129,-89.71686846260876,16.733747117800103,959.8316197434997,-1.6269262277440397e-12,2.785195115989278e-12,-1.7635250410593523e-11,-9.007933288174286e-13,1.3565884526833827e-12,-6.880489233918041e-12,7.07056524962877e-12,1.792780683265499e-11,180000.0,0.6682542000198737,True
366,T,Optimizer-T,306.08644371558324,-439.78723651803324,780.1599040644646,-36.08185505579765,51.84267271300129,-89.71686846260876,16.733747117800103,959.8316197440145,-7.369660437461789e-11,1.0590461840820353e-10,-5.187814622331643e-10,2.4913404672588513e-13,-3.588240815588506e-13,1.737276988933445e-12,1.791355305633761e-12,5.345850570800836e-10,180000.0,2.8206536000361666,True
366,A,ESPDI-A,58.11119785639096,30.184502582949676,1695.9118188479756,14.396594207771983,6.026141343403111,-62.06291977928967,27.881817200220386,1235.036999798609,-2.2737367544323206e-13,0.0,-3.410605131648481e-13,-4.263256414560601e-14,-7.105427357601002e-15,-4.263256414560601e-14,6.07087979554246e-14,4.0990372275064023e-13,180000.09793575926,3.8884525999892503,True
366,A,Optimizer-A,58.11119785639096,30.184502582949676,1695.9118188479756,14.396594207771983,6.026141343403111,-62.06291977928967,25.4458098170211,1156.6581482533056,-5.7596058380849644e-08,-1.7156541560798226e-07,-3.634543688235681e-08,-6.03286309797113e-11,-2.5922375357367855e-11,6.369660354721418e-11,9.148098470996819e-11,1.8458870105160637e-07,180000.000002474,22.85063449991867,True
367,T,ESPDI-T,-301.2128233747396,-63.08538030308904,347.18444628003283,51.14735809300116,10.712195120527696,-57.86944155904498,11.666667828932642,669.188831432868,-9.68876704126459e-12,-2.0794418433261325e-12,3.36385787931201e-11,7.64333041303189e-13,1.511395175679553e-13,-2.4910906670783106e-12,2.610092117800274e-12,3.506779531679487e-11,180000.0,0.3785141999833286,True
367,T,Optimizer-T,-301.2128233747396,-63.08538030308904,347.18444628003283,51.14735809300116,10.712195120527696,-57.86944155904498,11.666667828932642,669.1888314332318,1.0521450377609654e-10,2.2037816016506895e-11,-3.5435299139408016e-10,-6.759037773917953e-13,-1.396660564978447e-13,2.2932766796657233e-12,2.394884225412327e-12,3.7029960795221035e-10,180000.0,31.042928999988362,True
367,A,ESPDI-A,83.27751710332791,-11.003889282375383,1002.6658466341504,18.36915923532289,7.139214447165841,-86.65874288125738,19.24276055562093,1033.1710249328062,1.1368683772161603e-13,-2.842170943040401e-14,-2.5437429940211587e-12,-8.526512829121202e-14,-1.4210854715202004e-14,-4.050093593832571e-13,4.1413122519593924e-13,2.546440831880807e-12,180000.0018681756,3.890913699986413,True
367,A,Optimizer-A,83.27751710332791,-11.003889282375383,1002.6658466341504,18.36915923532289,7.139214447165841,-86.65874288125738,18.568013057183993,1011.2894483894233,-8.13001579278387e-08,-2.0734247746127224e-08,1.5515698237322795e-07,1.6114931611355132e-10,4.198341674310768e-11,-1.1077005979132082e-10,2.0000428873267577e-10,1.7638966491224896e-07,180000.00001125963,12.08253690006677,True
368,T,ESPDI-T,273.24318184167834,-411.2545462164136,908.7787073291349,-30.374596255913726,45.716386098045334,-98.49336526868751,17.729914108583323,1016.9707990060706,-1.5816633145890845e-12,2.981465484111316e-12,-1.4346363181629018e-11,-3.0296907344018464e-11,4.563162174509028e-11,-2.717587613276784e-10,2.772236855971241e-10,1.4738009764308908e-11,180000.0,0.549990399973467,True
368,T,Optimizer-T,273.24318184167834,-411.2545462164136,908.7787073291349,-30.374596255913726,45.716386098045334,-98.49336526868751,17.729914108583323,1016.9707990065945,7.88638043758283e-11,-1.1860645798833502e-10,7.073950314406829e-10,-2.9973801218829976e-11,4.511058193656936e-11,-2.687663425149367e-10,2.741691817674228e-10,7.215917973647791e-10,180000.0,1.8394571000244468,True
368,A,ESPDI-A,-162.54724338965974,130.44789862866674,1523.533536534818,-29.878669972105698,11.953217930070707,-62.08552801918601,26.166538405057594,1237.8231749125443,6.821210263296962e-13,1.1368683772161603e-13,7.958078640513122e-13,2.842170943040401e-14,5.684341886080802e-14,1.1368683772161603e-13,1.302446348448666e-13,1.054288360989597e-12,180000.04188235832,3.9924336000112817,True
368,A,Optimizer-A,-162.54724338965974,130.44789862866674,1523.533536534818,-29.878669972105698,11.953217930070707,-62.08552801918601,24.573873939110115,1191.2506764846385,-2.2568526256164104e-08,1.4847735097857634e-08,8.043273425073494e-08,-9.956480084838404e-13,-1.9024781749976682e-12,-3.765237011066347e-10,3.765298238296689e-10,8.484820772391524e-08,180000.00000184248,25.44197359995451,True
369,T,ESPDI-T,-112.58746647176606,4.757851183315902,955.9118084599174,12.512959066739256,-0.5287870752238533,-103.70945795480803,17.73358203814867,1017.1811879136494,-2.8477824685533247e-12,1.2203996769217043e-13,5.928651173508007e-11,9.779971971157764e-13,-4.121393981301735e-14,-2.1917308246077738e-11,2.193915627046739e-11,5.935499332369351e-11,180000.0,0.6741830999962986,True
369,T,Optimizer-T,-112.58746647176606,4.757851183315902,955.9118084599174,12.512959066739256,-0.5287870752238533,-103.70945795480803,17.73358203814867,1017.1811879141751,-1.390176862514636e-11,5.875230857377289e-13,3.0755487046008056e-10,7.394085344003543e-13,-3.119032809806299e-14,-1.6431300764452317e-11,1.6447958615864833e-11,3.0786945723471874e-10,180000.0,1.8537587000755593,True
369,A,ESPDI-A,112.08897167800808,350.47189937382507,1483.4123736570955,14.489918332743969,-41.78805128972342,-59.47526646415437,26.057385340759737,1187.3037082095525,0.0,-5.897504706808832e-13,-3.410605131648481e-13,0.0,-7.105427357601002e-14,-4.263256414560601e-14,8.28628102289784e-14,6.81269323622158e-13,180000.08711483862,3.820031199953519,True
369,A,Optimizer-A,112.08897167800808,350.47189937382507,1483.4123736570955,14.489918332743969,-41.78805128972342,-59.47526646415437,23.94146187738201,1124.634833580585,-2.0779189189027894e-07,1.3810535530836456e-07,1.696715585808306e-07,-2.327027459614328e-13,-1.646405234367876e-11,-1.1152323509122652e-10,1.1273220983976297e-10,3.017266930376549e-07,180000.00000030472,25.451603200053796,True
370,T,ESPDI-T,-103.21642922984282,-128.87567299986904,331.8422263149539,18.615733331170986,23.24353961226845,-58.888855104036516,10.990320365206056,630.3941922496615,1.695803436910226e-12,2.1908432099732034e-12,-1.6004848271342076e-11,3.7021774534906626e-13,4.806224862541342e-13,-3.4717506647297114e-12,3.5243597760892184e-12,1.6242866479042536e-11,180000.0,0.35841079999227077,True
370,T,Optimizer-T,-103.21642922984282,-128.87567299986904,331.8422263149539,18.615733331170986,23.24353961226845,-58.888855104036516,10.990320365206056,630.3941922499871,-3.171551909986192e-11,-3.957056904368983e-11,2.837516888121172e-10,2.950972799453666e-13,3.708144902248023e-13,-2.666311615939776e-12,2.7080995964120693e-12,2.882476799385274e-10,180000.00000000003,36.45106130000204,True
370,A,ESPDI-A,48.60151536506635,43.879905005552814,1304.180288690626,24.61001005793004,-18.75542885314721,-65.87262754676519,23.84599541216668,1135.0687546144636,-2.2737367544323206e-13,-2.8421709430404007e-13,-1.7053025658242404e-13,-2.842170943040401e-14,-3.552713678800501e-14,0.0,4.5496934130773415e-14,4.0194366942304643e-13,180000.06873863336,3.8812826999928802,True
370,A,Optimizer-A,48.60151536506635,43.879905005552814,1304.180288690626,24.61001005793004,-18.75542885314721,-65.87262754676519,22.087371218553866,1084.50849854015,-1.537652356642269e-07,8.127457955020026e-08,1.7854422296181838e-07,-2.1674217975942156e-11,1.0821565865626326e-11,-9.485034979661577e-11,9.789518307451656e-11,2.492535747646893e-07,180000.00000184512,30.624394799931906,True
371,T,ESPDI-T,-216.8505481251272,169.39337147939014,453.21230109126725,33.3606939185119,-26.059793099936865,-68.40227841948806,12.864305048281368,737.8841489860897,5.344059287974712e-12,-4.062693784905383e-12,-3.084213223356058e-11,8.879424973073924e-13,-6.857812928640072e-13,-5.155265103695683e-12,5.275935571019531e-12,3.156424513869664e-11,180000.0,0.40330400003585964,True
371,T,Optimizer-T,-216.8505481251272,169.39337147939014,453.21230109126725,33.3606939185119,-26.059793099936865,-68.40227841948806,12.86430504828137,737.8841489864717,-6.995959367372961e-11,5.466538333109838e-11,4.0892622621413466e-10,7.096545573404001e-13,-5.53335155473178e-13,-4.073186232744774e-12,4.171406893562182e-12,4.1845347097074353e-10,180000.0,27.70894119993318,True
371,A,ESPDI-A,86.3940344505321,-307.0631457735944,1189.3832736288289,16.778197238063136,30.328372024185867,-85.21842994822042,21.408369373017337,1103.8835019436501,-1.1368683772161603e-13,-2.8421709430404007e-13,1.9326762412674725e-12,4.263256414560601e-14,-2.1316282072803006e-14,2.913225216616411e-13,2.951960891243884e-13,1.956768128145371e-12,180000.01331324747,3.8533875999273732,True
371,A,Optimizer-A,86.3940344505321,-307.0631457735944,1189.3832736288289,16.778197238063136,30.328372024185867,-85.21842994822042,20.36248726438382,1070.2146650659324,-1.0945372656761204e-07,7.560413592179643e-09,3.732357356511784e-08,-7.391509626586412e-11,-1.6193713037182533e-10,1.1093916896243172e-09,1.1235822162425636e-09,1.1588928879276618e-07,180000.0000074322,20.23974700004328,True
372,T,ESPDI-T,151.7980679157916,-223.47300855400434,556.3672893107502,-21.394241623650586,31.4960236781191,-76.84012278463024,14.028287433399253,804.6490576581091,6.193463331170129e-12,-9.144977094991823e-12,6.046221543451556e-11,-3.745606255711742e-13,5.344336084789347e-13,-3.782262697482608e-12,3.838153990770628e-12,6.14627455403047e-11,180000.0,0.5602702000178397,True
372,T,Optimizer-T,151.7980679157916,-223.47300855400434,556.3672893107502,-21.394241623650586,31.4960236781191,-76.84012278463024,14.028287433399253,804.6490576585347,2.2821078360379943e-11,-3.3588687387009486e-11,2.2863488879920624e-10,-4.3520742565306136e-14,6.661338147750939e-14,-4.707345624410664e-13,4.774122180065002e-13,2.3221307868881602e-10,180000.0,15.107652299921028,True
372,A,ESPDI-A,-85.00513993150247,-239.44081041800433,1036.7252219384432,-9.045591463300937,28.21015128549797,-89.18243867795525,19.49505816629039,1041.6413029492433,0.0,5.684341886080802e-14,-9.379164112033322e-13,-2.842170943040401e-14,1.4210854715202004e-14,-1.3145040611561853e-13,1.3523664897742747e-13,9.396373601939866e-13,180000.00525844746,3.901427200064063,True
372,A,Optimizer-A,-85.00513993150247,-239.44081041800433,1036.7252219384432,-9.045591463300937,28.21015128549797,-89.18243867795525,18.835353763905303,1019.1941019049009,-1.0613441793115797e-10,-6.436722424125719e-09,2.6960616850146835e-08,3.969935491454635e-11,-4.716849133501455e-11,6.333209512376925e-10,6.363146490786364e-10,2.771854110555485e-08,180000.00003590182,11.18025580001995,True
373,T,ESPDI-T,387.06866890781004,-308.8216453205039,581.9047010525976,-51.530281887372716,41.11329000404845,-75.70507376252706,14.840974804633461,851.2640226378935,1.2286646851843164e-12,-9.12333630951473e-13,4.468467371294971e-12,-1.3518838826165336e-12,1.0585976539800868e-12,-5.832861971200032e-12,6.080336980806411e-12,4.723258431539816e-12,180000.0,0.5901356000686064,True
373,T,Optimizer-T,387.06866890781004,-308.8216453205039,581.9047010525976,-51.530281887372716,41.11329000404845,-75.70507376252706,14.840974804633461,851.2640226383446,2.062749970832556e-11,-1.6432188942872017e-11,8.876099855115172e-11,-4.0945025148175773e-13,3.2862601528904634e-13,-1.7745804825608502e-12,1.8506162366760783e-12,9.259603361628819e-11,180000.0,1.8040436999872327,True
373,A,ESPDI-A,-12.865220739934898,318.53585299203246,1677.3804390551593,-13.298313081784155,-4.618357297648316,-77.03667002731541,26.682435076013455,1248.749908457312,-5.684341886080802e-14,0.0,-6.252776074688882e-13,7.105427357601002e-15,1.4210854715202004e-14,-7.105427357601002e-14,7.280896430443987e-14,6.27856082768816e-13,180000.057292525,3.8398698999080807,True
373,A,Optimizer-A,-12.865220739934898,318.53585299203246,1677.3804390551593,-13.298313081784155,-4.618357297648316,-77.03667002731541,24.683039919987596,1184.522873064583,-2.8916543069334933e-07,2.0776110385559516e-07,-2.836601211697598e-07,1.4551027049947152e-11,-3.4009239868737495e-11,-1.5686651977375732e-10,1.6116905971863275e-10,4.55241020697178e-07,180000.0000006598,24.57294850004837,True
374,T,ESPDI-T,98.17810070444045,-288.46736508174865,819.958642374937,-11.603970618268335,34.09484197310918,-94.6759135729939,16.690221726628174,957.3350452217,-4.8819805484453735e-12,1.3789286010777724e-11,-1.0848025657015509e-10,-2.675516058703309e-13,7.499348364525815e-13,-5.8981847184114145e-12,5.951686239481286e-12,1.0946206744022838e-10,180000.0,0.6621483999770135,True
374,T,Optimizer-T,98.17810070444045,-288.46736508174865,819.958642374937,-11.603970618268335,34.09484197310918,-94.6759135729939,16.690221726628174,957.3350452222148,-2.8281710306998775e-11,8.318234989701523e-11,-6.304539112989005e-10,1.2989609388114332e-13,-3.8902214782865485e-13,2.8563817977556027e-12,2.8856763854001937e-12,6.365463790992455e-10,180000.0,1.683941000024788,True
374,A,ESPDI-A,-223.87348680264438,-226.83871917314713,1567.0979231462773,41.21458397807831,-14.110944820790905,-86.88683219900292,24.97030661060341,1256.9390073912928,-1.7053025658242404e-13,-2.2737367544323206e-13,-1.1368683772161603e-13,-2.842170943040401e-14,2.842170943040401e-14,-2.842170943040401e-14,4.9227844771419234e-14,3.06111178766429e-13,180000.02929971679,3.8541419999673963,True
374,A,Optimizer-A,-223.87348680264438,-226.83871917314713,1567.0979231462773,41.21458397807831,-14.110944820790905,-86.88683219900292,23.566817418808792,1217.555445474898,-4.196972685899031e-08,7.60221379052312e-08,-1.6456792906183182e-07,-4.064979464146745e-10,1.8593482309370302e-10,2.9405704538021382e-09,2.9743515146418635e-09,1.860737130816719e-07,180000.00000620345,17.503064300050028,True
375,T,ESPDI-T,26.85261783819732,103.10196496169837,564.2060796167242,-3.8230696516896927,-14.678866531737171,-78.78522807867941,13.888677186795015,796.6411483603533,-5.105580841186386e-13,-1.9912874653230453e-12,-2.983481777601993e-11,-6.461931684187405e-14,-2.513336760934237e-13,-3.7247704920417846e-12,3.733799605125179e-12,2.990555545471654e-11,180000.0,0.4202453999314457,True
375,T,Optimizer-T,26.85261783819732,103.10196496169837,564.2060796167242,-3.8230696516896927,-14.678866531737171,-78.78522807867941,13.888677186795015,796.6411483607735,4.010652920882762e-12,1.538991156735392e-11,2.2594903725803306e-10,-1.687538997430238e-14,-6.039613253960852e-14,-9.00612917575927e-13,9.027934973830672e-13,2.2650806200383856e-10,180000.0,13.595640600076877,True
375,A,ESPDI-A,-47.857290347290245,68.5374970148124,1258.1386327897499,40.67756583570218,7.383341807022603,-88.04298847199232,21.909899965664962,1153.1937504630296,-5.684341886080801e-13,1.1368683772161603e-13,-7.673861546209082e-13,-8.526512829121202e-14,0.0,-1.2079226507921703e-13,1.4785436552731435e-13,9.617295015509985e-13,180000.0248100381,4.757557699922472,True
375,A,Optimizer-A,-47.857290347290245,68.5374970148124,1258.1386327897499,40.67756583570218,7.383341807022603,-88.04298847199232,20.882355452492458,1123.965167104292,2.9339352178380406e-08,1.126827717173211e-08,2.0926773203200355e-08,-5.346389997384904e-11,-2.1683543849349007e-11,-1.6843415551193175e-10,1.7804108912635304e-10,3.7758462539730064e-08,180000.00000129043,16.095387700013816,True
376,T,ESPDI-T,216.71053887885574,-251.66819877918968,587.1702537150809,-29.572020837592518,34.34229482774691,-78.44579345857491,14.483295971037283,830.7479091946934,2.238243702250113e-12,-3.04957666378506e-12,1.6756981490329698e-11,-7.34939886726238e-13,8.408169993590064e-13,-5.6116430946495655e-12,5.721682277550931e-12,1.71786519077085e-11,180000.0,0.47191739990375936,True
376,T,Optimizer-T,216.71053887885574,-251.66819877918968,587.1702537150809,-29.572020837592518,34.34229482774691,-78.44579345857491,14.483295971037283,830.7479091951245,1.003663818721634e-10,-1.1659984089362752e-10,7.489457942710942e-10,-6.732392421326949e-13,7.8026474170656e-13,-4.998668146072305e-12,5.103797348921266e-12,7.645840282551606e-10,180000.0,16.92423390003387,True
376,A,ESPDI-A,94.46784671731382,-245.83954575918875,933.2270886888712,-39.08231785378271,19.926446447113065,-67.81409257693045,19.581531182847264,997.2208524298021,5.684341886080802e-14,0.0,-2.2737367544323206e-13,0.0,-2.842170943040401e-14,-7.105427357601002e-15,2.929642751054232e-14,2.3437142008433856e-13,180000.0325486445,3.930069399997592,True
376,A,Optimizer-A,94.46784671731382,-245.83954575918875,933.2270886888712,-39.08231785378271,19.926446447113065,-67.81409257693045,18.468156734157212,964.6649367110549,2.0946324127607062e-07,7.446765422979028e-09,2.637025726670572e-07,1.1439071911922838e-10,8.224843028870055e-11,-3.5850433732775855e-10,3.851952761761036e-10,3.3685211976825503e-07,180000.00000864884,26.351485999999568,True
377,T,ESPDI-T,273.72302483839735,211.8346131280295,390.1167868299822,-43.94166853479318,-34.00651574621303,-61.413800411238284,12.33357611976495,707.4420487489715,1.4068515232987244e-12,1.0396255931870504e-12,6.397347956281843e-12,-6.776385008677721e-13,-5.286257542813644e-13,-2.80512418848744e-12,2.9338304038892878e-12,6.632202760498275e-12,180000.0,0.45624940004199743,True
377,T,Optimizer-T,273.72302483839735,211.8346131280295,390.1167868299822,-43.94166853479318,-34.00651574621303,-61.413800411238284,12.333576119764949,707.4420487493408,4.831024469353906e-11,3.744160537166863e-11,2.0090773489300773e-10,-2.0117241206207837e-13,-1.5720758028692217e-13,-8.331113576787175e-13,8.713547480606389e-13,2.0999921784377309e-10,180000.00000000003,13.247420000028796,True
377,A,ESPDI-A,139.20611324755487,-472.00442848411984,1403.1910894319822,-17.23494943260451,22.033025708360327,-57.03731311536055,25.508469036751347,1136.9372254453665,1.5276668818842154e-13,2.2737367544323206e-13,3.410605131648481e-13,1.687538997430238e-14,-2.842170943040401e-14,8.526512829121202e-14,9.144787835837389e-14,4.374456799934046e-13,180000.06032836513,3.850317700067535,True
377,A,Optimizer-A,139.20611324755487,-472.00442848411984,1403.1910894319822,-17.23494943260451,22.033025708360327,-57.03731311536055,23.448157335228867,1066.7815678718543,-1.6449218268613416e-07,-3.2509368808469e-07,-1.8782877830858524e-07,2.1344814804535872e-11,3.646682955604774e-11,-8.402167850363185e-12,4.3081634155350323e-11,4.0990637242942433e-07,180000.00000102192,26.24604619992897,True
378,T,ESPDI-T,-320.3921969786204,295.01479447375937,680.0120039302346,40.49360225085445,-37.28621314187359,-83.98828769541582,15.622286837315189,896.0793284133852,-7.858372915066358e-12,7.0024393184972555e-12,4.390788275500379e-11,3.41019504301876e-11,-3.138705961802657e-11,-1.9981313825745417e-10,2.051179678987217e-10,4.515185875806935e-11,180000.0,0.4830198000418022,True
378,T,Optimizer-T,-320.3921969786204,295.01479447375937,680.0120039302346,40.49360225085445,-37.28621314187359,-83.98828769541582,15.622286837315189,896.0793284138563,-4.8484771753010136e-11,4.459499436393344e-11,2.8349944614092237e-10,3.346301014062192e-11,-3.0809577111767794e-11,-1.9606716250564205e-10,2.0127427879014044e-10,2.9105226777414137e-10,180000.0,7.894691299996339,True
378,A,ESPDI-A,-266.6657750571338,-443.0759930959421,1483.20780406475,29.462934187313877,-12.446275744917621,-56.62274804335383,26.15860047179965,1223.5121134130113,-7.105427357601002e-14,2.2737367544323206e-13,-4.547473508864641e-13,1.7763568394002505e-15,-8.526512829121202e-14,4.263256414560601e-14,9.534586027598125e-14,5.133640532957441e-13,180000.0077517896,3.8237311000702903,True
378,A,Optimizer-A,-266.6657750571338,-443.0759930959421,1483.20780406475,29.462934187313877,-12.446275744917621,-56.62274804335383,24.75219688919767,1178.3897901555283,-5.363079159961343e-08,2.2036843889802857e-07,3.277154618785971e-07,-2.1238566461079245e-12,6.768452465166774e-11,-2.4922286456785514e-11,7.21583398271434e-11,3.985422620303367e-07,180000.00000046156,27.62797400006093,True
379,T,ESPDI-T,109.70604081451299,-403.20798410617397,612.4900824252277,-14.512612323077953,53.338914753075045,-79.2378844736754,14.934390770816023,856.6222724966792,-2.130718642972748e-12,7.540681756313186e-12,-2.948140939273286e-11,-4.948125242876245e-13,1.7516543771023407e-12,-7.43242273282263e-12,7.652061171370253e-12,3.050500521336496e-11,180000.0,0.468864000053145,True
379,T,Optimizer-T,109.70604081451299,-403.20798410617397,612.4900824252277,-14.512612323077953,53.338914753075045,-79.2378844736754,14.934390770816023,856.6222724971376,-1.7758239323484304e-11,6.543743324982643e-11,-2.7693936033301725e-10,-9.50350909079134e-14,3.6859404417555197e-13,-1.5241141682054149e-12,1.5709287812087625e-12,2.8511896120015657e-10,180000.0,9.922139499918558,True
379,A,ESPDI-A,-215.7419198676459,-347.4206815224285,1658.8913037366074,26.27279835289525,-14.504052076680093,-77.31756717195266,26.415300342420217,1277.6735731250974,4.760636329592671e-13,-2.2737367544323206e-13,-2.5011104298755527e-12,4.973799150320701e-14,2.842170943040401e-14,-2.4158453015843406e-13,2.482836011048469e-13,2.5561472479775517e-12,180000.01987291934,3.8981955000199378,True
379,A,Optimizer-A,-215.7419198676459,-347.4206815224285,1658.8913037366074,26.27279835289525,-14.504052076680093,-77.31756717195266,24.839025869843233,1233.1971249574872,-9.27571912414538e-08,2.2957593184916673e-07,1.436371270813197e-07,-1.7753576386780878e-12,-4.6203041392800515e-12,7.23332505003782e-11,7.250240156736275e-11,2.862527367338032e-07,180000.0000002207,26.589843400055543,True
380,T,ESPDI-T,67.1236052011607,150.61870816873494,361.060235088239,-11.661016782105037,-26.166164323131856,-61.68927294502269,11.40591179508839,654.232116444844,2.8203130613248598e-12,6.45078872859705e-12,4.3020246639677816e-11,4.180033923162352e-12,9.386496788166276e-12,6.228384474837867e-11,6.312571838952156e-11,4.359252759273755e-11,180000.0,0.3646514000138268,True
380,T,Optimizer-T,67.1236052011607,150.61870816873494,361.060235088239,-11.661016782105037,-26.166164323131856,-61.68927294502269,11.40591179508839,654.2321164452005,-3.943284587748508e-11,-8.850431498785838e-11,-5.871347852348663e-10,4.583666779467421e-12,1.02793329403994e-11,6.819611542141502e-11,6.911862878714922e-11,5.950758095724108e-10,180000.0,32.799850299954414,True
380,A,ESPDI-A,-99.43908249656664,37.92579157756404,1650.4521829573823,-35.39445615298076,6.048517098035184,-68.51116938856178,26.913090074125712,1272.4991737102318,4.547473508864641e-13,-2.2737367544323206e-13,-1.1368683772161603e-12,0.0,2.1316282072803006e-14,-2.842170943040401e-14,3.552713678800501e-14,1.2453769102311665e-12,180000.06056704329,3.92053450003732,True
380,A,Optimizer-A,-99.43908249656664,37.92579157756404,1650.4521829573823,-35.39445615298076,6.048517098035184,-68.51116938856178,25.15372377540927,1222.2513672731948,-4.4998695445427164e-07,7.698264047386921e-08,-3.631742764298451e-07,2.049915792667889e-12,-1.0509371151101732e-12,-9.907807907438837e-11,9.91048554645417e-11,5.833610727274329e-07,180000.00000076962,29.508261199924164,True
381,T,ESPDI-T,18.384452581088382,-56.84939922930815,313.5238679393839,-3.46799223151897,10.723913264437783,-58.26380926006682,10.512043581359883,602.960696518363,-1.139233056035669e-13,3.0125027635202056e-13,-5.476147801278947e-12,-5.052729068477646e-14,1.5123145791218207e-13,-2.3024776529823043e-12,2.3079920501269255e-12,5.4856107216985466e-12,180000.0,0.4914341999683529,True
381,T,Optimizer-T,18.384452581088382,-56.84939922930815,313.5238679393839,-3.46799223151897,10.723913264437783,-58.26380926006682,10.512043581359883,602.9606965186831,-2.421063349800079e-12,7.484790565115418e-12,-1.1252154763496947e-10,9.547918011776346e-15,-2.9531932455029164e-14,4.547473508864641e-13,4.558052774059828e-13,1.1279619816162285e-10,180000.0,9.9998784000054,True
381,A,ESPDI-A,435.07693954892136,-496.65469039776997,1616.3829512485693,8.570238175962011,30.455881418982088,-83.51831175366746,25.671263383980673,1277.3434696296626,-2.2737367544323206e-13,1.1368683772161603e-13,1.0231815394945443e-12,0.0,-2.842170943040401e-14,1.8474111129762605e-13,1.8691461090676719e-13,1.054288360989597e-12,180000.02335077853,4.053938900004141,True
381,A,Optimizer-A,435.07693954892136,-496.65469039776997,1616.3829512485693,8.570238175962011,30.455881418982088,-83.51831175366746,24.578239869780596,1242.0690898326811,-1.7245154455075557e-07,-4.147442751495891e-09,3.431633821548985e-07,-3.254996272517019e-11,5.219202847683846e-11,-4.391829122596391e-10,4.4346943336694016e-10,3.8408051675567595e-07,180000.00001297178,26.86374820000492,True
382,T,ESPDI-T,179.79793619430333,-124.1379208220435,538.9349513531519,-25.878108823296955,17.867027242509835,-76.05935126874701,13.7401983390569,788.1245446421981,4.288663743795898e-12,-3.1781952286938364e-12,3.7668636113964704e-11,-4.773195727558743e-13,3.213818100533672e-13,-3.7477382308637175e-12,3.791656905555477e-12,3.8044969553218566e-11,180000.0,0.5911976000061259,True
382,T,Optimizer-T,179.79793619430333,-124.1379208220435,538.9349513531519,-25.878108823296955,17.867027242509835,-76.05935126874701,13.7401983390569,788.1245446426183,-1.7997159318383638e-11,1.2451817354985906e-11,-1.467697074986063e-10,1.3988810110276972e-13,-9.303668946358812e-14,1.0977885267493548e-12,1.1105692935963076e-12,1.4839236010724966e-10,180000.0,20.00030810001772,True
382,A,ESPDI-A,116.13208513900827,36.645648082548746,1497.173007937211,-29.647588063785967,-0.21324469452611083,-84.2964746932841,24.562477236748222,1198.4624008634619,5.684341886080802e-14,1.4210854715202004e-14,-1.1937117960769683e-12,-3.552713678800501e-14,0.0,-1.4210854715202004e-13,1.464821375527116e-13,1.1951489341303132e-12,180000.07016964263,3.885146699962206,True
382,A,Optimizer-A,116.13208513900827,36.645648082548746,1497.173007937211,-29.647588063785967,-0.21324469452611083,-84.2964746932841,22.830012260072195,1142.8275959066395,3.779463689456735e-08,-1.2400351459504092e-08,1.3028527234837384e-07,1.879891797784694e-10,-2.2773560814925986e-11,1.3868728387933515e-10,2.347184046805877e-10,1.3622208148902057e-07,180000.00000712014,17.847505500074476,True
383,T,ESPDI-T,-459.6283977081563,-221.81281533581674,793.5908858935704,53.97763207531527,26.049153175667897,-90.93097786006196,16.7960776677331,963.406840062089,1.447147599236559e-11,7.186724631201569e-12,-6.874201663627233e-11,1.2090606293924111e-12,5.924982726668304e-13,-5.635464317421679e-12,5.794078000993164e-12,7.061541955935598e-11,180000.0,0.7707955999067053,True
383,T,Optimizer-T,-459.6283977081563,-221.81281533581674,793.5908858935704,53.97763207531527,26.049153175667897,-90.93097786006196,16.7960776677331,963.4068400625983,1.312105979422995e-11,6.3435923181032194e-12,-6.190603585309873e-11,-7.283063041541027e-14,-3.375077994860476e-14,4.085620730620576e-13,4.1637288986989934e-13,6.359843275323064e-11,180000.0,20.99785220006015,True
383,A,ESPDI-A,265.8836879262519,-425.179998571237,1581.7281654607027,-2.7619334378469915,41.97971882715082,-62.12497649540916,26.8260997165224,1208.4616045200528,-1.1368683772161603e-13,5.115907697472721e-13,2.2737367544323206e-13,0.0,5.684341886080802e-14,5.684341886080802e-14,8.038873388460929e-14,5.712692894303979e-13,180000.0770319616,4.382811599993147,True
383,A,Optimizer-A,265.8836879262519,-425.179998571237,1581.7281654607027,-2.7619334378469915,41.97971882715082,-62.12497649540916,24.63452994419894,1137.9974309803692,1.072598663398725e-07,6.095537887018388e-08,-1.3687074584822767e-07,5.299760630350647e-12,4.1600056732704616e-13,7.279510327862226e-12,9.013977469712465e-12,1.8426567290058424e-07,180000.00000021583,37.69764689996373,True
384,T,ESPDI-T,102.20697091782017,-101.44997364075608,860.5465878698938,-11.9206965442621,11.832405748207009,-98.07028832983134,16.91030187907708,969.9586308245762,-6.837291217681903e-13,5.424810787754177e-13,-9.004925006616399e-12,-2.8739597507376757e-13,2.847609301137588e-13,-6.169037503056529e-12,6.182289943696089e-12,9.047123609610327e-12,180000.0,0.6757631999207661,True
384,T,Optimizer-T,102.20697091782017,-101.44997364075608,860.5465878698938,-11.9206965442621,11.832405748207009,-98.07028832983134,16.91030187907708,969.9586308250873,2.871480830890505e-12,-2.8337332480532496e-12,6.333777946565533e-11,-1.532107773982716e-14,1.5987211554602254e-14,-3.694822225952521e-13,3.7014515959327206e-13,6.346613076218909e-11,180000.00000000003,5.731481100083329,True
384,A,ESPDI-A,-409.55732190074525,-446.76294004440587,1728.5773507242645,27.037549460079646,-18.43064879346,-62.45465123196587,27.968849033837074,1309.1782851948756,-6.252776074688882e-13,-4.547473508864641e-13,9.094947017729282e-13,-4.263256414560601e-14,-1.1368683772161603e-13,8.526512829121202e-14,1.4836567898030567e-13,1.1937117960769683e-12,180000.00434708648,3.851180099998601,True
384,A,Optimizer-A,-409.55732190074525,-446.76294004440587,1728.5773507242645,27.037549460079646,-18.43064879346,-62.45465123196587,26.480862246336606,1262.2678652707891,2.0554322355374778e-07,3.106781584037573e-07,7.70198269606226e-08,-1.0810063955091209e-10,-1.190993970112686e-10,1.4155823180317384e-09,1.4246907432014408e-09,3.803958314743476e-07,180000.00000725675,27.531754900002852,True
385,T,ESPDI-T,194.41764493329055,-206.6209734858889,580.432345392386,-26.847020043289817,28.532170618788626,-78.51232957660628,14.314296458430173,821.0542599014643,1.4698508794645793e-12,-1.7498743881856627e-12,1.2573012509592418e-11,-2.6415758469511275e-11,2.8061011847491102e-11,-2.1540325079172362e-10,2.1882361191851937e-10,1.2779012698509161e-11,180000.0,0.439041499979794,True
385,T,Optimizer-T,194.41764493329055,-206.6209734858889,580.432345392386,-26.847020043289817,28.532170618788626,-78.51232957660628,14.314296458430174,821.05425990191,-5.3762105878263355e-11,5.715827811059171e-11,-4.3858250364792184e-10,-2.5591084806819708e-11,2.7200020014106485e-11,-2.0868640149274142e-10,2.1200178979986774e-10,4.45546905825989e-10,180000.00000000003,8.87897309998516,True
385,A,ESPDI-A,128.07594142315816,296.63234509354436,1435.3573909320062,31.092032568900123,-14.916933185838928,-57.445700767676286,25.673991026977706,1195.4176005239406,-1.3642420526593924e-12,-5.684341886080802e-14,-2.3874235921539366e-12,-5.684341886080802e-14,1.4210854715202004e-14,-2.4158453015843406e-13,2.485884306869352e-13,2.750305248674282e-12,180000.04911595746,3.838823699974455,True
385,A,Optimizer-A,128.07594142315816,296.63234509354436,1435.3573909320062,31.092032568900123,-14.916933185838928,-57.445700767676286,24.01477753801165,1146.5112443416456,3.084144651868512e-07,3.5856146592834906e-08,-2.5022315597311717e-07,-1.1811884803591965e-11,-3.1672442446506466e-12,1.2935430504512624e-11,1.780105112221397e-11,3.9876907273524264e-07,180000.0000000212,40.25253729999531,True
386,T,ESPDI-T,-172.0335401933115,-274.90723245102123,811.8090097321362,20.392612934568817,32.587115152009005,-94.00620587590913,16.642253439421875,954.5836304619679,5.5817520202249005e-12,8.944735902481626e-12,-7.182692060483248e-11,5.2930854144150885e-12,8.462917866491892e-12,-6.680776765133345e-11,6.75493564038462e-11,7.259663063499116e-11,180000.0,0.9854412000859156,True
386,T,Optimizer-T,-172.0335401933115,-274.90723245102123,811.8090097321362,20.392612934568817,32.587115152009005,-94.00620587590913,16.642253439421875,954.5836304624827,4.1133541017757125e-11,6.566591714829428e-11,-5.191864715925476e-10,4.618971871650501e-12,7.38165084612774e-12,-5.833911131958303e-11,5.898538446025369e-11,5.249367325271736e-10,179999.99999999997,45.72887819993775,True
386,A,ESPDI-A,-189.56792076037488,142.89638151709198,1095.8869132443265,-7.785839343824762,-18.865447984109867,-75.51537467938445,21.009566605585015,1056.3763574831592,-2.2737367544323206e-13,-2.1316282072803006e-13,5.684341886080802e-14,-2.842170943040401e-14,-3.375077994860476e-14,2.1316282072803006e-14,4.9002985577337634e-14,3.1680964425515804e-13,180000.0172877962,3.9767383999424055,True
386,A,Optimizer-A,-189.56792076037488,142.89638151709198,1095.8869132443265,-7.785839343824762,-18.865447984109867,-75.51537467938445,19.831796970648146,1019.0697596521768,3.079973441784836e-07,9.511468654144632e-08,2.701340484634329e-07,3.665956427312267e-11,3.749689447829496e-11,3.0089708502600843e-10,3.054324745755771e-10,4.205729089659975e-07,180000.0000020052,21.745813600020483,True
387,T,ESPDI-T,111.70683567948518,54.52036135911299,671.4388195960798,-14.643269249012285,-7.146888783293626,-86.19759289308014,15.069352540707936,864.3635496467923,2.421130245074121e-13,4.7911395445639215e-14,2.9451805577673795e-12,-8.94700979969798e-14,-4.93199231454966e-14,-1.5309697953824752e-12,1.534374748106904e-12,2.955503804142476e-12,180000.0,0.4617590999696404,True
387,T,Optimizer-T,111.70683567948518,54.52036135911299,671.4388195960798,-14.643269249012285,-7.146888783293626,-86.19759289308014,15.069352540707936,864.3635496472489,7.669198609505656e-12,3.7414515929867775e-12,1.2229861567902844e-10,1.6653345369377348e-13,8.093525849517391e-14,2.6414426201881724e-12,2.647924285740326e-12,1.2259594799315925e-10,179999.99999999997,4.50184799998533,True
387,A,ESPDI-A,54.18465810374778,109.24845279738611,1110.1039680349961,19.16639846277738,-42.00242072293895,-57.23379765973791,22.312451269319002,1080.2477169049198,-7.958078640513122e-13,-4.547473508864641e-13,9.663381206337363e-13,-7.105427357601002e-14,-1.1368683772161603e-13,2.1316282072803006e-13,2.518169871261385e-13,1.331883881205156e-12,180000.06821659635,3.8517300999956205,True
387,A,Optimizer-A,54.18465810374778,109.24845279738611,1110.1039680349961,19.16639846277738,-42.00242072293895,-57.23379765973791,20.809108310935127,1038.9360816180888,1.4357986333733174e-07,-2.2497390655375943e-07,-1.3935448706092757e-07,3.567723894093433e-11,-4.6764370154050994e-11,-1.7010037822728918e-10,1.799830835590402e-10,3.010782437341509e-07,180000.0000040401,34.57928159995936,True
388,T,ESPDI-T,277.81085407198634,-290.171627485895,386.3468196233533,-43.998246460584035,45.95588183421009,-59.94137931308944,12.499928124480181,716.9838395391271,1.787543312155304e-11,-1.8355985785187268e-11,7.486142153227682e-11,-1.6830009608170826e-12,1.7642276528562206e-12,-6.9018679660359794e-12,7.319888856110277e-12,7.912462168795723e-11,180000.0,0.5459837999660522,True
388,T,Optimizer-T,277.81085407198634,-290.171627485895,386.3468196233533,-43.998246460584035,45.95588183421009,-59.94137931308944,12.499928124480181,716.9838395395054,-2.2066570792844686e-11,2.30424568314902e-11,-9.121414734636346e-11,-7.180922523275513e-13,7.562839243746566e-13,-2.971844992316619e-12,3.1495213152918574e-12,9.6632856935469e-11,180000.0,35.942581800045446,True
388,A,ESPDI-A,-31.761479698565267,-57.18325989269226,1797.2648190817317,35.774376934608284,-12.802717414812832,-68.57405387215867,28.22104011545959,1303.780907314087,5.684341886080801e-13,-2.2737367544323206e-13,1.4779288903810084e-12,2.842170943040401e-14,1.4210854715202004e-14,2.842170943040401e-14,4.263256414560601e-14,1.5997156060018697e-12,180000.08357569316,4.224518300034106,True
388,A,Optimizer-A,-31.761479698565267,-57.18325989269226,1797.2648190817317,35.774376934608284,-12.802717414812832,-68.57405387215867,26.106829281697337,1243.8224264856617,1.9945091796211772e-07,-1.0190614977348019e-07,-1.6991761242479697e-07,1.0188294652380137e-11,-4.368505557295066e-12,-8.905232107281336e-11,8.973962935728715e-11,2.811361361506733e-07,180000.00000031327,24.379319899948314,True
389,T,ESPDI-T,311.25629032957477,-110.51972872495648,910.7421052190468,-35.029906914950104,12.438289376903569,-100.03044836920252,17.515668146193946,1004.681856926567,-1.481254713071173e-11,5.207867557338597e-12,-1.1570051687559424e-10,-2.0983631499049693e-12,7.451348565945537e-13,-1.6366602517692286e-11,1.651738574458812e-11,1.1676105104988565e-10,180000.0,0.5299770999699831,True
389,T,Optimizer-T,311.25629032957477,-110.51972872495648,910.7421052190468,-35.029906914950104,12.438289376903569,-100.03044836920252,17.515668146193946,1004.6818569270908,2.7473134878164274e-11,-9.696576874773655e-12,2.1245583070594876e-10,-1.4672707493446069e-12,5.215827769688985e-13,-1.1404210908949608e-11,1.1510037293637155e-11,2.1444411100348958e-10,180000.0,2.5178325000451878,True
389,A,ESPDI-A,-319.1830816140163,-150.86430991731612,1508.0577533138894,34.075063378191075,-2.0163181109818638,-96.3798819475152,23.900856040747527,1214.83708101708,-2.5579538487363607e-13,1.7053025658242404e-13,-1.7337242752546445e-12,-2.1316282072803006e-14,0.0,-1.9184653865522705e-13,1.9302714388240537e-13,1.760770203615441e-12,180000.03520814126,3.8137927000643685,True
389,A,Optimizer-A,-319.1830816140163,-150.86430991731612,1508.0577533138894,34.075063378191075,-2.0163181109818638,-96.3798819475152,22.60876635533873,1172.030612079574,-3.2234574314851656e-08,5.964643641604228e-08,-6.824026854701515e-08,-2.2187029991016516e-10,-2.6002755504350716e-11,2.4780355545317434e-09,2.488084159107061e-09,9.619511115312156e-08,180000.000015309,16.974624699912965,True
390,T,ESPDI-T,136.7626016082858,262.0835418756437,574.4643265556836,-18.939510980268587,-36.29452833398503,-77.9245528068303,14.273938382516645,818.7393595327012,-7.284996607695438e-12,-1.3260673592183081e-11,-8.020015489391963e-11,-4.761330218983062e-13,-8.582995425499007e-13,-5.219880083728867e-12,5.311358474796506e-12,8.161483618007977e-11,180000.0,0.5812376999529079,True
390,T,Optimizer-T,136.7626016082858,262.0835418756437,574.4643265556836,-18.939510980268587,-36.29452833398503,-77.9245528068303,14.273938382516643,818.7393595331378,-9.721334848222796e-12,-1.8722579042673715e-11,-1.1192291538009158e-10,-6.705747068735946e-14,-1.3500311979441904e-13,-7.709388682997087e-13,7.855375773217013e-13,1.1389371494696087e-10,180000.0,2.9268378000706434,True
390,A,ESPDI-A,464.51365214879695,-57.67399309886292,1689.80582407387,-2.1390348344541934,-40.29007019000716,-64.25899284016155,27.47653836020492,1309.683256932427,4.547473508864641e-13,-4.547473508864641e-13,1.8189894035458565e-12,-2.842170943040401e-14,-5.684341886080802e-14,1.7053025658242404e-13,1.8198773652309366e-13,1.9293296132306226e-12,180000.01350720492,3.625595899997279,True
390,A,Optimizer-A,464.51365214879695,-57.67399309886292,1689.80582407387,-2.1390348344541934,-40.29007019000716,-64.25899284016155,26.0359907045535,1265.9663918332808,1.102836066309948e-07,-2.0627697022122667e-07,-3.4212867205951625e-07,5.7973181810666574e-11,-8.959766262250923e-11,4.4718717617797665e-10,4.597444958829875e-10,4.144450392758934e-07,180000.00000848266,23.046432000002824,True
391,T,ESPDI-T,172.9756077785038,-146.92750685548404,604.890907512766,-23.610502244542793,20.05503709423931,-80.8875463106132,14.479363169039813,830.5223274594864,2.7859543488893516e-13,1.821617756945582e-13,-1.924955657925994e-12,-3.793267783214205e-13,3.5130318792875315e-13,-3.8146014125217675e-12,3.849478753157845e-12,1.953523128567063e-12,180000.0,0.5181665000272915,True
391,T,Optimizer-T,172.9756077785038,-146.92750685548404,604.890907512766,-23.610502244542793,20.05503709423931,-80.8875463106132,14.47936316903981,830.5223274599266,4.32720526077901e-12,-3.6073366516120586e-12,4.0744296825323545e-11,4.796163466380676e-14,-3.730349362740526e-14,4.831690603168681e-13,4.869745474703167e-13,4.113192564027422e-11,180000.0,21.324312299955636,True
391,A,ESPDI-A,-431.487533186683,128.62537708713717,1432.6287489423767,42.313080199670736,-43.24868746007349,-69.42911089132612,24.84594549407568,1197.308074125236,-2.5579538487363607e-13,-5.684341886080801e-13,-9.094947017729282e-13,-4.263256414560601e-14,-1.4210854715202004e-14,-9.947598300641403e-14,1.0915564626925243e-13,1.1026011601001542e-12,180000.06995365556,3.858907000045292,True
391,A,Optimizer-A,-431.487533186683,128.62537708713717,1432.6287489423767,42.313080199670736,-43.24868746007349,-69.42911089132612,23.103075850562895,1148.0442953389866,-1.1031878075830843e-08,-2.1348946221118964e-08,1.529537527744651e-07,-2.8103297466941513e-11,8.416201069394447e-11,6.897593607391173e-11,1.1238647218342331e-10,1.5483000460642123e-07,180000.0000106867,19.21427869994659,True
392,T,ESPDI-T,416.32476862901245,382.6991606384197,1066.6291337199339,-42.9695327492592,-39.498980976604386,-107.1543538499326,19.073813735797224,1094.0555874208167,-6.377868719265045e-12,-5.209001849651451e-12,-3.744034943187202e-11,-1.109515257446958e-12,-9.789530297510396e-13,-7.401551593844147e-12,7.54800232758994e-12,3.8335240644223576e-11,180000.0,0.5797209999291226,True
392,T,Optimizer-T,416.32476862901245,382.6991606384197,1066.6291337199339,-42.9695327492592,-39.498980976604386,-107.1543538499326,19.073813735797224,1094.0555874213824,5.589706475461753e-11,5.134692671049379e-11,3.8350123077179887e-10,-2.4913404672588513e-13,-2.2515322939398175e-13,-1.6768808563938364e-12,1.7101728440379005e-12,3.909401267896137e-10,179999.99999999997,1.9982617000350729,True
392,A,ESPDI-A,386.7885380945072,493.70711154082323,1198.5559521674427,-37.06847788257825,-17.812025151605532,-97.31238780785705,21.071639859880623,1146.5647724263345,5.684341886080802e-14,-4.547473508864641e-13,-1.7763568394002505e-13,0.0,-5.684341886080802e-14,-5.329070518200751e-15,5.709267256288867e-14,4.915086607730149e-13,180000.04583819635,3.7983745000092313,True
392,A,Optimizer-A,386.7885380945072,493.70711154082323,1198.5559521674427,-37.06847788257825,-17.812025151605532,-97.31238780785705,20.660579850718715,1129.1001933205716,2.003388890278488e-08,8.460333123413588e-08,2.3331635290446684e-07,3.143263427318743e-12,-4.126174957264084e-10,-4.211848647628358e-10,5.896268041649687e-10,2.489891581838931e-07,180000.00000990054,11.812270700000226,True
393,T,ESPDI-T,85.07394844605446,-314.18087221806576,440.71137428932025,-13.093844790022047,48.35599677644788,-66.5109171211406,12.858561227363273,737.5546889496418,-9.883195404105684e-13,3.2920761386043274e-12,-1.4098709531654499e-11,1.271049411555314e-11,-4.697505578965533e-11,1.8704193749385922e-10,1.932689807200304e-10,1.4511655704098371e-11,180000.0,0.4002907000249252,True
393,T,Optimizer-T,85.07394844605446,-314.18087221806576,440.71137428932025,-13.093844790022047,48.35599677644788,-66.5109171211406,12.858561227363271,737.5546889500256,2.2839286017983795e-11,-8.432810005842839e-11,3.360218769898893e-10,1.2814638239433407e-11,-4.732658709372117e-11,1.885673839296942e-10,1.9483757102067305e-10,3.471938410471647e-10,180000.0,2.248225799994543,True
393,A,ESPDI-A,152.5390379927885,345.53495052740107,1151.5371434841154,9.776440206300649,-33.500401891820644,-56.07865118024913,22.92971666724538,1059.6292171910463,-3.410605131648481e-13,6.252776074688882e-13,-3.410605131648481e-13,5.684341886080802e-14,1.1368683772161603e-13,2.842170943040401e-14,1.302446348448666e-13,7.896940126926099e-13,180000.05710196742,3.8949340999824926,True
393,A,Optimizer-A,152.5390379927885,345.53495052740107,1151.5371434841154,9.776440206300649,-33.500401891820644,-56.07865118024913,21.171310521936444,1004.4938053110855,-7.612740625610101e-08,1.9266640078416677e-08,5.382391066177661e-08,8.813660912210253e-11,-4.496492067573854e-11,4.241940132487798e-12,9.903484242934583e-11,9.520293462976658e-08,180000.0000022068,64.19957010005601,True
394,T,ESPDI-T,153.1898004320622,-184.55325916831308,306.7197262179741,-27.93588797800519,33.655368435499895,-54.99383438793138,10.870571124522723,623.5254911249813,-8.617622782904066e-12,1.052903185645715e-11,-4.8353704070261405e-11,-4.058559044395338e-13,5.09578490515139e-13,-2.2080948181013582e-12,2.302188519407173e-12,5.0231510345371173e-11,180000.0,0.34793130005709827,True
394,T,Optimizer-T,153.1898004320622,-184.55325916831308,306.7197262179741,-27.93588797800519,33.655368435499895,-54.99383438793138,10.870571124522723,623.5254911253069,5.875899766749626e-11,-7.07658376342124e-11,3.397406800331737e-10,-3.19300141882195e-13,3.8191672047105385e-13,-1.8687273950490635e-12,1.933896336153573e-12,3.5197180746810367e-10,180000.0,30.13747479999438,True
394,A,ESPDI-A,304.00474892402804,-83.95803420653704,1311.7919636148195,-27.826300196800076,27.280064179804256,-76.9044167108147,23.224010064947773,1132.7792413634743,2.8421709430404007e-13,-5.684341886080802e-14,-8.526512829121202e-13,4.973799150320701e-14,0.0,-1.2079226507921703e-13,1.3063169256249008e-13,9.005691207309416e-13,180000.06022657486,3.8157690999796614,True
394,A,Optimizer-A,304.00474892402804,-83.95803420653704,1311.7919636148195,-27.826300196800076,27.280064179804256,-76.9044167108147,21.623277751623977,1081.2648629152645,9.201877094402097e-08,-9.956617374761231e-08,3.108770130211269e-08,6.031664057104535e-11,-1.0460965427228075e-11,1.310468178417068e-09,1.3118972427637747e-09,1.390946524243017e-07,180000.0000154887,22.09486030007247,True
395,T,ESPDI-T,-156.8101355911362,52.783212385131165,877.3957614709277,18.110646620083074,-6.096149992959624,-98.9907438097701,17.07464358920598,979.3851130532148,4.9931185488322205e-12,-1.6821622084639207e-12,-7.183742749966582e-11,-9.894307595459395e-13,3.3258291953774943e-13,1.4723527952398285e-11,1.4760483054133343e-11,7.203038867247642e-11,180000.0,0.6679073999403045,True
395,T,Optimizer-T,-156.8101355911362,52.783212385131165,877.3957614709277,18.110646620083074,-6.096149992959624,-98.9907438097701,17.07464358920598,979.3851130537223,-2.990852010498202e-11,1.0064227229378275e-11,4.3999115462156624e-10,-1.2332357357536239e-12,4.1389114358025836e-13,1.8136603330276557e-11,1.8183194345836835e-11,4.411213261562103e-10,180000.0,1.672040899982676,True
395,A,ESPDI-A,236.35559187233332,48.050167444714816,1350.1118232086098,2.1272472219289114,19.682140272926063,-82.57588495716905,23.21637002641959,1164.65390636353,-4.547473508864641e-13,-2.2737367544323206e-13,-9.094947017729282e-13,-2.842170943040401e-14,-5.684341886080802e-14,-1.8474111129762605e-13,1.953669522672999e-13,1.0419570787589327e-12,180000.01711626383,3.814548199996352,True
395,A,Optimizer-A,236.35559187233332,48.050167444714816,1350.1118232086098,2.1272472219289114,19.682140272926063,-82.57588495716905,21.924282072902255,1125.501157658402,6.48517801438186e-08,1.0161168246415086e-07,1.2844104446685378e-08,-9.767298081442277e-12,1.6440182548649318e-12,-2.587725589364709e-10,2.5896204387199946e-10,1.2122565083370338e-07,180000.00000297048,20.605242200079374,True
396,T,ESPDI-T,-181.29529591864085,-180.53118788226885,314.5057779089673,32.552164088272605,32.41496598803998,-55.50094667426615,11.039024934446193,633.1878394378,-6.060203987939827e-12,-6.039560832785812e-12,3.056621221322192e-11,-1.935683557885426e-11,-1.927665665979461e-11,9.733941430667414e-11,1.0110013923419078e-10,3.174107270544081e-11,180000.0,0.5134645000798628,True
396,T,Optimizer-T,-181.29529591864085,-180.53118788226885,314.5057779089673,32.552164088272605,32.41496598803998,-55.50094667426615,11.039024934446193,633.1878394381347,-3.559819106158102e-12,-3.5780267637619545e-12,1.779909553079051e-11,-1.9818369167978744e-11,-1.9737544931786033e-11,9.970335668185726e-11,1.035523914259937e-10,1.850087536591098e-11,180000.0,20.805787999997847,True
396,A,ESPDI-A,-112.8117544740046,485.3562193448331,1326.963115808363,-19.561816814679474,-39.47885949583029,-85.97469354909471,22.76535529266266,1164.912086000908,0.0,4.547473508864641e-13,-1.3642420526593924e-12,8.526512829121202e-14,1.4210854715202004e-14,-2.2737367544323206e-13,2.4325065010975337e-13,1.4380373887290168e-12,180000.00302738545,3.7758303000591695,True
396,A,Optimizer-A,-112.8117544740046,485.3562193448331,1326.963115808363,-19.561816814679474,-39.47885949583029,-85.97469354909471,21.7311534196201,1131.7744995412631,3.810620566841764e-07,1.9602372775155079e-07,3.386436553398653e-07,5.162092975297128e-12,-2.142019894790792e-11,-9.07363073565648e-11,9.337317387536188e-11,5.461804813318891e-07,180000.0000002045,22.030615699943155,True
397,T,ESPDI-T,-27.364549391299054,168.32904892392222,692.1956393304138,3.527530609952777,-21.69909192117656,-87.3490788815856,15.320672499367744,878.7790204493667,1.6681961530467387e-12,-9.93997082993775e-12,-1.1324195964626527e-10,7.223215081619827e-14,-3.9812597663058114e-13,-4.860306601628395e-12,4.877120260841652e-12,1.1368960956495288e-10,180000.0,0.47798899991903454,True
397,T,Optimizer-T,-27.364549391299054,168.32904892392222,692.1956393304138,3.527530609952777,-21.69909192117656,-87.3490788815856,15.320672499367745,878.7790204498233,-7.704836768596124e-12,4.725220215107129e-11,5.180016415806676e-10,4.446443213623752e-14,-2.788880237858393e-13,-3.0802027595200343e-12,3.093122153309048e-12,5.202094153300408e-10,180000.0,13.961548499995843,True
397,A,ESPDI-A,239.16192408256768,-414.9062644347134,1456.8406807123006,-9.033911719367886,-13.667693707556896,-57.81664699255023,25.837355445480142,1210.9403832730895,-5.684341886080802e-14,-9.094947017729282e-13,3.410605131648481e-13,-1.4210854715202004e-14,-1.1368683772161603e-13,-1.4210854715202004e-14,1.154495294690031e-13,9.730026004390135e-13,180000.00056829848,4.226451699971221,True
397,A,Optimizer-A,239.16192408256768,-414.9062644347134,1456.8406807123006,-9.033911719367886,-13.667693707556896,-57.81664699255023,24.46550207493904,1166.6889310502993,2.353298842210588e-08,-6.841865942548715e-08,1.317596556305034e-07,-5.163114380479783e-11,1.376445624146072e-10,-6.630926918660407e-10,6.791934323733205e-10,1.503180672890808e-07,180000.00000715267,27.70145420008339,True
398,T,ESPDI-T,67.41409209963408,264.7112472867872,470.6424527639772,-10.210216904257322,-40.091903155798285,-69.91856188874577,13.064820290490404,749.3855101790068,-4.4461980484074987e-13,-1.971961385415638e-12,-1.1423208516256333e-11,-1.802186871957545e-13,-7.527797829531835e-13,-3.722591679355958e-12,3.802215799773576e-12,1.1600690120949624e-11,180000.0,0.39964570000302047,True
398,T,Optimizer-T,67.41409209963408,264.7112472867872,470.6424527639772,-10.210216904257322,-40.091903155798285,-69.91856188874577,13.064820290490406,749.3855101793961,1.0586143073254561e-11,4.1515679782833104e-11,2.0532109346049765e-10,-7.260858581048524e-14,-2.8466118351389014e-13,-1.3908874052503961e-12,1.4215736949652336e-12,2.0974358038522315e-10,180000.0,21.528776899911463,True
398,A,ESPDI-A,-468.9345508082039,-303.952363793895,1636.6858362224054,-9.224876570835157,-19.43527299611455,-66.71986755182178,26.853172691412933,1308.3095499315841,-2.2737367544323206e-13,-9.094947017729282e-13,0.0,5.684341886080802e-14,2.842170943040401e-14,-1.2789769243681803e-13,1.4281732235759946e-13,9.374856803373542e-13,180000.00969730844,4.5464238000568,True
398,A,Optimizer-A,-468.9345508082039,-303.952363793895,1636.6858362224054,-9.224876570835157,-19.43527299611455,-66.71986755182178,25.762208760200572,1272.3386602010523,-5.6694119176411935e-08,-6.614238751218002e-08,-6.690916265483793e-08,6.147971021164267e-12,2.3588242470395926e-11,1.2521894632300246e-10,1.2756953887492983e-10,1.0984477512459182e-07,180000.00000417524,26.542075699893758,True
399,T,ESPDI-T,236.51248731193422,336.08632757761853,454.7306886993247,-35.20984458225149,-50.033499265603055,-66.28578387892425,13.289106330978306,762.2503414694456,3.074709540792919e-13,-9.161518657423151e-13,1.5426180298427905e-13,-5.960718030273426e-13,-9.439810044753472e-13,-3.378214374905042e-12,3.557911479223396e-12,9.786058106129942e-13,180000.0,0.41469600005075336,True
399,T,Optimizer-T,236.51248731193422,336.08632757761853,454.7306886993247,-35.20984458225149,-50.033499265603055,-66.28578387892425,13.289106330978306,762.2503414698585,-7.995026862772647e-11,-1.1375878017361174e-10,-4.468736491958225e-10,4.3653969328261155e-13,6.10178574333986e-13,2.454925152051146e-12,2.5670103814672965e-12,4.680055169181499e-10,180000.00000000003,20.379891200107522,True
399,A,ESPDI-A,95.782022455988,-411.54968837619043,1709.5369787162585,27.966303051677926,-2.8069465481158176,-91.33021798202671,25.939608702331284,1319.1776225289377,6.821210263296962e-13,0.0,2.7853275241795927e-12,2.842170943040401e-14,8.526512829121202e-14,2.4868995751603507e-13,2.644326580413064e-13,2.867636398066097e-12,180000.01116158042,4.721093100029975,True
399,A,Optimizer-A,95.782022455988,-411.54968837619043,1709.5369787162585,27.966303051677926,-2.8069465481158176,-91.33021798202671,24.838138666471245,1286.2918421169088,-8.552715273801055e-10,-4.7895426371223215e-09,3.596328923549663e-08,1.020961093445294e-11,7.151612635425408e-12,7.066702778502076e-11,7.175799979576475e-11,3.629089941974913e-08,180000.00001004944,24.48359790001996,True
400,T,ESPDI-T,13.27700329163034,3.4312695364349834,497.7963000204812,-2.012793277050015,-0.520180352673151,-74.10580425938771,13.05248226788222,748.6778130839648,-4.789092937204019e-13,-1.210564060569503e-13,-4.8938581638323765e-11,-3.59109985671735e-14,-8.869464949816386e-15,-3.539842030608753e-12,3.540035292040305e-12,4.8941074585014364e-11,180000.0,0.4076207000762224,True
400,T,Optimizer-T,13.27700329163034,3.4312695364349834,497.7963000204812,-2.012793277050015,-0.520180352673151,-74.10580425938771,13.052482267882219,748.6778130843595,-1.566663465624174e-13,-3.9707820365109114e-14,-1.5345058557159064e-11,-1.942890293094024e-15,-4.996003610813204e-16,-1.545430450278218e-13,1.5455606487512273e-13,1.5345909656249902e-11,180000.0,21.770357000059448,True
400,A,ESPDI-A,-442.3119677221404,287.659229787173,1717.5651073509694,-2.2526512262026017,10.161693534567696,-78.15159323276838,26.865082431442133,1304.609008119749,9.094947017729282e-13,2.2737367544323206e-13,6.821210263296962e-13,5.684341886080802e-14,-5.684341886080802e-14,7.105427357601002e-14,1.0728960028346179e-13,1.1593828079623528e-12,180000.00470773803,4.244770899997093,True
400,A,Optimizer-A,-442.3119677221404,287.659229787173,1717.5651073509694,-2.2526512262026017,10.161693534567696,-78.15159323276838,25.609183391503315,1264.4807869188298,1.5051701319849798e-07,-1.3408650436644358e-07,5.450501951997921e-07,7.776534971526416e-11,-5.3435478264418634e-11,-3.780726842705917e-10,3.8966877543017867e-10,5.811318931212953e-07,180000.00000319473,27.262142300023697,True
401,T,ESPDI-T,140.2381701561727,-289.4853104089943,926.6666082399702,-15.669240771121359,32.345081395813395,-101.03561571887289,17.640839830673343,1011.8615842054678,1.3481927569778882e-12,-2.5586827307518684e-12,2.2024938079942546e-11,-3.647082635893639e-13,7.859615736016679e-13,-6.651276751590274e-12,6.70747569052278e-12,2.221401311001501e-11,180000.0,0.6694979999447241,True
401,T,Optimizer-T,140.2381701561727,-289.4853104089943,926.6666082399702,-15.669240771121359,32.345081395813395,-101.03561571887289,17.640839830673343,1011.8615842060026,-1.8597678952403385e-11,3.830402661719745e-11,-3.2524205550998886e-10,1.1524114995609125e-13,-2.389199948993337e-13,2.021494083237485e-12,2.038823586083421e-12,3.2801747939686127e-10,180000.0,1.7428728999802843,True
401,A,ESPDI-A,-185.71582346252433,37.61728782746411,923.8719513742926,-8.8636234312904,10.392167908971985,-69.4633854153901,19.373822434758566,988.6790920040003,0.0,1.1368683772161603e-13,7.389644451905042e-13,2.842170943040401e-14,1.4210854715202004e-14,9.237055564881302e-14,9.768347613364995e-14,7.476584436270687e-13,180000.00385407903,3.882215299992822,True
401,A,Optimizer-A,-185.71582346252433,37.61728782746411,923.8719513742926,-8.8636234312904,10.392167908971985,-69.4633854153901,18.403940538877876,959.8331386901154,4.2842403024681475e-08,-2.1895633244442825e-08,1.283150687925172e-07,9.487521879236738e-12,-1.0733636202076013e-12,-3.5069191994807625e-10,3.508218748848739e-10,1.3703885263432705e-07,180000.00000735815,20.253920799936168,True
402,T,ESPDI-T,-328.9607590997223,329.1916885944619,753.9737209815992,39.677479808741126,-39.70533328400015,-88.79168172155482,16.35974539447983,938.3792410649949,5.2915168720270994e-12,-4.8516805536188284e-12,-3.3037560588731335e-11,8.753171798492332e-13,-8.734991896464095e-13,-5.61339169591335e-12,5.7479863718872115e-12,3.3808569396758045e-11,180000.0,0.6863904999336228,True
402,T,Optimizer-T,-328.9607590997223,329.1916885944619,753.9737209815992,39.677479808741126,-39.70533328400015,-88.79168172155482,16.35974539447983,938.3792410654933,8.912426352480907e-12,-9.029665903881323e-12,-5.637268429836695e-11,-4.1300296516055823e-14,3.419486915845482e-14,2.1316282072803006e-13,2.1980307484156873e-13,5.778274608243762e-11,179999.99999999997,18.932531700003892,True
402,A,ESPDI-A,-93.25430942973287,327.7233128390885,1741.6614989400969,20.150152145830177,-37.221318050723,-74.93491733042659,27.385063418282883,1266.0207213116355,-1.1368683772161603e-13,4.405364961712621e-13,-9.094947017729282e-13,0.0,6.838973831690964e-14,-9.947598300641403e-14,1.2071713839446225e-13,1.0169452856879869e-12,180000.09051886137,3.887492600013502,True
402,A,Optimizer-A,-93.25430942973287,327.7233128390885,1741.6614989400969,20.150152145830177,-37.221318050723,-74.93491733042659,25.090048477315623,1193.1820846915452,-3.30524293220113e-07,-9.520657368860288e-09,3.9489582448481997e-07,-1.0241585357562144e-11,1.54145585185006e-11,7.211653496597137e-11,7.445329610201741e-11,5.150530686452961e-07,180000.00000034895,27.93823930004146,True
403,T,ESPDI-T,-230.78393488859004,-172.19482387378187,1107.9830644487074,23.81847306572888,17.77167798302574,-111.41701073244936,19.07467960668216,1094.1052529409262,6.780986579538184e-12,4.812430347885671e-12,-7.853437648461248e-11,3.8679476288550063e-13,2.620299810462967e-13,-4.426820021663502e-12,4.451404879783867e-12,7.897334711579585e-11,180000.0,0.9005368000362068,True
403,T,Optimizer-T,-230.78393488859004,-172.19482387378187,1107.9830644487074,23.81847306572888,17.77167798302574,-111.41701073244936,19.07467960668216,1094.1052529415028,4.906652861791372e-11,3.660405312189141e-11,-6.154046161555016e-10,-5.098144129078719e-13,-3.816946758661288e-13,6.387779194483301e-12,6.419448932631747e-12,6.184417697092128e-10,180000.0,3.76987309998367,True
403,A,ESPDI-A,98.30791499675138,-52.64234914748732,1268.3043863700539,21.161428912670686,-16.764280953141196,-91.84468269423039,21.79301623161328,1154.2079753456856,-2.2737367544323206e-13,2.2737367544323206e-13,1.0231815394945443e-12,0.0,4.263256414560601e-14,9.237055564881302e-14,1.0173423748423967e-13,1.0725194820289065e-12,180000.00025026329,5.190102000022307,True
403,A,Optimizer-A,98.30791499675138,-52.64234914748732,1268.3043863700539,21.161428912670686,-16.764280953141196,-91.84468269423039,20.908257189034643,1127.6969527336187,-5.3284676409615645e-09,4.767596747343804e-09,1.9790348915194045e-07,-1.3450573987938697e-11,4.6633807926355075e-12,-6.160156829082553e-10,6.161801576243316e-10,1.9803260732681947e-07,180000.00000663256,14.303419300005771,True
404,T,ESPDI-T,65.59136131582831,202.74637233424718,741.2139073154933,-8.170066308567016,-25.254107744711302,-90.31104112014249,15.848444974340374,909.0515413583362,-1.3259227429115311e-12,-3.896185403386848e-12,-4.092334370681128e-11,-1.6257654944507038e-13,-4.890393645595736e-13,-4.807876319290472e-12,4.835417803676575e-12,4.1129775005019723e-11,180000.0,0.6286714000161737,True
404,T,Optimizer-T,65.59136131582831,202.74637233424718,741.2139073154933,-8.170066308567016,-25.254107744711302,-90.31104112014249,15.848444974340374,909.0515413588146,9.928280420012925e-12,3.060418585221214e-11,2.978897128969038e-10,-3.68594044175552e-14,-1.1324274851176597e-13,-1.1119993814645568e-12,1.1183582432128234e-12,2.99622208778947e-10,180000.0,1.6328607000177726,True
404,A,ESPDI-A,-481.9085386117705,-354.0688569464993,1266.632422995252,30.47797100395708,-6.494600764741023,-81.24776350229342,22.572802999850225,1159.758357846751,-6.821210263296962e-13,-2.2737367544323206e-13,1.7905676941154525e-12,-8.526512829121202e-14,0.0,2.7000623958883807e-13,2.8314927426963657e-13,1.9295389475352838e-12,180000.01976255173,3.888679499970749,True
404,A,Optimizer-A,-481.9085386117705,-354.0688569464993,1266.632422995252,30.47797100395708,-6.494600764741023,-81.24776350229342,21.78989561551317,1133.2872137350914,-2.4370518218043442e-08,5.3242204226125464e-09,2.100283573724937e-07,8.557066166758887e-11,-7.606359986311872e-12,-6.411617903268052e-10,6.468915181276876e-10,2.1150456350138756e-07,180000.0000060481,15.514039399917237,True
405,T,ESPDI-T,-342.6214803919885,-330.39682065755676,973.7087190247878,37.03484183829798,35.713446754505455,-102.57554668326907,18.22581863267314,1045.4154049418794,1.1278925860521838e-11,1.1059502398205052e-11,-8.369502072313223e-11,8.980409731823569e-13,8.394888516977117e-13,-6.654096544600474e-12,6.766699339153693e-12,8.51726673041803e-11,180000.0,0.7044453000416979,True
405,T,Optimizer-T,-342.6214803919885,-330.39682065755676,973.7087190247878,37.03484183829798,35.713446754505455,-102.57554668326907,18.22581863267314,1045.4154049424178,-5.157430038593702e-11,-4.984146428910208e-11,3.9256242700957955e-10,2.673417043297377e-13,2.55351295663786e-13,-1.993072373807081e-12,2.0270701414366735e-12,3.9906057074388117e-10,179999.99999999997,2.803868899936788,True
405,A,ESPDI-A,-287.8229537453766,315.7369858587889,1680.8801451890195,-10.725284978336326,1.9776830319320169,-60.84986191833254,27.73662676034334,1265.6375786389744,0.0,-1.1368683772161603e-13,1.0231815394945443e-12,-2.842170943040401e-14,0.0,4.263256414560601e-14,5.123796534383003e-14,1.0294781007061621e-12,180000.04007626505,3.953786400030367,True
405,A,Optimizer-A,-287.8229537453766,315.7369858587889,1680.8801451890195,-10.725284978336326,1.9776830319320169,-60.84986191833254,25.98785222410886,1210.3107524957231,-2.6189117605393815e-08,2.064219328568091e-08,4.7453816875986377e-08,-4.96545027317552e-11,4.928146779548115e-11,2.5721291763147747e-10,2.66557156546419e-10,5.799857550571572e-08,180000.00001885905,31.03402829996776,True
406,T,ESPDI-T,-314.84470017444363,241.8970131342841,616.3553042798219,41.68040658785971,-32.02329864291677,-79.81202983147739,14.923510867180319,855.9982117017007,-1.5565056838903746e-12,1.5779912099223026e-12,1.2623923174165386e-11,1.1271400479628824e-12,-8.605269274930549e-13,-5.943218139847772e-12,6.110056721379763e-12,1.2817027834478824e-11,180000.0,0.6199116000207141,True
406,T,Optimizer-T,-314.84470017444363,241.8970131342841,616.3553042798219,41.68040658785971,-32.02329864291677,-79.81202983147739,14.923510867180319,855.99821170215,-2.7221780385389138e-11,2.107336527501502e-11,1.4933831948837906e-10,3.82804898890754e-13,-2.8910207561239076e-13,-2.0055068716828828e-12,2.0620808454339066e-12,1.5325483913722835e-10,180000.0,36.35549260000698,True
406,A,ESPDI-A,-246.5467040506093,-470.8280512855527,1697.8206752240458,-18.05249397203709,40.401542798653466,-83.71006788962781,26.35273399105429,1290.3643463237204,2.2737367544323206e-13,5.115907697472721e-13,-9.663381206337363e-13,5.684341886080802e-14,7.815970093361102e-14,-1.5631940186722204e-13,1.837821224111389e-13,1.11679598287472e-12,180000.02033787096,3.91548349999357,True
406,A,Optimizer-A,-246.5467040506093,-470.8280512855527,1697.8206752240458,-18.05249397203709,40.401542798653466,-83.71006788962781,24.828531525117327,1245.3331805723737,-2.530904882831945e-07,3.703220344284561e-08,-1.2017991934953898e-08,-2.3025314987989987e-10,3.451905428164537e-11,4.3144154915353283e-11,2.3678998340612894e-10,2.56067591626521e-07,180000.00001412834,18.146787000005133,True
407,T,ESPDI-T,-93.1746631500387,-30.234950008878652,567.3134503591682,13.237641582342931,4.295582274690794,-79.05155407033239,13.917559795226898,798.2978269654759,3.639963439168448e-12,1.1316580945984825e-12,-5.7514376724729366e-11,5.898059818321144e-16,-1.1258355359089478e-15,9.137135492665038e-14,9.138019412258893e-14,5.764055442061296e-11,180000.0,0.513831700081937,True
407,T,Optimizer-T,-93.1746631500387,-30.234950008878652,567.3134503591682,13.237641582342931,4.295582274690794,-79.05155407033239,13.9175597952269,798.297826965907,2.5104474055126502e-11,8.138656415468404e-12,-4.0872372153444303e-10,-3.723688024592775e-13,-1.216249323476859e-13,6.119549311733863e-12,6.132074276128424e-12,4.0957484406491387e-10,180000.0,33.843835299951024,True
407,A,ESPDI-A,272.76133752526584,-20.919432753153217,1261.2228893776203,-10.075048600977908,-18.451377639897725,-81.46629341765001,22.40874548547437,1121.319362712762,-1.1368683772161603e-13,2.2737367544323206e-13,-2.2737367544323206e-13,2.842170943040401e-14,-7.105427357601002e-14,-7.105427357601002e-15,7.685694801574505e-14,3.410605131648481e-13,180000.02351450306,3.8915432000067085,True
407,A,Optimizer-A,272.76133752526584,-20.919432753153217,1261.2228893776203,-10.075048600977908,-18.451377639897725,-81.46629341765001,21.12507399404931,1079.9284842208344,5.185113361837134e-08,-7.706246619612494e-08,-7.66693553089226e-08,2.7035262917252112e-11,-6.014122533315458e-11,-1.5968382172104612e-10,1.7276225092599675e-10,1.2043817416925963e-07,180000.00000343,18.849322599940933,True
408,T,ESPDI-T,-181.67478800466213,82.61170768165486,723.9472003746346,22.896570524473404,-10.411597623725598,-89.27154907875276,15.66596650627989,898.5847521608048,8.648763319017358e-12,-4.091745131194931e-12,-9.171200094932469e-11,4.661861174870552e-13,-2.1712666387063706e-13,-4.921715812677974e-12,4.948510889658186e-12,9.220973160841523e-11,180000.0,0.6042035999707878,True
408,T,Optimizer-T,-181.67478800466213,82.61170768165486,723.9472003746346,22.896570524473404,-10.411597623725598,-89.27154907875276,15.66596650627989,898.5847521612741,-2.411981725458645e-11,1.0971668018555647e-11,2.561062473205311e-10,1.509903313490213e-13,-6.783462680459706e-14,-1.5774048733874224e-12,1.5860661245171956e-12,2.574734025100633e-10,179999.99999999997,2.2237749999621883,True
408,A,ESPDI-A,-5.316485289281957,-182.51073762092204,1247.0394516912638,-25.25766524362703,17.114682770894312,-86.217839808142,21.953834965280528,1124.142670577883,6.821210263296962e-13,1.1368683772161603e-13,3.126388037344441e-13,8.526512829121202e-14,3.552713678800501e-15,6.394884621840902e-14,1.0664060582004449e-13,7.589181861259641e-13,180000.03686468815,3.764119299943559,True
408,A,Optimizer-A,-5.316485289281957,-182.51073762092204,1247.0394516912638,-25.25766524362703,17.114682770894312,-86.217839808142,20.75031057320766,1086.187020612193,-8.147839642627788e-08,1.3423796068085595e-09,-8.104319348944955e-08,-5.24842391769198e-11,2.220934547381148e-11,-6.747313818777911e-11,8.832029645139542e-11,1.1492837020585834e-07,180000.00000456898,19.624146800022572,True
409,T,ESPDI-T,-262.3503345146862,-394.6672241559444,533.058412188057,36.25986478415386,54.54759647669056,-72.0385269179433,14.301791661650059,820.3369968005263,7.811627440143824e-14,-3.5865100392860633e-14,-4.930669147442095e-13,7.456778250425344e-13,1.1204995264968431e-12,-4.401654388197507e-12,4.602837816041119e-12,5.005031869707967e-13,180000.0,0.5087509999284521,True
409,T,Optimizer-T,-262.3503345146862,-394.6672241559444,533.058412188057,36.25986478415386,54.54759647669056,-72.0385269179433,14.30179166165006,820.336996800972,4.997979807797037e-11,7.51834150491959e-11,-2.9259616951549106e-10,-2.304822999121825e-13,-3.455014052633487e-13,1.3606893389805919e-12,1.4226625702629551e-12,3.0620751873445614e-10,180000.00000000003,12.737360800034367,True
409,A,ESPDI-A,-39.31046958994557,-348.5002953074511,1580.099927096901,-22.42668319665015,-13.99067391522571,-58.00254280303514,26.973979967171182,1251.7816826039852,-6.821210263296962e-13,-2.2737367544323206e-13,9.094947017729282e-13,-5.684341886080802e-14,2.842170943040401e-14,7.105427357601002e-14,9.532931148469529e-14,1.1593828079623528e-12,180000.03587593997,3.8878359000664204,True
409,A,Optimizer-A,-39.31046958994557,-348.5002953074511,1580.099927096901,-22.42668319665015,-13.99067391522571,-58.00254280303514,25.347053284170258,1202.2261049698845,1.7533505574120535e-07,2.4817295381994986e-07,2.7444919936669976e-07,-3.069988707693483e-11,-6.125944196355704e-11,2.475388782841037e-10,2.568476173889399e-10,4.094564199185465e-07,180000.0000038907,31.760789699968882,True
410,T,ESPDI-T,24.297269766633708,262.0108284350148,629.4344448634315,-3.2451739972469724,-34.99449673156629,-82.31579643202933,14.793598841715932,848.546583028945,-7.561444553176935e-13,-8.63134336139687e-12,-5.499707460276948e-11,-6.255412854372366e-14,-7.006548119470324e-13,-4.5340814436301e-12,4.588324827425932e-12,5.567539903334532e-11,180000.0,0.5797417000867426,True
410,T,Optimizer-T,24.297269766633708,262.0108284350148,629.4344448634315,-3.2451739972469724,-34.99449673156629,-82.31579643202933,14.793598841715934,848.5465830293979,-3.707062434799013e-12,-3.9918957028817204e-11,-2.5987212382005964e-10,1.5931700403370996e-14,1.7408297026122455e-13,1.1386447340555605e-12,1.1519854730009278e-12,2.629463560898163e-10,180000.0,36.185400500078686,True
410,A,ESPDI-A,-206.38237093135837,359.98407996093135,1112.5086112325084,29.607819954882686,-35.40993914841971,-68.74512255130581,21.65455984129366,1047.2074460185486,2.3803181647963356e-13,9.094947017729282e-13,1.1368683772161603e-12,1.509903313490213e-14,9.237055564881302e-14,1.1368683772161603e-13,1.4725826775981167e-13,1.4752320038975996e-12,180000.0541317153,3.8536490999395028,True
410,A,Optimizer-A,-206.38237093135837,359.98407996093135,1112.5086112325084,29.607819954882686,-35.40993914841971,-68.74512255130581,20.130355993656334,996.3011331625203,5.0912371473168806e-08,-4.3510106227512715e-09,-1.3605056636833979e-08,-2.9567275711128715e-11,-1.6648460388068997e-11,-2.9477220664375636e-10,2.9671880431799464e-10,5.287814698486217e-08,180000.0000012482,17.117742800037377,True
411,T,ESPDI-T,43.79690060720788,169.54507737507052,623.0161276962242,-5.925779566815841,-22.939677037284625,-82.58743544257077,14.605664278369877,837.7668374601617,1.1522355132195274e-12,4.806582727185293e-12,4.4172222398385606e-11,-5.329272179804834e-12,-2.0596486322022045e-11,-2.0307702047750453e-10,2.041883753713724e-10,4.4447903390414706e-11,180000.0,0.46184620005078614,True
411,T,Optimizer-T,43.79690060720788,169.54507737507052,623.0161276962242,-5.925779566815841,-22.939677037284625,-82.58743544257077,14.60566427836988,837.7668374606146,-1.1097400776094446e-11,-4.299161027176979e-11,-4.233715600321375e-10,-5.143885317693275e-12,-1.9913404258886658e-11,-1.9611867685398465e-10,1.971941648130012e-10,4.2569344451352645e-10,179999.99999999997,2.324543199967593,True
411,A,ESPDI-A,101.33981339023137,-439.47537612542885,1455.3114151947866,23.725180518928582,24.60857796436747,-75.13961933162868,24.712900307227184,1198.9619896780496,3.410605131648481e-13,-2.2737367544323206e-13,1.7053025658242404e-13,-2.842170943040401e-14,1.4210854715202004e-14,0.0,3.1776437161565096e-14,4.43961293735052e-13,180000.0182467306,3.839135600021109,True
411,A,Optimizer-A,101.33981339023137,-439.47537612542885,1455.3114151947866,23.725180518928582,24.60857796436747,-75.13961933162868,23.237481679903123,1154.2852489141187,-3.3030667523639946e-08,-2.0001586622080446e-09,1.8052494965559163e-07,1.5047518786559522e-10,-5.006128844797786e-11,-2.8772006999133737e-10,3.2852968426015616e-10,1.8353278475489097e-07,180000.00001561848,18.49802730011288,True
412,T,ESPDI-T,418.10762835230184,-307.8313511595021,915.0674241597835,-46.230406130237796,34.037093367099004,-98.62294231765941,17.823514057261317,1022.339601923617,-1.104130870933917e-11,8.04681744414476e-12,-6.368815067339662e-11,-1.0685619056260975e-12,7.816802760629571e-13,-6.266126506559999e-12,6.4044664099638275e-12,6.51371039054669e-11,180000.0,0.9050297999056056,True
412,T,Optimizer-T,418.10762835230184,-307.8313511595021,915.0674241597835,-46.230406130237796,34.037093367099004,-98.62294231765941,17.823514057261317,1022.3396019241627,-7.987699390810121e-11,5.875744335526178e-11,-4.717186641300941e-10,4.742872761198669e-13,-3.526068326209497e-13,2.8279600883251987e-12,2.889054907726824e-12,4.820282869232076e-10,180000.00000000003,10.222472000052221,True
412,A,ESPDI-A,424.869889416138,166.11964215762225,1123.6551979782162,-27.062794222077883,-37.95567536393388,-61.09115559241924,22.256552542355806,1062.8418461884357,-3.410605131648481e-13,1.1368683772161603e-13,-1.1937117960769683e-12,-2.842170943040401e-14,0.0,-2.1316282072803006e-13,2.150492541435022e-13,1.2466735028886722e-12,180000.03618044435,3.818425300065428,True
412,A,Optimizer-A,424.869889416138,166.11964215762225,1123.6551979782162,-27.062794222077883,-37.95567536393388,-61.09115559241924,20.753882263979616,1016.4259933876929,-9.409838564891688e-08,1.6344327973915297e-07,-9.307293780125292e-08,1.7853096778708277e-10,1.300750618327129e-10,1.3133423237832176e-09,1.3317886047004902e-09,2.103111590586177e-07,180000.00000223308,22.29276439989917,True
413,T,ESPDI-T,152.14646863352783,141.08905354580642,336.5092738718039,-26.97898089591115,-25.01825322941271,-58.676496345047816,11.176622069240567,641.0802785808082,-1.0890127018000771e-11,-1.0407922117500071e-11,-6.869945226844337e-11,-3.228459166670916e-13,-3.3887129213816536e-13,-2.14049784841297e-12,2.191071490756191e-12,7.033160350266633e-11,180000.0,0.35447699995711446,True
413,T,Optimizer-T,152.14646863352783,141.08905354580642,336.5092738718039,-26.97898089591115,-25.01825322941271,-58.676496345047816,11.176622069240567,641.0802785811393,4.375566575731682e-11,4.0525471867169927e-11,2.729638737264395e-10,-2.1804780203638074e-13,-2.0294876890147862e-13,-1.3606893389805919e-12,1.3929136814558764e-12,2.7940320061815044e-10,180000.0,35.685892699984834,True
413,A,ESPDI-A,-410.7401378676515,107.80083887028434,1268.597874843496,23.168344234015237,20.206965729038487,-75.14062853862477,22.864223985220683,1132.9657049664693,-1.1368683772161603e-13,0.0,-2.8421709430404007e-13,2.842170943040401e-14,-8.526512829121202e-14,-7.815970093361102e-14,1.191086668529821e-13,3.06111178766429e-13,180000.00026065137,4.171532700071111,True
413,A,Optimizer-A,-410.7401378676515,107.80083887028434,1268.597874843496,23.168344234015237,20.206965729038487,-75.14062853862477,21.639641003007732,1095.1871205798125,-6.25438520138424e-08,1.5791994838066624e-07,-9.590683092142172e-08,1.3240075702469767e-11,-1.5874679348826248e-10,9.629737007799122e-10,9.760605475282627e-10,1.9506041048524398e-07,180000.00000982618,22.09852680005133,True
414,T,ESPDI-T,-194.1293120514421,-123.45359938318076,506.9110804643989,28.671673434959345,18.23331700133413,-73.43457496955484,13.393855278110346,768.2586402016059,-5.939203122362624e-13,-5.072612252118858e-13,5.597327722844936e-12,5.839217998016011e-13,3.6744218778750337e-13,-4.095557226690971e-12,4.153259855432868e-12,5.651560220400979e-12,180000.0,0.5786468000151217,True
414,T,Optimizer-T,-194.1293120514421,-123.45359938318076,506.9110804643989,28.671673434959345,18.23331700133413,-73.43457496955484,13.393855278110344,768.2586402020024,-3.4155789307988016e-11,-2.1756707546671805e-11,2.4435298229263935e-10,2.3936408410918375e-13,1.4876988529977098e-13,-1.6822099269120372e-12,1.7056546783375986e-12,2.476859952072987e-10,180000.0,3.933369299978949,True
414,A,ESPDI-A,-18.083302502005836,-221.98199257736815,1238.8374427803385,34.22962081851385,31.01772558426393,-79.75673640066574,22.240852962858472,1133.259790420041,0.0,-1.3500311979441904e-13,1.9326762412674725e-12,1.4210854715202004e-14,-2.1316282072803006e-14,2.2026824808563106e-13,2.2175309104465035e-13,1.9373856858958137e-12,180000.04578512628,4.45761909999419,True
414,A,Optimizer-A,-18.083302502005836,-221.98199257736815,1238.8374427803385,34.22962081851385,31.01772558426393,-79.75673640066574,20.945926642789715,1096.2106890257219,-3.257001071338441e-07,-1.322823650547785e-07,2.7309970462852107e-07,-9.376677212458162e-11,-5.154149329555935e-11,5.46265255252365e-11,1.2013654887984222e-10,4.451546164645141e-07,180000.00000163095,21.646601099986583,True
415,T,ESPDI-T,46.76070053704576,-68.44797442679508,604.7998119931134,-6.450508979573669,9.442208277523065,-81.78783920202619,14.328874907245197,821.890465686156,-2.6693510767804513e-12,3.886989613911904e-12,-8.986897889680682e-11,-8.385067813698743e-14,1.2367624285802847e-13,-2.8500223014926718e-12,2.853936556456204e-12,8.999259686987857e-11,180000.0,0.5869279999751598,True
415,T,Optimizer-T,46.76070053704576,-68.44797442679508,604.7998119931134,-6.450508979573669,9.442208277523065,-81.78783920202619,14.328874907245197,821.8904656865998,-1.0797140959084572e-11,1.5827283927905e-11,-3.7201708380507625e-10,8.72635297355373e-14,-1.2667644710973036e-13,2.9967139880682225e-12,3.0006593562345595e-12,3.7251012310037696e-10,179999.99999999997,30.100171400001273,True
415,A,ESPDI-A,-146.21502183982005,-489.39150110409105,1530.6060129758584,25.70928285013622,33.334202851794814,-89.5926458976807,24.53337005877536,1216.577436230118,1.1368683772161603e-13,-6.821210263296962e-13,-3.410605131648481e-13,1.0658141036401503e-14,-8.526512829121202e-14,-7.105427357601002e-15,8.622195295168635e-14,7.710616481660131e-13,180000.0284756846,3.8386643999256194,True
415,A,Optimizer-A,-146.21502183982005,-489.39150110409105,1530.6060129758584,25.70928285013622,33.334202851794814,-89.5926458976807,23.106095208611467,1168.8382994556996,-9.402559035063402e-08,1.0484344603018706e-09,2.8489300163414555e-07,5.680078629666241e-11,4.233591255342617e-11,-4.539977283002372e-10,4.5949167143423443e-10,3.000098885632206e-07,180000.00000191407,16.98513990000356,True
416,T,ESPDI-T,51.38359940702689,-277.4440185865145,515.2201272861934,-7.474272273020738,40.3570820138585,-73.46672962534046,13.597178006438334,779.9210360946417,5.481670076624284e-13,-2.6610706910581983e-12,1.488505022365083e-11,-1.214531947235642e-13,6.914468997365475e-13,-3.4368341506052502e-12,3.5078025418244905e-12,1.5130978304515084e-11,180000.0,0.4442088999785483,True
416,T,Optimizer-T,51.38359940702689,-277.4440185865145,515.2201272861934,-7.474272273020738,40.3570820138585,-73.46672962534046,13.597178006438334,779.9210360950456,1.4921897051323185e-11,-8.051070921055725e-11,4.127986841240272e-10,-6.17284001691587e-14,3.397282455352979e-13,-1.7479351299698465e-12,1.7817134715729799e-12,4.2084128947113254e-10,180000.0,36.266399300075136,True
416,A,ESPDI-A,-493.34506114165913,-300.73920759190077,853.776188767841,25.327546542034725,33.21772343505634,-65.80642838856812,19.0134857359639,972.0320183959084,-2.2737367544323206e-13,2.8421709430404007e-13,3.979039320256561e-13,-8.526512829121202e-14,4.973799150320701e-14,5.3290705182007514e-14,1.1217802440801665e-13,5.392640207733813e-13,180000.00198952982,3.8585482999915257,True
416,A,Optimizer-A,-493.34506114165913,-300.73920759190077,853.776188767841,25.327546542034725,33.21772343505634,-65.80642838856812,18.354758234993994,946.7290163794733,-4.3116107938366496e-08,1.6896477335397976e-08,-1.2106389668531392e-07,-7.228173615203559e-11,-5.2312820741917676e-11,3.558575656370522e-10,3.668731219594281e-10,1.296185048159824e-07,180000.00000403496,22.01115849998314,True
417,T,ESPDI-T,-241.5119904648512,89.8416693878175,336.854308581209,42.17480344220682,-15.68888873822759,-57.79920504684431,11.34744213472913,650.8783530340897,2.3464520257365784e-11,-8.783449174151053e-12,-9.394216329318417e-11,8.595346656647962e-13,-3.2066016508736084e-13,-3.3467811855203422e-12,3.4702402059088493e-12,9.722583367863967e-11,180000.0,0.36897599999792874,True
417,T,Optimizer-T,-241.5119904648512,89.8416693878175,336.854308581209,42.17480344220682,-15.68888873822759,-57.79920504684431,11.34744213472913,650.8783530344299,-1.9421575458977713e-11,7.200018359299065e-12,7.754774600243763e-11,4.303224443447107e-13,-1.6209256159527285e-13,-1.7408297026122455e-12,1.8005386577711578e-12,8.026637382952834e-11,180000.0,32.56699269998353,True
417,A,ESPDI-A,-471.4911861165466,168.63018849936702,1664.4557381994948,2.102115586074923,4.455809557449619,-57.95945243180266,27.815320111791728,1250.1093943106025,0.0,0.0,1.5916157281026244e-12,-2.842170943040401e-14,2.842170943040401e-14,9.947598300641403e-14,1.0728960028346179e-13,1.5916157281026244e-12,180000.040836897,3.8790641999803483,True
417,A,Optimizer-A,-471.4911861165466,168.63018849936702,1664.4557381994948,2.102115586074923,4.455809557449619,-57.95945243180266,25.9621548396687,1191.221042808691,-4.4451432250766166e-08,2.2541252579085487e-08,2.658480369177596e-08,9.897149766402435e-11,-4.994493707499714e-11,1.0558665053395089e-10,1.5309603149743652e-10,5.6487075374007877e-08,180000.00000913005,25.417063800035976,True
418,T,ESPDI-T,-309.93701530676697,-426.52755523255644,993.5799112942857,33.07197576016972,45.51282444832776,-103.27527440933076,18.4590429168804,1058.7929252843533,5.654370241882194e-12,8.140681488286172e-12,-5.315952420013176e-11,8.874102841449627e-12,1.2173938940263085e-11,-7.651206057612825e-11,7.798108683627715e-11,5.407566560949945e-11,180000.0,0.6459987000562251,True
418,T,Optimizer-T,-309.93701530676697,-426.52755523255644,993.5799112942857,33.07197576016972,45.51282444832776,-103.27527440933076,18.4590429168804,1058.7929252849062,2.659206188582175e-12,3.959499395023158e-12,-2.439293211864424e-11,8.037570609076283e-12,1.1072032179981761e-11,-6.912870276210015e-11,7.046963873514061e-11,2.4854861704651833e-11,180000.00000000003,2.451471999986097,True
418,A,ESPDI-A,-161.78278900383026,-164.09390190298092,1358.2368044069117,27.726488780095252,-1.5214174355670167,-76.84078317074263,23.70211561549625,1145.4870196394568,-5.684341886080802e-14,-2.2737367544323206e-13,-1.9895196601282805e-12,7.105427357601002e-15,1.4210854715202004e-14,-2.2026824808563106e-13,2.208405230123852e-13,2.0032769255869987e-12,180000.06121743805,3.9157619000179693,True
418,A,Optimizer-A,-161.78278900383026,-164.09390190298092,1358.2368044069117,27.726488780095252,-1.5214174355670167,-76.84078317074263,22.011922221813908,1091.0312122113955,1.5029152057238978e-07,-7.445867951151347e-08,-1.3869090054186017e-07,3.22679660769154e-11,-2.800426557314495e-11,-6.275513442233205e-11,7.591882125927113e-11,2.1763915549292017e-07,180000.00000196826,19.79258549993392,True
419,T,ESPDI-T,294.031178053017,121.73639037526837,755.6626035690713,-36.002429688655766,-14.90592210002329,-90.44169275121484,16.118600073049045,924.5473776554973,-3.6093246989256367e-12,-1.584611348387499e-12,-2.3816552029154447e-11,-8.098036130554931e-13,-3.453383412566069e-13,-5.64079338793988e-12,5.709079654995704e-12,2.4140554435744303e-11,180000.0,0.49306879995856434,True
419,T,Optimizer-T,294.031178053017,121.73639037526837,755.6626035690713,-36.002429688655766,-14.90592210002329,-90.44169275121484,16.118600073049045,924.5473776559811,2.5479618415147343e-11,1.0559775276419714e-11,1.7612755698337423e-10,-1.8207657603852567e-13,-7.593925488436071e-14,-1.2541079286165768e-12,1.2695295768879377e-12,1.7827404785162011e-10,180000.0,13.6396791000152,True
419,A,ESPDI-A,160.94483794075143,-206.29110113830927,889.5864980847178,-13.707255234616103,35.699794022851876,-93.78489859141892,17.486082475053408,987.3015983218247,-1.1368683772161603e-13,1.4921397450962104e-13,1.4139800441625994e-12,-1.4210854715202004e-14,6.794564910705958e-14,2.566835632933362e-13,2.659041392857215e-13,1.4263691922325598e-12,180000.00109878075,4.025680399965495,True
419,A,Optimizer-A,160.94483794075143,-206.29110113830927,889.5864980847178,-13.707255234616103,35.699794022851876,-93.78489859141892,17.364058955902802,982.9529351855999,1.809492129404056e-08,-2.389463782731225e-08,1.6251951606705006e-07,-8.066747270163432e-11,1.1483081152618979e-10,-6.708589239678986e-10,6.853794950939217e-10,1.6526031887965147e-07,180000.0000068069,11.440296399989165,True
420,T,ESPDI-T,-204.48237895801822,259.8885321782769,1060.5102187312336,21.48631946776466,-27.308211381565258,-108.6039466120434,18.740642594341754,1074.945211597411,-1.3733486732819128e-12,2.047186340803711e-12,2.2560259324740095e-11,5.4316273701005e-13,-6.759037773917953e-13,-7.149197900346849e-12,7.201590261427856e-12,2.2694544703340072e-11,180000.0,0.7003866999875754,True
420,T,Optimizer-T,-204.48237895801822,259.8885321782769,1060.5102187312336,21.48631946776466,-27.308211381565258,-108.6039466120434,18.740642594341754,1074.9452115979657,-3.636113632410343e-11,4.615197113366776e-11,4.941060893770555e-10,1.354472090042691e-13,-1.7141843500212417e-13,-1.865174681370263e-12,1.8779262015080053e-12,4.97587142351759e-10,180000.0,1.7788214000174776,True
420,A,ESPDI-A,-119.70944004504389,-274.43677892028404,1674.0172536775542,-39.21412411735874,41.46766381513943,-81.3333187736894,26.214307096822367,1314.5974456425702,4.547473508864641e-13,-5.115907697472721e-13,-3.410605131648481e-13,2.842170943040401e-14,-8.526512829121202e-14,-4.263256414560601e-14,9.947598300641403e-14,7.6474998690365e-13,180000.03449315138,3.8792944999877363,True
420,A,Optimizer-A,-119.70944004504389,-274.43677892028404,1674.0172536775542,-39.21412411735874,41.46766381513943,-81.3333187736894,24.756334390651837,1276.3173117249244,-1.843421250793723e-07,9.652525967416971e-08,-1.0080171009008154e-07,7.579359362352989e-11,-5.757572196785077e-11,1.3937295761934365e-11,9.619709355091596e-11,2.3121446665602412e-07,180000.0000134835,28.94426579994615,True
421,T,ESPDI-T,-188.55816523366929,166.54696772999668,473.08461970789904,28.60731720028045,-25.26786325425135,-70.41655589097365,13.042596022042268,748.1107475432382,6.556621456703382e-12,-5.3911020070872284e-12,-4.5778977939177345e-11,8.110387361703886e-13,-6.823291931468134e-13,-5.6622762034663765e-12,5.760618783058886e-12,4.6559296460889624e-11,180000.0,0.47997320001013577,True
421,T,Optimizer-T,-188.55816523366929,166.54696772999668,473.08461970789904,28.60731720028045,-25.26786325425135,-70.41655589097365,13.042596022042268,748.1107475436438,8.678924245941744e-11,-7.672174007211652e-11,-6.022915499670489e-10,-1.270095140171179e-13,1.0702549957386509e-13,8.615330671091215e-13,8.773967745167234e-13,6.133300165229835e-10,180000.0,9.236202800064348,True
421,A,ESPDI-A,-106.3482462240961,-124.46063987136148,1700.9697818727054,-16.413499667915314,-4.818125687718279,-70.4948815030977,27.315379384696936,1255.487756208042,1.1368683772161603e-13,1.7053025658242404e-13,-1.0231815394945443e-12,-1.4210854715202004e-14,0.0,-8.526512829121202e-14,8.644125458514252e-14,1.0435064581705444e-12,180000.0750936996,3.8526723000686616,True
421,A,Optimizer-A,-106.3482462240961,-124.46063987136148,1700.9697818727054,-16.413499667915314,-4.818125687718279,-70.4948815030977,25.163747637343878,1189.4924078476615,-3.005888322052921e-07,-1.85200630584812e-07,-3.7506871919390505e-07,-1.993960552226781e-11,-1.3487877481566102e-11,5.926281687607116e-11,6.396555456984747e-11,5.151014111156265e-07,180000.0000002165,23.87922050000634,True
422,T,ESPDI-T,-31.05322664376906,-152.69545377402287,1075.8322007359677,3.262855446527226,16.044168250917878,-110.2098183434323,18.741281254156114,1074.9818445093188,1.351022128236656e-12,7.24868866916039e-12,-1.2666917059526994e-10,7.693715456391637e-14,4.236281464509162e-13,-7.292402792735686e-12,7.305102232256375e-12,1.2688359833921403e-10,180000.0,0.5674174999585375,True
422,T,Optimizer-T,-31.05322664376906,-152.69545377402287,1075.8322007359677,3.262855446527226,16.044168250917878,-110.2098183434323,18.741281254156114,1074.9818445098717,-3.649053281762349e-12,-1.8027801473863292e-11,3.282778493485239e-10,2.4091839634365897e-14,1.1390888232654106e-13,-2.1813661987835076e-12,2.1844711358599037e-12,3.287927365206329e-10,180000.00000000003,2.045113499974832,True
422,A,ESPDI-A,429.5624782555003,-168.73341795150566,725.8458503583937,-32.37121546143711,25.886574871995165,-63.8681691287099,17.344360342090596,894.0526702759107,4.547473508864641e-13,-2.2026824808563106e-13,-2.1316282072803006e-13,0.0,-3.375077994860476e-14,-3.907985046680551e-14,5.163671038754328e-14,5.484082807486593e-13,180000.00895308412,4.079851199989207,True
422,A,Optimizer-A,429.5624782555003,-168.73341795150566,725.8458503583937,-32.37121546143711,25.886574871995165,-63.8681691287099,16.71638498110599,870.1348944750171,-2.62820257216391e-08,1.1494488325623629e-08,3.029917294838924e-08,3.3232083751499886e-11,6.326050794314142e-11,-2.596038939373102e-10,2.6925906670547823e-10,4.172418985741005e-08,180000.00000761723,22.033383999951184,True
423,T,ESPDI-T,323.32661064051547,-109.90910248744238,999.1946255522253,-34.87900611226996,11.856494737192648,-105.10265255399705,18.261936178538594,1047.4870725908022,-7.470688970874148e-12,2.4510398796847264e-12,-6.054310194457055e-11,-6.445954880973659e-13,2.1433722852126635e-13,-5.271269531981204e-12,5.314859007499541e-12,6.105150271092438e-11,180000.0,0.7212968999519944,True
423,T,Optimizer-T,323.32661064051547,-109.90910248744238,999.1946255522253,-34.87900611226996,11.856494737192648,-105.10265255399705,18.261936178538594,1047.4870725913424,5.7990945379060577e-11,-1.971089957919503e-11,4.7244164136373e-10,-9.50350909079134e-14,3.219646771412954e-14,-8.419931418757187e-13,8.479509018822295e-13,4.763953964960552e-10,180000.0,5.4549374000635,True
423,A,ESPDI-A,-360.9401306195499,318.8748449356815,1713.2239572826438,-14.275038582077528,-13.005503496030595,-63.16139675092464,27.85177823569254,1280.9106332114934,0.0,3.410605131648481e-13,1.0231815394945443e-12,0.0,2.842170943040401e-14,1.4210854715202004e-14,3.1776437161565096e-14,1.0785280415467626e-12,180000.03271991783,3.8937289000023156,True
423,A,Optimizer-A,-360.9401306195499,318.8748449356815,1713.2239572826438,-14.275038582077528,-13.005503496030595,-63.16139675092464,26.145612270393613,1227.5835291897693,3.0763361339925913e-07,-2.2820648587582154e-09,3.350627366671688e-07,3.325517639041209e-11,-2.0051516003150027e-11,-2.807922783176764e-10,2.8346476608850956e-10,4.5487436223203095e-07,180000.00000135167,28.482550099957734,True
424,T,ESPDI-T,94.15692982849819,187.76248055362007,441.6413910258125,-14.829557160482942,-29.572273044965183,-68.29763089359608,12.568767965736189,720.9324265394262,3.932483733180142e-12,8.17345252894161e-12,5.076569351523952e-11,7.07267577837456e-12,1.4136102011175211e-11,9.140044276989556e-11,9.275717255969649e-11,5.156961695259933e-11,180000.0,0.5014859000220895,True
424,T,Optimizer-T,94.15692982849819,187.76248055362007,441.6413910258125,-14.829557160482942,-29.572273044965183,-68.29763089359608,12.568767965736189,720.93242653981,-8.65618687839742e-12,-1.713273967141049e-11,-1.1149747791705522e-10,7.393863299398618e-12,1.475353172963878e-11,9.555378710501827e-11,9.696835640093529e-11,1.1313773871607246e-10,180000.00000000003,10.505068199941888,True
424,A,ESPDI-A,-407.66275400886565,-312.24008144187843,1319.9144704928285,26.705193434123117,8.445570012681756,-56.43800687192422,24.710065995373093,1110.6611260902173,-1.0231815394945443e-12,-1.1368683772161603e-13,3.410605131648481e-13,-1.4210854715202004e-14,8.526512829121202e-14,0.0,8.644125458514252e-14,1.0845033118777628e-12,180000.04516334686,3.7869587000459433,True
424,A,Optimizer-A,-407.66275400886565,-312.24008144187843,1319.9144704928285,26.705193434123117,8.445570012681756,-56.43800687192422,22.813888627014528,1045.7055352785792,2.977275950082435e-08,1.0739935248637155e-07,1.9033195641782186e-07,3.579803120601355e-11,3.3427483003833913e-11,-2.92338597773778e-10,2.9641314310694305e-10,2.2056131065221174e-07,180000.00000151695,26.247642899979837,True
425,T,ESPDI-T,-459.03518043272607,40.37530254070818,774.7445818000645,54.77220209760773,-4.817592038211593,-90.24729266321425,16.53474446346431,948.4170191343383,1.1413152432686313e-11,-9.554955517255973e-13,-5.253003652720689e-11,1.415055572717705e-12,-1.212285480334252e-13,-6.528798335292407e-12,6.681488332524021e-12,5.3764093573227765e-11,180000.0,0.5090354999992996,True
425,T,Optimizer-T,-459.03518043272607,40.37530254070818,774.7445818000645,54.77220209760773,-4.817592038211593,-90.24729266321425,16.53474446346431,948.4170191348458,9.079448304305515e-11,-7.980116567551931e-12,-4.18394208168138e-10,-2.7355895326763857e-13,2.453592884421596e-14,1.2541079286165768e-12,1.2838314567481572e-12,4.282067652900063e-10,180000.0,1.9296238999813795,True
425,A,ESPDI-A,-384.3063982163728,193.1472771866862,1458.7412650299616,-17.25724864145494,-9.15924141347758,-70.40383608634349,25.00758068372869,1223.0751292717287,-6.821210263296962e-13,0.0,-5.115907697472721e-13,-5.684341886080802e-14,1.4210854715202004e-14,-1.4210854715202004e-14,6.029155041345696e-14,8.526512829121202e-13,180000.00816365168,5.044257100089453,True
425,A,Optimizer-A,-384.3063982163728,193.1472771866862,1458.7412650299616,-17.25724864145494,-9.15924141347758,-70.40383608634349,23.88151698542985,1186.8284905050605,-3.3375832423444623e-07,-1.8344833579818865e-07,-2.0110937271056173e-07,-1.652011860642233e-13,2.4158453015843406e-13,4.945377440890297e-12,4.9540299302644064e-12,4.3068885601434634e-07,180000.00000000003,33.37510900001507,True
426,T,ESPDI-T,-467.9642814759984,-118.46261992367775,882.3617206474405,52.732018628114474,13.348824531752243,-96.96630000445019,17.494190583917923,1003.4499246377363,2.3023459224183473e-12,5.621487975636386e-13,-8.172418471119602e-12,1.2028225637727985e-12,3.009086035898889e-13,-6.051797951656113e-12,6.17750649981888e-12,8.509126376084415e-12,180000.0,0.521664600004442,True
426,T,Optimizer-T,-467.9642814759984,-118.46261992367775,882.3617206474405,52.732018628114474,13.348824531752243,-96.96630000445019,17.494190583917923,1003.4499246382547,-1.1042633474289687e-10,-2.7957414161505767e-11,5.620730547661879e-10,5.115907697472721e-13,1.2967404927621828e-13,-2.6147972675971687e-12,2.6675279240112777e-12,5.734995303446571e-10,180000.00000000003,9.565662400098518,True
426,A,ESPDI-A,-92.10366721194197,182.22108164824033,1597.8253179620158,40.59962399852465,-30.162179689666054,-88.01918303460741,25.184843528439192,1263.6658502771352,1.1368683772161603e-13,1.7053025658242404e-13,-3.410605131648481e-13,0.0,1.4210854715202004e-14,-7.105427357601002e-14,7.246142549764705e-14,3.979039320256561e-13,180000.06126313942,4.761535799945705,True
426,A,Optimizer-A,-92.10366721194197,182.22108164824033,1597.8253179620158,40.59962399852465,-30.162179689666054,-88.01918303460741,23.607729449561393,1218.8933488084313,1.6441003614156652e-07,-6.851682480629773e-08,6.497628746160444e-08,-1.4490986188775423e-10,7.719558325902653e-11,-1.5706902445344895e-10,2.272195075027394e-10,1.8959729216922157e-07,180000.00001822744,26.937151000020094,True
427,T,ESPDI-T,310.64677571724366,112.01890329223727,429.3020305857482,-48.26013223699023,-17.402553345175143,-65.39849723334714,12.740438872471055,730.7793044272166,-1.4311799954782461e-11,-5.0582026089353305e-12,-5.4888123018036195e-11,-1.6789417078832969e-12,-5.971056982190248e-13,-6.451658651762671e-12,6.693226414232514e-12,5.694838961745825e-11,180000.0,0.41072159993927926,True
427,T,Optimizer-T,310.64677571724366,112.01890329223727,429.3020305857482,-48.26013223699023,-17.402553345175143,-65.39849723334714,12.740438872471053,730.7793044276041,-3.373701318309941e-11,-1.2130629833961848e-11,-1.327062904010745e-10,-7.274181257344026e-13,-2.604583215770617e-13,-2.8741453661496053e-12,2.976186696543908e-12,1.3746380523868656e-10,180000.0,26.42763420008123,True
427,A,ESPDI-A,-82.8510620408004,206.81891120137982,1160.3784939298203,16.37606009690616,23.788700222510144,-78.97574977267071,21.446945659950558,1117.9711902807285,-8.526512829121202e-14,0.0,3.410605131648481e-13,-1.0658141036401503e-14,5.684341886080802e-14,3.552713678800501e-14,6.787449953031483e-14,3.515571301265078e-13,180000.00618393254,4.002132299938239,True
427,A,Optimizer-A,-82.8510620408004,206.81891120137982,1160.3784939298203,16.37606009690616,23.788700222510144,-78.97574977267071,20.58464032602049,1092.7576016461735,4.6379565211791714e-08,2.522760684967967e-07,4.202429337851754e-08,-4.954858745520596e-11,-4.1256242866438697e-10,-4.937419362249784e-10,6.453246622061288e-10,2.5992368118237903e-07,180000.00001005796,18.505523500032723,True
428,T,ESPDI-T,205.2709147951774,172.96283357832104,315.24333838542043,-36.659994441930266,-30.889990060056622,-55.320276540555334,11.097822754821834,636.5604257910691,-5.145947470225343e-12,-3.982562977317139e-12,-2.333703065862669e-11,-6.428468868335813e-13,-5.044020756628242e-13,-2.9024144199141233e-12,3.0152417877792205e-12,2.4227228136877272e-11,180000.0,0.41086859989445657,True
428,T,Optimizer-T,205.2709147951774,172.96283357832104,315.24333838542043,-36.659994441930266,-30.889990060056622,-55.320276540555334,11.097822754821834,636.5604257914092,2.5008883852706276e-12,2.105648988504072e-12,1.1164402735630574e-11,-1.2922996006636822e-13,-1.127986593019159e-13,-5.897504706808832e-13,6.141901479081116e-13,1.1633232088363285e-11,180000.0,25.126491300063208,True
428,A,ESPDI-A,136.3308138523621,493.034580767021,1310.0223180065777,21.829587528947314,-19.780470380268113,-78.21176402007913,23.1091008052528,1168.3142440081792,0.0,4.547473508864641e-13,8.526512829121202e-13,-1.1368683772161603e-13,0.0,3.552713678800501e-14,1.191086668529821e-13,9.663381206337363e-13,180000.00354312282,4.319902200018987,True
428,A,Optimizer-A,136.3308138523621,493.034580767021,1310.0223180065777,21.829587528947314,-19.780470380268113,-78.21176402007913,22.176740579649504,1138.2261481146397,-1.0005175740112056e-07,-5.231623133527467e-08,1.4665398495594673e-07,2.743583138453687e-12,2.9549696023423166e-11,1.2926193448947743e-10,1.326248826256833e-10,1.8508034342857079e-07,180000.00000405227,20.365458199987188,True
429,T,ESPDI-T,143.25239088112724,-158.71893943527334,792.1755728997014,-17.305704892567277,19.17415206708405,-93.55753369522216,16.334225864172605,936.9154653823916,2.07366244943559e-12,-2.3806305437710194e-12,3.1751186586621155e-11,-4.0104204679369815e-13,4.444274809278781e-13,-5.747818887513745e-12,5.778907550113613e-12,3.190776280779594e-11,180000.0,0.6206028000451624,True
429,T,Optimizer-T,143.25239088112724,-158.71893943527334,792.1755728997014,-17.305704892567277,19.17415206708405,-93.55753369522216,16.334225864172605,936.9154653828882,1.0415890372428294e-11,-1.1548317857545953e-11,1.5331202973811742e-10,-4.6851411639181606e-14,5.440092820663267e-14,-6.856737400084967e-13,6.8942221714967e-13,1.5409877637415153e-10,180000.0,3.5766072999686003,True
429,A,ESPDI-A,-338.0649853051823,221.50669356963238,1756.1355331156142,38.343420079862724,8.062284364629832,-90.94909394437315,26.433678907263406,1297.2239111338986,6.905587213168474e-14,5.684341886080801e-13,-1.0231815394945443e-12,-4.718447854656915e-16,-2.842170943040401e-14,-1.3500311979441904e-13,1.3796325075422856e-13,1.172512943645749e-12,180000.0453954567,3.8112208999227732,True
429,A,Optimizer-A,-338.0649853051823,221.50669356963238,1756.1355331156142,38.343420079862724,8.062284364629832,-90.94909394437315,24.768091769814,1245.155655235416,-7.718329187315693e-08,-1.1583360793782814e-07,1.0552411922049032e-07,-6.073475056211919e-12,-2.142286348316702e-12,1.5851142620704195e-10,1.5864220349026648e-10,1.746711911264467e-07,180000.00000044523,16.62309600005392,True
430,T,ESPDI-T,430.1164483202459,37.51122409611798,1161.8871528916627,-43.151340608570116,-3.763305527927187,-113.46071062421957,19.613508918655505,1125.0119833723038,2.500440447143065e-13,-1.085207092374127e-14,1.2782261143637341e-12,-1.1118606035864786e-12,-9.92387595710742e-14,-8.034767295939105e-12,8.111939831698796e-12,1.302498288360424e-12,180000.0,0.5855658000800759,True
430,T,Optimizer-T,430.1164483202459,37.51122409611798,1161.8871528916627,-43.151340608570116,-3.763305527927187,-113.46071062421957,19.613508918655505,1125.0119833728822,5.735412145213559e-11,4.979405776595058e-12,4.0547476487517997e-10,-2.3003821070233244e-13,-2.020605904817785e-14,-1.673328142715036e-12,1.6891870637698896e-12,4.095412978931634e-10,180000.0,1.5393024999648333,True
430,A,ESPDI-A,-5.687860581209748,-224.11030929984224,1772.2677709600052,-11.857729660328914,-6.399035319541873,-90.51924699575987,26.61980317564767,1293.1254844094346,-1.7053025658242404e-13,-3.410605131648481e-13,-3.410605131648481e-13,-7.105427357601002e-15,2.842170943040401e-14,-1.4210854715202004e-14,3.256115871121665e-14,5.115907697472721e-13,180000.04851035675,4.254174400004558,True
430,A,Optimizer-A,-5.687860581209748,-224.11030929984224,1772.2677709600052,-11.857729660328914,-6.399035319541873,-90.51924699575987,24.85979725436099,1237.160538004735,-6.698701131055876e-08,-9.358800838086799e-08,-1.0221593527148798e-07,-1.1649792241996693e-11,-1.1428191726281511e-11,-1.2885337241641537e-10,1.298826886405489e-10,1.53928790096081e-07,180000.00000111386,17.7221242999658,True
431,T,ESPDI-T,-56.69175259861972,-32.48703618371265,626.2818161499099,7.697198329424808,4.410856062462329,-83.33639145556836,14.5555640756858,834.8931380817012,1.5899594026081137e-12,8.27859524706845e-13,-4.449862911959021e-11,7.106554927860387e-14,3.362566301789993e-14,-1.88049575911009e-12,1.8821384905311026e-12,4.4534720340622234e-11,180000.0,0.44364880002103746,True
431,T,Optimizer-T,-56.69175259861972,-32.48703618371265,626.2818161499099,7.697198329424808,4.410856062462329,-83.33639145556836,14.555564075685801,834.8931380821377,-1.2313594588420074e-11,-7.042283423075446e-12,3.6195579866671324e-10,-1.6653345369377348e-14,-9.159339953157541e-15,5.027089855502709e-13,5.030681381019391e-13,3.6223365188225835e-10,180000.0,4.926725199911743,True
431,A,ESPDI-A,162.10149217785624,-171.95766655259393,1372.789878929559,-30.917063028348945,-18.146589154345083,-76.83010761001543,23.788012394785746,1177.7635667050672,8.526512829121202e-14,4.547473508864641e-13,9.094947017729282e-13,-2.1316282072803006e-14,-1.4210854715202004e-13,2.1316282072803006e-13,2.570751080828237e-13,1.0204145764314626e-12,180000.03677639738,3.8678307000081986,True
431,A,Optimizer-A,162.10149217785624,-171.95766655259393,1372.789878929559,-30.917063028348945,-18.146589154345083,-76.83010761001543,22.3521078151682,1136.6571180935935,3.299630415062676e-08,3.0537986567773e-08,2.2997691928594577e-07,-2.88979951079682e-11,-7.593925488436071e-11,2.3235813273458916e-10,2.461547610783854e-10,2.343303397246472e-07,180000.00001537087,18.702889299951494,True
432,T,ESPDI-T,352.3815225517635,-105.54074014626586,886.4465619405144,-40.03019614599934,11.989324805838422,-98.27734050685889,17.355318909827904,995.4843791481344,-1.2755098118390294e-11,3.744520332368308e-12,-8.286499040925915e-11,-8.743353263618303e-13,2.570326763928765e-13,-5.874481456835667e-12,5.9447506630946294e-12,8.392449342150296e-11,180000.0,0.524985000025481,True
432,T,Optimizer-T,352.3815225517635,-105.54074014626586,886.4465619405144,-40.03019614599934,11.989324805838422,-98.27734050685889,17.355318909827904,995.4843791486492,6.993827739165681e-11,-2.0941581801992015e-11,4.689351129627539e-10,-3.668176873361517e-13,1.099120794378905e-13,-2.476241434123949e-12,2.505675062936381e-12,4.745840838695211e-10,180000.00000000003,1.315487000043504,True
432,A,ESPDI-A,78.23182441902475,-87.9598123744899,1219.1044103560246,-3.0560879820017988,-30.61967090405787,-88.820011571834,21.46167898028202,1138.070692471425,2.842170943040401e-14,-2.2737367544323206e-13,1.4495071809506044e-12,-7.105427357601002e-15,0.0,2.3447910280083306e-13,2.3458673608756694e-13,1.467507291116088e-12,180000.0012394567,3.856342799961567,True
432,A,Optimizer-A,78.23182441902475,-87.9598123744899,1219.1044103560246,-3.0560879820017988,-30.61967090405787,-88.820011571834,20.584744187010052,1112.5746844633522,1.1479640796110867e-08,-1.0938993357734758e-07,1.7176713384969844e-08,-2.4582114122040366e-11,2.5005597592553386e-10,-9.479350637775497e-11,2.685480967762938e-10,1.113237584865587e-07,180000.0000138354,15.106788799981587,True
433,T,ESPDI-T,-179.1188157105286,289.5375208773502,456.00156908585996,27.098846892369835,-43.804068917760546,-67.62269730602222,13.078952355018137,750.1961117908559,5.710018365117286e-12,-8.839711657159053e-12,-4.1049021637601466e-11,1.4031583187024133e-11,-2.2645212094385414e-11,-1.0144432169290063e-10,1.0488394234231848e-10,4.2376490998146175e-11,180000.0,0.4103649000171572,True
433,T,Optimizer-T,-179.1188157105286,289.5375208773502,456.00156908585996,27.098846892369835,-43.804068917760546,-67.62269730602222,13.078952355018135,750.1961117912506,2.0965451597021456e-12,-3.290256955779114e-12,-1.5005774400833616e-11,1.3574030788277014e-11,-2.1938895145012793e-11,-9.811707002427283e-11,1.014521013196524e-10,1.5504662453934197e-11,180000.0,8.75838640006259,True
433,A,ESPDI-A,348.18197697728124,-64.83640633550493,1127.1191321330195,2.907019202907371,15.871102652436846,-64.38533453912132,22.05875287671474,1075.6924859518858,0.0,5.684341886080802e-14,-6.821210263296962e-13,0.0,1.7763568394002505e-14,-8.526512829121202e-14,8.709584642567778e-14,6.844854043943255e-13,180000.0011236592,3.850901000085287,True
433,A,Optimizer-A,348.18197697728124,-64.83640633550493,1127.1191321330195,2.907019202907371,15.871102652436846,-64.38533453912132,20.856126133096094,1039.722056246872,-6.93936372977727e-08,-2.5989550354564903e-08,4.283957366624236e-08,3.2022384743868315e-11,-1.105782132526656e-12,1.6013501635825378e-10,1.6330915266104087e-10,8.559300612171943e-08,180000.00000018263,32.30118979990948,True
434,T,ESPDI-T,-190.54238363045692,44.93096469407835,458.4315683254474,29.58392333832363,-6.976055351572029,-69.88013119379704,12.747914616659639,731.2081059145839,5.130861772777162e-12,-1.203305413210315e-12,-3.5596468047488505e-11,5.837483274540034e-13,-1.3655049313499035e-13,-4.092448602222021e-12,4.136126655315299e-12,3.5984471983130134e-11,180000.0,0.42019809992052615,True
434,T,Optimizer-T,-190.54238363045692,44.93096469407835,458.4315683254474,29.58392333832363,-6.976055351572029,-69.88013119379704,12.747914616659639,731.2081059149641,-4.3986148057229e-11,1.0359935131987186e-11,2.8985081002019797e-10,3.539391002504999e-13,-8.304468224196171e-14,-2.3145929617385264e-12,2.342970312330979e-12,2.933523505039909e-10,180000.00000000003,5.462343999999575,True
434,A,ESPDI-A,87.79738706895898,-263.79585896019586,1546.6151059430665,-14.658013234376309,13.91700920112104,-93.42656381182137,24.460472786501533,1215.5206420193863,4.121147867408581e-13,5.684341886080802e-14,5.115907697472721e-13,3.907985046680551e-14,-2.842170943040401e-14,1.3500311979441904e-13,1.4339062254443437e-13,6.593897841253341e-13,180000.0466352867,3.978948700008914,True
434,A,Optimizer-A,87.79738706895898,-263.79585896019586,1546.6151059430665,-14.658013234376309,13.91700920112104,-93.42656381182137,22.952207972395396,1164.7660059221234,4.959735046687416e-08,-8.217940008143788e-08,-1.5911863826545414e-07,-5.2351678547779557e-11,2.6115554163652632e-11,-8.598775025348004e-10,8.61865441807206e-10,1.8582812492874004e-07,180000.000002808,18.569298200076446,True
435,T,ESPDI-T,103.89315872323847,-282.6720332202473,498.2703753363934,-15.27863474997298,41.57003986286888,-71.83080828413813,13.450830523698748,771.5266854202546,4.067850509576866e-12,-1.2011891809491696e-11,5.5352649889882653e-11,-2.9776799515685015e-13,7.189639508742296e-13,-3.8288972686872924e-12,3.907176632270087e-12,5.678687174376772e-11,180000.0,0.4135680999606848,True
435,T,Optimizer-T,103.89315872323847,-282.6720332202473,498.2703753363934,-15.27863474997298,41.57003986286888,-71.83080828413813,13.450830523698748,771.5266854206566,3.198508125024091e-11,-8.706502185873433e-11,4.2668180100235986e-10,-1.56097357262297e-13,4.098943406916078e-13,-2.0534685063466895e-12,2.0997887184269243e-12,4.366471375841869e-10,180000.0,35.33826670004055,True
435,A,ESPDI-A,-7.188140089155468,137.94284157592062,1642.4973438284228,-10.559295094347284,21.133805058792333,-75.03797006851873,26.464361495203182,1252.1615479805932,0.0,-5.684341886080801e-13,3.410605131648481e-13,7.105427357601002e-15,5.684341886080802e-14,4.263256414560601e-14,7.140866117879973e-14,6.629024818318272e-13,180000.06167888222,4.315334600047208,True
435,A,Optimizer-A,-7.188140089155468,137.94284157592062,1642.4973438284228,-10.559295094347284,21.133805058792333,-75.03797006851873,24.559834440540836,1196.1651789136758,-3.620595794137732e-09,1.6492854822996396e-08,4.489562144271986e-08,-1.7124079931818414e-11,4.321076829683079e-11,5.43362688176785e-10,5.453470596904469e-10,4.796602754914118e-08,180000.0000199115,29.15846619999502,True
436,T,ESPDI-T,-193.0518057501635,-308.22711610804305,473.4695749154812,28.620558606768384,45.69567327529634,-68.77121150085487,13.34386263259135,765.3911101985541,6.282335437458875e-12,1.1163354854230867e-11,-4.5849349707485776e-11,5.139152992050811e-13,9.183070970308904e-13,-3.804928594419721e-12,3.947768796148931e-12,4.7605158320811804e-11,180000.0,0.4078548999968916,True
436,T,Optimizer-T,-193.0518057501635,-308.22711610804305,473.4695749154812,28.620558606768384,45.69567327529634,-68.77121150085487,13.34386263259135,765.3911101989579,3.254463365465199e-11,5.186029383708046e-11,-2.2664448096065826e-10,-1.1324274851176597e-13,-1.829647544582258e-13,7.691625114603085e-13,7.986933019002895e-13,2.3476874580427014e-10,180000.0,7.742245799978264,True
436,A,ESPDI-A,-256.3971751667294,346.9719501741754,1519.1561928336378,-11.539070774359587,12.030070147895024,-60.57371275338729,26.224067971962576,1238.237963835165,9.094947017729282e-13,-6.821210263296962e-13,-2.0463630789890885e-12,1.4210854715202004e-13,-5.684341886080802e-14,-1.7053025658242404e-13,2.2914314707516465e-13,2.340955266160336e-12,180000.00129139918,4.49477280001156,True
436,A,Optimizer-A,-256.3971751667294,346.9719501741754,1519.1561928336378,-11.539070774359587,12.030070147895024,-60.57371275338729,24.864198584546557,1194.4993394418307,5.026338718593346e-08,-6.178396942193026e-08,-7.606497476331242e-08,-1.9116175309363825e-10,2.4084556571324356e-10,8.518625804754265e-10,9.056595709116191e-10,1.1013422426601291e-07,180000.00000533124,20.330631299992092,True
437,T,ESPDI-T,130.45844737747686,-178.9252670801865,782.7090668635988,-15.84007532059892,21.724846219484775,-92.91517459768933,16.252906204597217,932.251048021606,-6.428111013856257e-15,1.1852739130485028e-13,-1.07923239640287e-12,-3.4579717561600276e-13,4.906734740739438e-13,-5.6090895816929276e-12,5.641118867767275e-12,1.0857405898953126e-12,180000.0,0.6598956000525504,True
437,T,Optimizer-T,130.45844737747686,-178.9252670801865,782.7090668635988,-15.84007532059892,21.724846219484775,-92.91517459768933,16.252906204597217,932.2510480220953,2.1272428263330312e-11,-2.9284352720537754e-11,3.3924862918865983e-10,-1.099120794378905e-13,1.4788170688007085e-13,-1.708855279503041e-12,1.7187600270897448e-12,3.411740346580675e-10,180000.00000000003,6.821352200000547,True
437,A,ESPDI-A,-32.327780507402395,-349.01111927311194,1641.7538614278387,-7.574331287701277,41.58145016253367,-75.39681939152845,26.47288048103193,1236.2539179756877,5.684341886080802e-14,-2.4158453015843406e-13,1.1937117960769683e-12,1.4210854715202004e-14,5.329070518200751e-15,1.4210854715202004e-13,1.4291671196183614e-13,1.2192383325555994e-12,180000.08516257035,3.9444162000436336,True
437,A,Optimizer-A,-32.327780507402395,-349.01111927311194,1641.7538614278387,-7.574331287701277,41.58145016253367,-75.39681939152845,24.308037738971628,1166.9908234816885,-1.6785396984156528e-07,1.3029500173174813e-07,-4.283140064842428e-07,1.5543122344752192e-13,-5.644373857194296e-13,3.6486369481281145e-12,3.6953078365497265e-12,4.781261662139329e-07,180000.00000000023,28.741899400018156,True
438,T,ESPDI-T,24.760708014068694,23.038129771559866,406.08659114181614,-4.135517647400775,-3.847813728882926,-66.70374965062118,11.85932096917986,680.2392300286174,7.673283158231379e-13,7.291684549453996e-13,3.4048290771006295e-11,-3.093402270448742e-14,-2.4985655905362947e-14,-1.3201800763695815e-12,1.320778797075762e-12,3.406474106472768e-11,180000.0,0.3808677999768406,True
438,T,Optimizer-T,24.760708014068694,23.038129771559866,406.08659114181614,-4.135517647400775,-3.847813728882926,-66.70374965062118,11.85932096917986,680.2392300289866,-1.2962408924011015e-11,-1.206604260950428e-11,-5.736717767490518e-10,1.0708101072509635e-13,9.942047185518277e-14,4.744649118038069e-12,4.746898569211401e-12,5.739450503905244e-10,180000.0,22.06854560005013,True
438,A,ESPDI-A,243.01168742273228,-86.92703510456266,1001.4857302656867,-18.92803704275975,-18.033036973776014,-78.78505573190321,19.715535196816973,1026.399298515813,3.979039320256561e-13,3.410605131648481e-13,-1.7053025658242404e-13,5.684341886080802e-14,2.842170943040401e-14,-7.105427357601002e-14,9.532931148469529e-14,5.51117393276437e-13,180000.00041242523,3.8462727000005543,True
438,A,Optimizer-A,243.01168742273228,-86.92703510456266,1001.4857302656867,-18.92803704275975,-18.033036973776014,-78.78505573190321,18.850865236150028,998.6561603904556,2.9279774631977184e-09,1.7443991313611706e-08,7.049609962450631e-08,-1.1125766974373619e-11,-5.975397954216533e-11,-2.2675195054944197e-10,2.3475682703570125e-10,7.268126269708497e-08,180000.00000537926,14.014993699965999,True
439,T,ESPDI-T,-34.6267615261359,191.06021528180446,511.5047719101226,5.118159716120928,-28.240489555185036,-74.17444836821319,13.383489383412728,767.6640624643151,1.2070707135241514e-12,-7.059617877802106e-12,-4.9220503839158755e-11,8.586924574172095e-14,-5.075211084726305e-13,-3.644723411966311e-12,3.680891190003432e-12,4.9738850232677e-11,180000.0,0.4293529998976737,True
439,T,Optimizer-T,-34.6267615261359,191.06021528180446,511.5047719101226,5.118159716120928,-28.240489555185036,-74.17444836821319,13.383489383412728,767.6640624647116,-1.073346966862232e-11,5.924660761991163e-11,4.3027448271004687e-10,5.978550987606468e-14,-3.232969447708456e-13,-2.4638069362481474e-12,2.485646765088271e-12,4.344669128449178e-10,180000.0,17.03860190010164,True
439,A,ESPDI-A,30.436969629663054,-169.40651233565387,1721.424569676183,-42.31297182907723,-20.393359450430307,-65.44813040526623,27.68802988479782,1313.2317560575302,2.2737367544323206e-13,-2.2737367544323206e-13,2.2737367544323206e-13,2.842170943040401e-14,8.526512829121202e-14,-2.842170943040401e-14,9.426414608115578e-14,3.9382275817135387e-13,180000.0579653762,4.027653199969791,True
439,A,Optimizer-A,30.436969629663054,-169.40651233565387,1721.424569676183,-42.31297182907723,-20.393359450430307,-65.44813040526623,25.920754729935773,1264.3545289109006,2.697226036441867e-07,2.3558368790117355e-07,1.0219738300065728e-07,-1.0219380897069641e-11,-5.1098680842187605e-11,9.441052384318027e-10,9.455422847044452e-10,3.72416785354661e-07,180000.00000540944,23.135813700035214,True
440,T,ESPDI-T,179.8083615850289,-194.79909696109746,515.7568304763607,-26.215482906942942,28.401084085606655,-73.72517509245598,13.566147899999482,778.1411790719212,-1.0203154131045028e-11,1.0783673541799044e-11,-7.65455413897359e-11,-4.86020945711374e-13,5.28056764981244e-13,-3.664332726138753e-12,3.733951611170677e-12,7.79718659256384e-11,180000.0,0.4343910999596119,True
440,T,Optimizer-T,179.8083615850289,-194.79909696109746,515.7568304763607,-26.215482906942942,28.401084085606655,-73.72517509245598,13.566147899999482,778.141179072336,3.539391002504999e-13,-3.752553823233029e-13,3.064215547965432e-12,-2.4424906541753444e-14,2.531308496145357e-14,-2.1671553440683056e-13,2.1955170503340966e-13,3.1073310755440648e-12,180000.0,2.400579300010577,True
440,A,ESPDI-A,309.35508830272784,190.70051632289903,1131.4968328180526,-44.936210359880064,-42.13750075031425,-66.52603805184965,21.947512036033167,1083.7206217491876,7.744915819785092e-13,-6.821210263296962e-13,-5.684341886080801e-13,1.2789769243681803e-13,-1.2789769243681803e-13,-1.0658141036401503e-13,2.0994103099801233e-13,1.1782375532528143e-12,180000.0796493515,3.8772638000082225,True
440,A,Optimizer-A,309.35508830272784,190.70051632289903,1131.4968328180526,-44.936210359880064,-42.13750075031425,-66.52603805184965,20.410846625858145,1039.6993816985087,-1.857913112678219e-07,-2.7595954732570666e-07,-1.2060817411452263e-07,-2.9127256162553294e-11,-2.3657964476342386e-11,-4.381917051432538e-11,5.76906928307019e-11,3.538621409052749e-07,180000.00000239233,19.743861399940215,True
441,T,ESPDI-T,462.05613276050445,416.4708672178035,755.0973691676174,-54.516121804461996,-49.13770192727635,-86.84549042162249,16.71911080445712,958.9920949052084,-6.914230472887528e-13,-5.305379616529771e-13,-4.808245815390855e-12,-1.2010531458273022e-12,-1.0249787130156562e-12,-5.4724419440432825e-12,5.695676505224038e-12,4.886590240679141e-12,180000.0,0.6652418000157923,True
441,T,Optimizer-T,462.05613276050445,416.4708672178035,755.0973691676174,-54.516121804461996,-49.13770192727635,-86.84549042162249,16.71911080445712,958.992094905705,1.188165121845941e-10,1.0682299489417346e-10,5.461160412778554e-10,-5.684341886080801e-13,-5.231370892033738e-13,-2.6272317654729704e-12,2.738455146681962e-12,5.690090037485072e-10,179999.99999999997,8.194304900011048,True
441,A,ESPDI-A,-22.752498014402477,-124.1374356876268,1108.9405959922447,-16.091044984016122,42.68876377595237,-78.11999956039612,20.945097990882353,1085.9911233386392,0.0,-1.1368683772161603e-13,1.3358203432289883e-12,0.0,-7.105427357601002e-14,1.6342482922482304e-13,1.7820321153272478e-13,1.3406493525361333e-12,180000.04463613968,3.8951712999260053,True
441,A,Optimizer-A,-22.752498014402477,-124.1374356876268,1108.9405959922447,-16.091044984016122,42.68876377595237,-78.11999956039612,19.796711004305777,1053.745919113042,-1.3601282724286565e-08,2.1994529969809024e-08,5.2761929936195884e-08,6.2452265581214306e-12,-2.4365842676843386e-11,6.420464160328265e-11,6.895602328673632e-11,5.87586205669504e-08,180000.00000954318,15.150121700018644,True
442,T,ESPDI-T,179.4970042829905,460.51058507512573,1054.204883992291,-18.72043681763963,-48.0284300353089,-107.07356356806076,18.879046867260314,1082.8839474059332,-9.325578215869197e-13,-1.4191446852569473e-12,-1.3295185448175453e-11,-4.830710484404754e-13,-1.227015017368771e-12,-7.623891101760094e-12,7.73709499891184e-12,1.3403193344485943e-11,180000.0,3.7403852000134066,True
442,T,Optimizer-T,179.4970042829905,460.51058507512573,1054.204883992291,-18.72043681763963,-48.0284300353089,-107.07356356806076,18.879046867260314,1082.8839474065026,-1.1601608562727961e-11,-2.9957369918065524e-11,-1.8188650585670985e-10,7.616129948928574e-14,1.8385293287792592e-13,1.2043699371133698e-12,1.2207003685959033e-12,1.84701765953695e-10,180000.0,4.8969728000229225,True
442,A,ESPDI-A,-32.51118515285964,-63.46604085849526,1521.6315634861853,-25.409795779681424,-42.46413306212006,-69.09766468974627,25.624272666821202,1262.952928370154,1.1368683772161603e-13,4.547473508864641e-13,-3.979039320256561e-13,-2.842170943040401e-14,2.842170943040401e-14,-2.842170943040401e-14,4.9227844771419234e-14,6.148555841259604e-13,180000.03678170685,3.8769710999913514,True
442,A,Optimizer-A,-32.51118515285964,-63.46604085849526,1521.6315634861853,-25.409795779681424,-42.46413306212006,-69.09766468974627,24.123088296307035,1223.9589020280382,-1.5001630507255597e-07,-2.544102970596994e-07,-1.2135590310435873e-08,-8.978506826906596e-11,-1.4449685892259367e-10,1.5307932699215598e-10,2.288536236876056e-10,2.955956082045358e-07,180000.00001124814,19.518250899971463,True
443,T,ESPDI-T,251.26723366675063,446.6083400122734,1181.7481465983562,-24.904676539937114,-44.2661627054628,-113.94895064233606,19.848613781018923,1138.4973718667807,4.88612243113723e-13,-1.320510541191755e-13,3.2212422833299836e-12,-6.480822822840793e-13,-1.264870153061537e-12,-8.365863557457942e-12,8.485728030683007e-12,3.2607639063458083e-12,180000.0,0.7331469000782818,True
443,T,Optimizer-T,251.26723366675063,446.6083400122734,1181.7481465983562,-24.904676539937114,-44.2661627054628,-113.94895064233606,19.848613781018923,1138.4973718673791,-3.3757219242147585e-11,-5.993339158294475e-11,-4.198597025606432e-10,2.0650148258027912e-13,3.7125857943465235e-13,2.5650592760939617e-12,2.600000939420478e-12,4.254570849238602e-10,180000.0,1.8868797000031918,True
443,A,ESPDI-A,216.2598714742369,-55.95063592238756,1653.278828432707,-24.770625326985556,13.97124020885277,-82.86507179986455,26.10445810405578,1237.9273992759809,-2.4913404672588513e-13,2.842170943040401e-14,-7.389644451905042e-13,-3.8913317013111737e-14,2.4868995751603507e-14,-5.684341886080802e-14,7.323856537672942e-14,7.803486516043143e-13,180000.07857691473,4.086210899986327,True
443,A,Optimizer-A,216.2598714742369,-55.95063592238756,1653.278828432707,-24.770625326985556,13.97124020885277,-82.86507179986455,24.057543815821308,1170.4230132382418,-2.0724216982912363e-07,1.6227858791336262e-07,-3.9276028118706563e-07,5.9657903617171826e-12,-2.060285275717888e-11,-2.6556179477665864e-10,2.6642660347903344e-10,4.728047118301394e-07,180000.0000007452,20.295220399973914,True
444,T,ESPDI-T,281.65525225514295,-290.15869525227373,874.3040698313439,-32.09420700589791,33.063161987662454,-97.21839230175016,17.302860015998586,992.47538751705,-4.3251188458352016e-12,4.0783553495612156e-12,-3.686428636987373e-11,-7.519601261107844e-13,7.402212523488494e-13,-6.232320215460163e-12,6.321011533111046e-12,3.7340530860553543e-11,180000.0,0.6797285999637097,True
444,T,Optimizer-T,281.65525225514295,-290.15869525227373,874.3040698313439,-32.09420700589791,33.063161987662454,-97.21839230175016,17.302860015998586,992.4753875175738,-2.197664272785005e-11,2.262234843897204e-11,-1.822844097887355e-10,1.3100631690576847e-13,-1.4166445794216997e-13,1.1368683772161603e-12,1.1531266976474742e-12,1.8499283641943944e-10,179999.99999999997,6.089192899991758,True
444,A,ESPDI-A,-206.02679589217377,57.304958366437404,1605.5211280435985,-12.939508108038588,-15.833149210759416,-57.65611786772129,27.330065800973617,1221.7934273836781,-3.410605131648481e-13,1.1368683772161603e-13,4.547473508864641e-13,2.842170943040401e-14,4.263256414560601e-14,1.4210854715202004e-13,1.5106345774618504e-13,5.796914039811764e-13,180000.08288180924,3.814601100049913,True
444,A,Optimizer-A,-206.02679589217377,57.304958366437404,1605.5211280435985,-12.939508108038588,-15.833149210759416,-57.65611786772129,25.17613312832166,1156.5343954920372,6.766547179652544e-08,3.469778726409025e-08,2.456353342950024e-09,-2.8487434633461817e-11,6.587619338915829e-12,6.634159888108115e-10,6.640600160154028e-10,7.608275879735083e-08,180000.00000951017,25.959121499909088,True
445,T,ESPDI-T,-356.7704107301665,147.56644300375743,1005.9655991826503,38.26581950600759,-15.827408056538921,-105.1789659077514,18.365744092285254,1053.441394554211,-9.505924693231638e-13,4.684605839095496e-14,2.6399660452494644e-12,8.837028331321051e-13,-3.865727182805756e-13,-6.844330657784781e-12,6.911962913449203e-12,2.8062860360253327e-12,180000.0,0.5524531000992283,True
445,T,Optimizer-T,-356.7704107301665,147.56644300375743,1005.9655991826503,38.26581950600759,-15.827408056538921,-105.1789659077514,18.365744092285254,1053.4413945547713,1.0386713711341145e-10,-4.3002934546620963e-11,-7.748433006327105e-10,-6.3860028376439e-13,2.6201263381153694e-13,4.764189043271472e-12,4.813933753462833e-12,7.829557938269249e-10,180000.0,1.7791190999560058,True
445,A,ESPDI-A,235.70180385051538,-49.4911565866841,1716.7456900241943,34.23089216840353,18.43401647423346,-61.56970780701069,27.90640254747232,1311.3212262720044,-2.2737367544323206e-13,-4.547473508864641e-13,0.0,0.0,-7.815970093361102e-14,-1.4210854715202004e-14,7.944109290391274e-14,5.084229945850415e-13,180000.04551628826,4.452475700061768,True
445,A,Optimizer-A,235.70180385051538,-49.4911565866841,1716.7456900241943,34.23089216840353,18.43401647423346,-61.56970780701069,26.184516474025784,1262.3098204297366,-1.0611742710533175e-07,-3.7055699288927026e-08,1.1838929481200466e-07,-6.686740050554363e-11,-2.9858560068873885e-11,3.9670311480222153e-10,4.0340568185579624e-10,1.6324845577012526e-07,180000.0000054429,23.5957431999268,True
446,T,ESPDI-T,219.63922285114174,13.48504727914078,1072.617731680457,-23.067202742311085,-1.4162421244242438,-109.81591364797995,18.750034483363894,1075.4839213071427,-1.0054731615934198e-11,-5.955432241336171e-13,-1.261865952518556e-10,-6.388057637929986e-12,-3.9162133491939103e-13,-8.138403679810481e-11,8.163529930863706e-11,1.2658795014082462e-10,180000.0,0.576335999998264,True
446,T,Optimizer-T,219.63922285114174,13.48504727914078,1072.617731680457,-23.067202742311085,-1.4162421244242438,-109.81591364797995,18.750034483363894,1075.4839213076993,2.387223752009504e-11,1.4630241462754157e-12,3.0393287886454345e-10,-5.9614535530272406e-12,-3.6609604237014537e-13,-7.593570217068191e-11,7.617022921674613e-11,3.0487246352984665e-10,180000.0,4.932468899991363,True
446,A,ESPDI-A,-66.84564507517712,50.12874549543062,1031.9869292937144,-28.425764504233666,-18.782605592041858,-67.82642495481907,20.73887328069976,1046.808574634888,-1.1368683772161603e-13,-5.684341886080802e-14,-4.547473508864641e-13,-8.526512829121202e-14,-2.1316282072803006e-14,-2.842170943040401e-14,9.237055564881302e-14,4.721768995590352e-13,180000.03102822983,3.8727878000354394,True
446,A,Optimizer-A,-66.84564507517712,50.12874549543062,1031.9869292937144,-28.425764504233666,-18.782605592041858,-67.82642495481907,19.562257882957546,1013.6671268414011,-1.3496140851030375e-07,-5.655176587803989e-08,-1.2704141738595354e-08,2.76658695952392e-11,9.469758310842735e-12,-4.142997056533204e-10,4.1533037785280585e-10,1.4688117383900514e-07,180000.0000039262,20.2479117999319,True
447,T,ESPDI-T,-330.44133537367696,198.6661169021173,522.3589499828488,46.88998557700991,-28.19093847822198,-72.57094213311055,13.934263930698433,799.2559600897057,-5.84261965522713e-12,3.60483656271747e-12,2.882191588258337e-11,9.226439057208324e-13,-5.628796040380024e-13,-3.940126003243449e-12,4.085669852893277e-12,2.962826161323446e-11,180000.0,0.5923768000211567,True
447,T,Optimizer-T,-330.44133537367696,198.6661169021173,522.3589499828488,46.88998557700991,-28.19093847822198,-72.57094213311055,13.934263930698432,799.2559600901295,-4.906741679633342e-11,2.951328070821546e-11,2.1867219146542993e-10,2.566835632933362e-13,-1.5409895581797173e-13,-1.1048939541069558e-12,1.1447373452767481e-12,2.2604462490738566e-10,179999.99999999997,9.480101800058037,True
447,A,ESPDI-A,-358.3078557534731,-308.729060759525,1003.1266146273572,-6.216904809905117,26.172592146874564,-58.794448243368464,21.064619538993732,1039.8119028523724,2.2737367544323206e-13,-3.410605131648481e-13,-6.252776074688882e-13,2.842170943040401e-14,-7.105427357601002e-14,-8.526512829121202e-14,1.1457157353758233e-13,7.476584436270687e-13,180000.0341517166,3.817125700064935,True
447,A,Optimizer-A,-358.3078557534731,-308.729060759525,1003.1266146273572,-6.216904809905117,26.172592146874564,-58.794448243368464,20.264547776311918,1011.0297722852629,-4.205374775408747e-07,3.999267416725973e-08,-5.183526461394194e-07,2.170708057747106e-12,-1.1031175972675555e-12,-1.5287326959878555e-11,1.5480026081489633e-11,6.686857630929706e-07,180000.00000013804,26.50822459999472,True
448,T,ESPDI-T,-73.78939913258498,355.0707581072324,603.5532252662299,9.906793716954667,-47.6709770894137,-79.2975252038112,14.717805834350857,844.1991691166677,1.3513862880294714e-12,-6.438302148359387e-12,-3.1447443282241194e-11,2.9170416082635597e-13,-1.370778490716873e-12,-6.655453965720426e-12,6.801411065203983e-12,3.212817561647128e-11,180000.0,0.44985600002110004,True
448,T,Optimizer-T,-73.78939913258498,355.0707581072324,603.5532252662299,9.906793716954667,-47.6709770894137,-79.2975252038112,14.717805834350855,844.1991691171133,-8.589129407710061e-12,4.119549146253121e-11,1.936069082830727e-10,1.4588330543574557e-13,-7.016609515630989e-13,-3.2791547255328624e-12,3.356555636919757e-12,1.9812742514793856e-10,180000.0,25.964698299998417,True
448,A,ESPDI-A,-352.09424385696707,364.9750154364957,1646.679194124929,-20.11504131569172,-23.39208163453362,-86.51940310621124,25.702621042786713,1294.9981258568678,-4.547473508864641e-13,3.410605131648481e-13,5.684341886080801e-13,0.0,2.842170943040401e-14,6.394884621840902e-14,6.99803436660041e-14,8.038873388460929e-13,180000.0028079953,3.8302712000440806,True
448,A,Optimizer-A,-352.09424385696707,364.9750154364957,1646.679194124929,-20.11504131569172,-23.39208163453362,-86.51940310621124,24.581061041646244,1261.4076050202948,-2.529892452515687e-08,2.9375781411126556e-09,-7.172916838271703e-08,1.0954792628581345e-11,2.2212010009070582e-11,3.3002578447849373e-10,3.3095377213566166e-10,7.611661148751236e-08,180000.0000007361,27.1261948000174,True
449,T,ESPDI-T,408.1014749183082,-527.2118746848973,1060.813918044949,-41.857446075016924,54.074155500538396,-105.83258317568591,19.19186280881891,1100.826768565721,-6.4916634351028235e-12,7.82065856302569e-12,-4.7430177407131735e-11,-1.0895312430037052e-12,1.3808953980287697e-12,-7.761999376576512e-12,7.958805485231586e-12,4.850696984337475e-11,180000.0,0.5746262999018654,True
449,T,Optimizer-T,408.1014749183082,-527.2118746848973,1060.813918044949,-41.857446075016924,54.074155500538396,-105.83258317568591,19.19186280881891,1100.8267685662868,3.9386272021602053e-11,-5.0806470142106264e-11,2.759517059303107e-10,-2.233768725545815e-13,2.957634137601417e-13,-1.552535877635819e-12,1.5961644261972953e-12,2.8334064275692793e-10,180000.0,1.832348300027661,True
449,A,ESPDI-A,-175.43127551249415,-498.493540392258,1193.8009372384568,-19.667848178116916,16.10476477559326,-74.32415572795668,22.22465150774696,1137.332951986482,-6.821210263296962e-13,0.0,1.7053025658242404e-13,-8.526512829121202e-14,-1.4210854715202004e-13,4.973799150320701e-14,1.7302846319304764e-13,7.031142602530156e-13,180000.00890803227,4.633233399945311,True
449,A,Optimizer-A,-175.43127551249415,-498.493540392258,1193.8009372384568,-19.667848178116916,16.10476477559326,-74.32415572795668,21.444542867928075,1111.8343465772596,1.358124057495754e-08,8.337577949429548e-09,2.9139400226085854e-08,-8.041389776280994e-11,-9.069367479241919e-11,2.46679121573834e-10,2.748496436621287e-10,3.321249685214436e-08,180000.00001247224,38.43223829998169,True
450,T,ESPDI-T,235.19074649662141,-147.56123206521,326.89667611369634,-41.285097955022216,25.902719434854447,-56.36859654237976,11.289127771244008,647.5334973024837,6.081210242401408e-12,-3.924314947436822e-12,2.4456753029006295e-11,-1.7599602331053177e-12,1.0890732760060473e-12,-7.148670544410152e-12,7.442246379631623e-12,2.5505178582804954e-11,180000.0,0.36969459999818355,True
450,T,Optimizer-T,235.19074649662141,-147.56123206521,326.89667611369634,-41.285097955022216,25.902719434854447,-56.36859654237976,11.289127771244008,647.5334973028148,1.8926527012297356e-10,-1.1866108096114658e-10,7.658069733906814e-10,-2.0889956431346945e-12,1.3140599719463353e-12,-8.522960115442402e-12,8.873077568483739e-12,7.977230817165727e-10,179999.99999999997,21.51508660009131,True
450,A,ESPDI-A,232.94714006173342,-368.44320193184956,1491.8593364081335,-42.67377617550784,8.080085031135901,-62.08158775144814,25.93823963569315,1200.0485678726673,1.1368683772161603e-12,-3.410605131648481e-13,-2.2737367544323206e-13,9.947598300641403e-14,0.0,-1.2789769243681803e-13,1.6202867315927533e-13,1.2085076619694803e-12,180000.06396966215,3.8750768000027165,True
450,A,Optimizer-A,232.94714006173342,-368.44320193184956,1491.8593364081335,-42.67377617550784,8.080085031135901,-62.08158775144814,24.029674933990847,1144.473631632256,1.735001727661208e-08,2.5075944115956054e-09,1.0647985604350652e-07,1.87969639853236e-11,4.60858018414001e-11,-1.2011014405288734e-10,1.3001412881235521e-10,1.0791325623980436e-07,180000.000006761,29.9241386000067,True
451,T,ESPDI-T,-381.4687039381966,-10.988265420107219,577.4405438900912,52.00859930883023,1.4981158019873106,-77.04534156071863,14.49597651311573,831.4752528766985,1.6825416602507526e-11,4.819407575112639e-13,-7.055833695090996e-11,1.6396189961298546e-12,4.6743858783671044e-14,-6.801753604790406e-12,6.996741208668729e-12,7.253830590811887e-11,180000.0,0.45432810008060187,True
451,T,Optimizer-T,-381.4687039381966,-10.988265420107219,577.4405438900912,52.00859930883023,1.4981158019873106,-77.04534156071863,14.49597651311573,831.4752528771496,1.0826095575566796e-10,3.1181862647500225e-12,-4.5636028289663955e-10,1.1546319456101628e-13,3.497202527569243e-15,-4.583000645652646e-13,4.726340327402161e-13,4.690361024827548e-10,180000.00000000003,12.060169799951836,True
451,A,ESPDI-A,-361.70163264827784,418.8282826739925,1698.9254990769566,15.486354067271087,-18.53393689261346,-67.59171749385487,27.533378770675014,1238.7146771525713,2.2737367544323206e-13,5.684341886080801e-13,-1.0231815394945443e-12,2.842170943040401e-14,7.105427357601002e-14,-9.947598300641403e-14,1.2550687055079163e-13,1.1923576132291504e-12,180000.05571745452,3.86977659992408,True
451,A,Optimizer-A,-361.70163264827784,418.8282826739925,1698.9254990769566,15.486354067271087,-18.53393689261346,-67.59171749385487,25.369591334026936,1164.8989338802367,-5.5846359144320724e-08,1.0338517603635858e-07,-3.740787839490167e-07,-9.024425651205092e-11,1.0104184156034535e-10,6.756657455753157e-10,6.891136911447675e-10,3.920997922143296e-07,180000.0000040804,37.411418800009415,True
452,T,ESPDI-T,65.8521863288806,337.9018454247853,736.2509252762918,-8.135647250264867,-41.745769925697005,-88.9115330637903,15.977034416004122,916.4273078979622,-3.488334311145991e-12,-1.931846523621836e-11,-1.0698851920297827e-10,-1.6794703648626008e-13,-9.353620308849564e-13,-5.133707695059719e-12,5.220925495944289e-12,1.087746055685579e-10,180000.0,0.51588169997558,True
452,T,Optimizer-T,65.8521863288806,337.9018454247853,736.2509252762918,-8.135647250264867,-41.745769925697005,-88.9115330637903,15.977034416004122,916.4273078984479,-2.2800095145214527e-12,-1.1694201162981699e-11,-6.962963539081102e-11,2.3314683517128287e-15,1.7319479184152442e-14,7.460698725481052e-14,7.662638351850352e-14,7.064162306235519e-11,180000.0,1.8301031000446528,True
452,A,ESPDI-A,419.5235433465673,172.22758721039315,1048.5974728322763,-20.282670062265773,-10.448679646854039,-62.559190585198536,21.345680198997705,1018.3358543607119,2.2737367544323206e-13,0.0,1.7053025658242404e-13,0.0,-2.1316282072803006e-14,2.1316282072803006e-14,3.014577520672848e-14,2.8421709430404007e-13,180000.00159813373,4.295489399926737,True
452,A,Optimizer-A,419.5235433465673,172.22758721039315,1048.5974728322763,-20.282670062265773,-10.448679646854039,-62.559190585198536,20.034823331268612,972.7787779121027,-1.2778824407999646e-07,-3.7176893563812934e-08,2.142826147633059e-07,-2.362554596402333e-13,-5.10702591327572e-14,7.744915819785092e-13,8.113334851547043e-13,2.5224788548153024e-07,180000.00000000003,24.63146589999087,True
453,T,ESPDI-T,-199.19482269097037,150.1856142499847,1029.8864016507757,21.291829388952138,-16.053260983828814,-107.34831518563884,18.42776336110707,1056.9987600880322,7.228978187913827e-12,-5.419768854628831e-12,-9.822386769570081e-11,5.125275204242996e-13,-3.974988740940155e-13,-7.100830340389663e-12,7.13039138737115e-12,9.863853306482956e-11,180000.0,0.7024931999621913,True
453,T,Optimizer-T,-199.19482269097037,150.1856142499847,1029.8864016507757,21.291829388952138,-16.053260983828814,-107.34831518563884,18.42776336110707,1056.9987600885797,-1.4685364035926796e-11,1.1030731883465705e-11,1.9843326981572318e-10,9.547918011776346e-14,-7.394085344003543e-14,-1.3216094885137863e-12,1.327115354358118e-12,1.9928145807503566e-10,179999.99999999997,7.328323399997316,True
453,A,ESPDI-A,-320.85308669640585,292.37224999957573,1523.2100304711198,41.04643201842531,-15.54909765632776,-83.92031010979957,24.825352554465802,1209.1351114153604,5.258016244624741e-13,-1.1368683772161603e-13,-2.8421709430404007e-13,6.039613253960852e-14,-1.4210854715202004e-14,-3.552713678800501e-14,7.149698361352147e-14,6.084171283364312e-13,180000.0551272054,3.9664660999551415,True
453,A,Optimizer-A,-320.85308669640585,292.37224999957573,1523.2100304711198,41.04643201842531,-15.54909765632776,-83.92031010979957,23.15405476317136,1154.6108375035164,2.531554873704171e-07,1.1417265412466178e-07,-2.94013275947691e-08,5.226921673262552e-11,-9.946532486537762e-11,-7.934204404591583e-10,8.013372680755726e-10,2.7926248190538947e-07,180000.00001036096,18.937092400039546,True
454,T,ESPDI-T,4.275354311072723,282.30296193715463,827.2371464469918,-0.5041341644310293,-33.28813414691779,-95.29675865304709,16.728837626857803,959.5500160709871,-8.848348540202322e-14,-5.9285440665306395e-12,-4.3715330454944384e-11,-1.0527277834182502e-14,-7.244500138670062e-13,-5.417163245757806e-12,5.465399919251998e-12,4.4115593398037534e-11,180000.0,0.518402999965474,True
454,T,Optimizer-T,4.275354311072723,282.30296193715463,827.2371464469918,-0.5041341644310293,-33.28813414691779,-95.29675865304709,16.728837626857803,959.5500160714873,9.911377274463007e-13,6.535261221074506e-11,5.089475507702446e-10,-4.378442053365461e-15,-2.9887203822909214e-13,-2.3590018827235326e-12,2.3778632317026138e-12,5.131272315048125e-10,180000.00000000003,1.5332284000469372,True
454,A,ESPDI-A,-237.51916054891365,-495.2119342231216,1758.9107338122753,17.33263408079,19.50810620712059,-88.55466788300548,26.647704717381856,1281.2478176559598,1.9895196601282805e-13,-1.1368683772161603e-13,-1.1937117960769683e-12,2.842170943040401e-14,2.842170943040401e-14,-1.2789769243681803e-13,1.3406493525361332e-13,1.215505834599247e-12,180000.02692856357,4.098529999959283,True
454,A,Optimizer-A,-237.51916054891365,-495.2119342231216,1758.9107338122753,17.33263408079,19.50810620712059,-88.55466788300548,24.930782798383404,1223.243488687498,5.296649990566587e-08,2.089008506723201e-07,4.858364164306295e-07,2.1538326677728037e-13,3.241851231905457e-13,-2.9451996397256153e-12,2.9708057599825702e-12,5.314903941314761e-07,180000.0000000002,20.81078840000555,True
455,T,ESPDI-T,172.85076237347405,281.575350914725,391.943064669366,-27.825869027187515,-45.32857551943251,-61.88960139163445,12.299548694109262,705.4902683824548,-6.745860272293347e-12,-1.103173650519873e-11,-4.406440598687944e-11,-8.291700659412982e-13,-1.3547774013744629e-12,-5.482475584628332e-12,5.707931616756968e-12,4.5922518616796014e-11,180000.0,0.527965199900791,True
455,T,Optimizer-T,172.85076237347405,281.575350914725,391.943064669366,-27.825869027187515,-45.32857551943251,-61.88960139163445,12.299548694109262,705.4902683828332,-7.275602342815546e-11,-1.1855982862130077e-10,-4.772706674316396e-10,-2.1316282072803006e-14,-3.419486915845482e-14,-1.865174681370263e-13,1.908204362179737e-13,4.971289187911252e-10,180000.0,11.821664400049485,True
455,A,ESPDI-A,-86.33914701852598,93.50030496479576,1357.5992379566433,5.534711042460636,11.376444703135824,-56.77636606658542,25.074188678760798,1120.196528534987,-2.842170943040401e-14,0.0,-3.410605131648481e-13,3.552713678800501e-15,1.4210854715202004e-14,0.0,1.464821375527116e-14,3.4224270219716276e-13,180000.0916850068,3.894522799993865,True
455,A,Optimizer-A,-86.33914701852598,93.50030496479576,1357.5992379566433,5.534711042460636,11.376444703135824,-56.77636606658542,22.88296693944301,1048.996353082588,-6.175451373701307e-08,2.2174168650746647e-07,-7.546499247723659e-08,5.6987747854009285e-12,-5.3853810300097393e-11,-1.658690962358378e-10,1.7448571862472646e-10,2.4223534133495025e-07,180000.00000048644,23.04102729994338,True
456,T,ESPDI-T,327.10550052306695,-238.1827594482833,1025.9837699471466,-34.73672844485696,25.29364324956761,-106.1819639099226,18.546507056906048,1063.8097841265062,-2.34290711831342e-12,2.2888937923834507e-12,-2.1466413932871853e-11,-7.652767308741204e-13,5.843103778602199e-13,-6.466133184446221e-12,6.5374265159532896e-12,2.171486071093365e-11,180000.0,0.7118280000286177,True
456,T,Optimizer-T,327.10550052306695,-238.1827594482833,1025.9837699471466,-34.73672844485696,25.29364324956761,-106.1819639099226,18.546507056906048,1063.809784127072,-5.572475814119571e-11,4.0665693035180084e-11,-4.6212811355417216e-10,4.192202140984591e-13,-3.028688411177427e-13,3.4710012641880894e-12,3.5093197202341194e-12,4.672486924508875e-10,180000.0,3.9225837000412866,True
456,A,ESPDI-A,94.65655408904013,-174.29554704232618,1183.2127526523207,-20.539168654390206,26.345487295089015,-89.59709383941146,21.090504739488264,1094.5783533678896,2.842170943040401e-14,-1.0658141036401503e-13,-5.684341886080802e-14,4.263256414560601e-14,-1.7763568394002505e-14,-4.973799150320701e-14,6.787449953031483e-14,1.2409095402129096e-13,180000.0470904228,3.909565000096336,True
456,A,Optimizer-A,94.65655408904013,-174.29554704232618,1183.2127526523207,-20.539168654390206,26.345487295089015,-89.59709383941146,20.013585485173067,1058.9503871558627,5.347260888192352e-08,-5.270524645465496e-08,2.6864193714004614e-07,-3.2668534544200156e-11,3.0767666192588194e-11,-1.5687007248743612e-10,1.6316280849022425e-10,2.789366474575214e-07,180000.00001162422,12.711549400002696,True
457,T,ESPDI-T,158.40594801173359,327.6167030166261,410.7939484598727,-24.810607069968203,-51.31353582443688,-63.06711293738465,12.637974738318448,724.9020603672361,-3.2354029123795452e-12,-6.925753644627247e-12,-2.4466312602191426e-11,2.0126574018508592e-11,4.1608133605208764e-11,1.5170827094568295e-10,1.585929230361814e-10,2.56326812467922e-11,180000.0,0.4691848000511527,True
457,T,Optimizer-T,158.40594801173359,327.6167030166261,410.7939484598727,-24.810607069968203,-51.31353582443688,-63.06711293738465,12.637974738318448,724.9020603676181,3.026423556207192e-11,6.253486617424642e-11,2.2812951527839687e-10,2.0370372055822372e-11,4.212807880321634e-11,1.5356427240931225e-10,1.6053570581632016e-10,2.3847349786243293e-10,180000.0,30.936781600001268,True
457,A,ESPDI-A,-418.7323262433271,-316.7191309391259,1275.0548633714457,11.072949710988723,36.75399189034218,-92.29602035718452,21.922642401732123,1153.6570004363766,-4.547473508864641e-13,1.1368683772161603e-13,-1.3073986337985843e-12,-5.684341886080802e-14,3.197442310920451e-14,-1.7053025658242404e-13,1.8257630298321597e-13,1.3888884180767736e-12,180000.01889366205,3.8956925999373198,True
457,A,Optimizer-A,-418.7323262433271,-316.7191309391259,1275.0548633714457,11.072949710988723,36.75399189034218,-92.29602035718452,21.192191547520128,1128.1521949992693,-2.2366174804438472e-08,8.563015277549768e-10,2.508869556550053e-08,1.0946266115752223e-10,-1.4303802586823622e-10,9.869012274066336e-10,1.0032028626796718e-09,3.362174404856922e-08,180000.00001242955,12.907098000054248,True
458,T,ESPDI-T,-304.05962062483286,-188.90796929242276,358.55539782724816,50.16818990641082,31.16879136671092,-58.01145422858401,12.003409287270943,688.5039971943861,5.7216568824156305e-12,3.768347389503362e-12,-2.070728179583755e-11,1.1737277816337155e-12,7.730968643038238e-13,-4.227972139059233e-12,4.455453296314115e-12,2.1811220023196687e-11,180000.0,0.38427459995727986,True
458,T,Optimizer-T,-304.05962062483286,-188.90796929242276,358.55539782724816,50.16818990641082,31.16879136671092,-58.01145422858401,12.003409287270943,688.5039971947481,-2.326006054431673e-11,-1.4473977572038166e-11,8.142109209074988e-11,5.542233338928781e-13,3.4283687000424834e-13,-1.9486634528220748e-12,2.0547481294869443e-12,8.59064647190857e-11,180000.00000000003,27.825653100037016,True
458,A,ESPDI-A,266.05511330513775,-171.1575545373687,1032.025068511924,-4.9545315776686465,-3.2831655131058852,-60.68321498692774,21.260470550640996,1018.8264960250381,-1.1368683772161603e-13,-1.1368683772161603e-13,-6.821210263296962e-13,2.842170943040401e-14,-4.263256414560601e-14,-5.684341886080802e-14,7.652779469160725e-14,7.008127344043915e-13,180000.00727746388,3.742305500083603,True
458,A,Optimizer-A,266.05511330513775,-171.1575545373687,1032.025068511924,-4.9545315776686465,-3.2831655131058852,-60.68321498692774,19.94951138125879,977.2208368429983,-1.0592457107743388e-07,1.107489396179961e-07,2.569050963074915e-07,-2.2719603975929203e-11,2.1293189433890802e-11,4.259703700881801e-12,3.142809884020863e-11,2.9914138946860957e-07,180000.00000739502,27.637774800066836,True
459,T,ESPDI-T,-447.9631717586359,-211.4868872895866,975.504909994233,48.30593383503724,22.80560597042384,-102.50523135106344,18.268746894249148,1047.8777286851036,2.522691690959311e-12,1.2211375031816185e-12,-1.3728510949578832e-11,1.1399145516399756e-12,5.452478746281741e-13,-6.647529748882164e-12,6.766561327003582e-12,1.4011679523241233e-11,180000.0,0.6994971999665722,True
459,T,Optimizer-T,-447.9631717586359,-211.4868872895866,975.504909994233,48.30593383503724,22.80560597042384,-102.50523135106344,18.268746894249148,1047.8777286856566,6.472200553275798e-11,3.056888076002906e-11,-3.7755043535980803e-10,-4.3165471197426086e-13,-2.020605904817785e-13,2.547295707699959e-12,2.591499507054181e-12,3.842755856302659e-10,179999.99999999997,2.520116399973631,True
459,A,ESPDI-A,-256.9881446623391,2.4171689434617747,1559.0414598439315,3.170878246636562,39.01261164280423,-77.76528181857101,25.47446061005146,1250.5845902493274,-1.1368683772161603e-13,4.547473508864641e-13,-9.094947017729282e-13,2.842170943040401e-14,8.526512829121202e-14,-1.5631940186722204e-13,1.803155319699033e-13,1.0231815394945443e-12,180000.03705831914,4.166312799905427,True
459,A,Optimizer-A,-256.9881446623391,2.4171689434617747,1559.0414598439315,3.170878246636562,39.01261164280423,-77.76528181857101,23.924533468657287,1207.7977407102553,-1.0858051931236337e-07,3.07261753382574e-07,-4.4210156602275674e-07,-2.007283228522283e-13,6.341593916658894e-13,-1.1937117960769683e-12,1.3665276600663525e-12,5.49229741497718e-07,180000.00000000003,36.128511500079185,True
460,T,ESPDI-T,228.61970830028113,328.6863758864329,631.4439265826029,-29.948391408957356,-43.05677891474446,-80.8954308027372,15.079581584022485,864.9502777205416,-1.3207422714490253e-11,-1.8390258547495552e-11,-9.882233564990385e-11,-8.595762990282196e-13,-1.1887851814051942e-12,-6.479542596915522e-12,6.643534743389424e-12,1.0138289622764396e-10,180000.0,0.5746716000139713,True
460,T,Optimizer-T,228.61970830028113,328.6863758864329,631.4439265826029,-29.948391408957356,-43.05677891474446,-80.8954308027372,15.079581584022485,864.950277721,5.0768500514664083e-11,7.291722781133103e-11,3.8743408481423103e-10,-5.551115123125783e-13,-8.100187187665142e-13,-4.300559908188006e-12,4.411246381666766e-12,3.9749155064232215e-10,179999.99999999997,7.4920096000423655,True
460,A,ESPDI-A,-248.2349665108876,107.37970000421592,1752.0225641683428,31.736312008029145,5.749210229175972,-56.03266509859435,28.78919025772897,1250.0347970687435,1.7053025658242404e-13,0.0,-1.1368683772161603e-13,2.4868995751603507e-14,1.4210854715202004e-14,1.4210854715202004e-14,3.197442310920451e-14,2.0495186137532011e-13,180000.10872238674,3.843789800070226,True
460,A,Optimizer-A,-248.2349665108876,107.37970000421592,1752.0225641683428,31.736312008029145,5.749210229175972,-56.03266509859435,26.203708094666965,1167.7946056298388,1.083613665846119e-08,1.3632166203933487e-07,5.757779462101098e-07,2.9345414986892138e-12,2.943423282886215e-12,-3.8973269056441495e-12,5.697756702354323e-12,5.917949482217464e-07,180000.00000002977,39.34320299990941,True
461,T,ESPDI-T,418.06757759388904,-519.3853110641463,1137.7565465676603,-41.658262079771646,51.75404783413224,-110.22363943559041,19.745105549917547,1132.5602394113048,-1.930097927186139e-11,2.4680681977307106e-11,-1.4255562572410008e-10,-1.092466395125058e-12,1.4157355843202879e-12,-8.222728054008144e-12,8.414929988975594e-12,1.459581114200492e-10,180000.0,0.7691508999560028,True
461,T,Optimizer-T,418.06757759388904,-519.3853110641463,1137.7565465676603,-41.658262079771646,51.75404783413224,-110.22363943559041,19.745105549917547,1132.5602394118978,-5.518208112675893e-11,6.851585965250706e-11,-4.026716737826064e-10,2.26929586233382e-13,-2.788880237858393e-13,1.6200374375330284e-12,1.6594567984517722e-12,4.121698217583233e-10,180000.0,3.5843988000415266,True
461,A,ESPDI-A,169.50667345509032,-134.72230830567958,1650.9389042302396,-17.201305207495405,-30.22456851374745,-80.94611886207282,26.112235516551387,1275.7568930416091,2.4158453015843406e-13,0.0,-6.821210263296962e-13,3.197442310920451e-14,-1.1368683772161603e-13,-2.842170943040401e-14,1.2146956150103533e-13,7.236381552771727e-13,180000.04249127037,4.071509499917738,True
461,A,Optimizer-A,169.50667345509032,-134.72230830567958,1650.9389042302396,-17.201305207495405,-30.22456851374745,-80.94611886207282,24.491573376422014,1229.8091203804397,3.3264170942994085e-08,1.1512328332904866e-07,3.526578140622405e-07,-1.9034551712593384e-11,1.8732926321263221e-10,-7.581206773465965e-10,7.811539722968509e-10,3.7246128557494796e-07,180000.00000797832,25.82785900007002,True
462,T,ESPDI-T,124.29526192810603,154.66946387276366,424.9134391128721,-19.954778181964784,-24.831154423968506,-67.00423367649262,12.332813907216265,707.398328971205,-2.5980344449134246e-12,-3.1669200139909648e-12,-2.3498480396753896e-11,-3.5314112745155057e-13,-4.336565828655381e-13,-3.2272448602377324e-12,3.2753436576474275e-12,2.385283518386442e-11,180000.0,0.38083250005729496,True
462,T,Optimizer-T,124.29526192810603,154.66946387276366,424.9134391128721,-19.954778181964784,-24.831154423968506,-67.00423367649262,12.332813907216265,707.3983289715907,-5.164257910195147e-11,-6.421885245799785e-11,-4.863673908062083e-10,2.3647750424515834e-13,2.970956813896919e-13,2.2239987629291136e-12,2.2561821627308046e-12,4.932993572132062e-10,180000.00000000003,9.009567699977197,True
462,A,ESPDI-A,203.2464232537618,130.25921722438204,1104.751663196689,17.85699570667917,-27.31927908281906,-80.05521471847224,20.778446772328294,1091.8893840319724,-1.1368683772161603e-13,1.9895196601282805e-13,1.3926637620897964e-12,-5.684341886080802e-14,2.1316282072803006e-14,1.9895196601282805e-13,2.0800827610833675e-13,1.411389009483075e-12,180000.00324124066,3.8045943999895826,True
462,A,Optimizer-A,203.2464232537618,130.25921722438204,1104.751663196689,17.85699570667917,-27.31927908281906,-80.05521471847224,19.91478610941144,1067.721453006683,-6.695913865363122e-09,5.465181607616904e-09,5.986651174794133e-08,-6.439737632035758e-11,1.9234946968538225e-11,-1.9328183498146245e-10,2.0463350897550847e-10,6.04872110562472e-08,180000.00000185045,20.146469600033015,True
463,T,ESPDI-T,-239.5678927274296,-169.6100014268675,1127.3464561553603,24.524616991461585,17.363012528760777,-112.42416747245387,19.228018076236555,1102.9005998865505,8.610837164694162e-12,6.531801048455699e-12,-1.1348396750993821e-10,6.133886801262811e-13,4.65673940380773e-13,-7.900385207149085e-12,7.937832469446362e-12,1.1399746410955902e-10,180000.0,0.751263799960725,True
463,T,Optimizer-T,-239.5678927274296,-169.6100014268675,1127.3464561553603,24.524616991461585,17.363012528760777,-112.42416747245387,19.228018076236555,1102.900599887129,3.147282434667886e-11,2.2254198484006338e-11,-3.865352482534945e-10,-1.341149413747189e-13,-9.703349235223868e-14,1.6910917111090384e-12,1.6991743558327708e-12,3.8845242458364586e-10,180000.0,4.955142599996179,True
463,A,ESPDI-A,344.63023635028856,-24.730527357452274,1406.8384179356094,-16.190394509198768,-3.5807631866410574,-72.0604933686776,24.523507245803337,1146.826949221806,-2.2737367544323206e-13,0.0,2.1600499167107046e-12,0.0,0.0,2.8421709430404007e-13,2.8421709430404007e-13,2.1719839849700746e-12,180000.05606147126,3.8271648000227287,True
463,A,Optimizer-A,344.63023635028856,-24.730527357452274,1406.8384179356094,-16.190394509198768,-3.5807631866410574,-72.0604933686776,22.606241843150027,1081.874341968889,-2.7866640839382852e-08,1.6242991715037867e-09,7.617078878752181e-08,7.824851877558103e-13,-2.660094367001875e-13,2.2666313270747196e-12,2.412604746399066e-12,8.112445429081768e-08,180000.0000000001,27.076156300026923,True
464,T,ESPDI-T,-297.2059652367409,-412.7023687618556,720.5891919727969,36.308507157593,50.41825758177282,-85.93724706651997,16.15479641032425,926.6235647038047,5.019006989393426e-12,6.425943781804885e-12,-3.039172060716189e-11,1.0120307369909654e-12,1.3987682540017587e-12,-6.726452728145205e-12,6.944488832519617e-12,3.146648798500216e-11,180000.0,0.5396601000102237,True
464,T,Optimizer-T,-297.2059652367409,-412.7023687618556,720.5891919727969,36.308507157593,50.41825758177282,-85.93724706651997,16.15479641032425,926.6235647042922,-1.6432188942872017e-11,-2.2855495274143323e-11,1.1099032803940645e-10,3.1397107136399427e-13,4.289901767151605e-13,-2.0943247136528953e-12,2.160742097425984e-12,1.1450433797885427e-10,180000.0,8.022572800051421,True
464,A,ESPDI-A,-83.82897814464627,-208.95707626711982,1791.7932103301273,2.230581554805603,37.69360158792195,-83.12400308895731,27.26554487369448,1291.1965061205592,0.0,7.389644451905042e-13,-1.8189894035458565e-12,0.0,7.815970093361102e-14,-1.9895196601282805e-13,2.1375411956357942e-13,1.9633621422111153e-12,180000.0822690149,3.902186500024982,True
464,A,Optimizer-A,-83.82897814464627,-208.95707626711982,1791.7932103301273,2.230581554805603,37.69360158792195,-83.12400308895731,25.15169387716142,1224.781432716456,1.9930954512526802e-08,-8.336453671216801e-08,3.945479107869687e-07,7.418066161335446e-12,-1.9698909170529078e-11,-1.9399237771722255e-10,1.9513102608366576e-10,4.03751090197137e-07,180000.00000055303,21.533189399982803,True
465,T,ESPDI-T,285.7110573512047,-47.06055586099317,424.67132996981366,-45.02217653284624,7.41577408081568,-65.66060815218458,12.562367534935092,720.5653039924182,1.0858046883485684e-11,-1.753203437732543e-12,4.46870000313411e-11,-7.602599105815955e-13,1.3058998327153404e-13,-3.3034686097721533e-12,3.39233750253691e-12,4.602063533045942e-11,180000.0,0.5201672000112012,True
465,T,Optimizer-T,285.7110573512047,-47.06055586099317,424.67132996981366,-45.02217653284624,7.41577408081568,-65.66060815218458,12.562367534935092,720.5653039928075,-6.713696265592262e-11,1.1058098881022715e-11,-2.8188118506022874e-10,3.739231146937527e-13,-6.217248937900877e-14,1.5756285165480222e-12,1.6205829618680993e-12,2.899769918398426e-10,180000.0,21.299974699970335,True
465,A,ESPDI-A,-413.2283526427184,230.92611061111177,1264.532661250943,-8.2773969454216,-31.059988929047947,-76.96489248509835,22.71650207140548,1163.1514114136644,0.0,-7.993605777301127e-14,-5.684341886080802e-14,5.684341886080802e-14,-1.4654943925052066e-14,-2.842170943040401e-14,6.522066556067947e-14,9.808642923501425e-14,180000.0176946782,4.452657499932684,True
465,A,Optimizer-A,-413.2283526427184,230.92611061111177,1264.532661250943,-8.2773969454216,-31.059988929047947,-76.96489248509835,21.85302984946045,1136.3347450421134,-1.1962900193869506e-07,-7.431348115096456e-08,-3.751070174473625e-07,-8.145306651385908e-11,8.648692872981201e-11,9.470646489262435e-10,9.544873179521117e-10,4.006730164658945e-07,180000.00000265503,26.66179679997731,True
466,T,ESPDI-T,281.1757738314242,196.88373358957762,416.0651607117037,-44.07359474261763,-30.8610296235655,-63.9449251548809,12.628341675250827,724.3495171465111,-6.0951656590847725e-12,-4.2358392404658616e-12,-2.6149169513197366e-11,-7.551927833082672e-13,-5.31045693530352e-13,-3.2079443268440144e-12,3.338148060333561e-12,2.7182208238343833e-11,180000.0,0.4062073999084532,True
466,T,Optimizer-T,281.1757738314242,196.88373358957762,416.0651607117037,-44.07359474261763,-30.8610296235655,-63.9449251548809,12.628341675250827,724.349517146904,-6.251243966914899e-11,-4.377365137031575e-11,-2.660058839865087e-10,2.948752353404416e-13,2.007283228522283e-13,1.291411422243982e-12,1.3397711466942308e-12,2.767364594395232e-10,180000.00000000003,16.095729700056836,True
466,A,ESPDI-A,406.55973127643676,-493.5535574643187,1521.3611539389299,1.1806400437359201,38.55374053804832,-60.37560554372643,26.336867272190382,1208.1273577639586,2.2737367544323206e-13,-6.252776074688882e-13,1.0231815394945443e-12,-5.684341886080802e-14,-4.263256414560601e-14,1.4210854715202004e-14,7.246142549764705e-14,1.2204799619203122e-12,180000.02386950812,4.714928400004283,True
466,A,Optimizer-A,406.55973127643676,-493.5535574643187,1521.3611539389299,1.1806400437359201,38.55374053804832,-60.37560554372643,24.648263160429565,1154.4758805057336,-2.8180868974377705e-07,-5.4420159542645035e-08,2.799340954595664e-07,1.8388846001471393e-11,-2.488453887394826e-11,1.6709478245502396e-10,1.6993544732022997e-10,4.009249171360106e-07,180000.0000005012,26.03227650001645,True
467,T,ESPDI-T,-199.14215965363138,-175.23114817255401,504.24730793965966,29.31982807239008,25.79939449427934,-72.79863755909196,13.435508077588873,770.6478046672146,1.041622292433965e-11,9.117024667225186e-12,-7.40338849795387e-11,5.721499662936225e-13,4.991250468489028e-13,-4.025356437065142e-12,4.096336880890473e-12,7.531689029663862e-11,180000.0,0.4177692999364808,True
467,T,Optimizer-T,-199.14215965363138,-175.23114817255401,504.24730793965966,29.31982807239008,25.79939449427934,-72.79863755909196,13.435508077588874,770.6478046676202,-4.460387614813044e-11,-3.91915389030828e-11,3.1028779545749785e-10,3.0597746558669314e-13,2.757793993168889e-13,-2.2151169787321123e-12,2.253091146847309e-12,3.15917708428799e-10,180000.0,36.07244919997174,True
467,A,ESPDI-A,-483.37623374664184,429.40023564656303,1238.6240407930018,38.6675725149976,-17.941044785482593,-84.07112578704341,22.108515480701605,1127.5257473935671,-5.684341886080801e-13,4.547473508864641e-13,-5.968558980384842e-13,-5.684341886080802e-14,0.0,-7.105427357601002e-14,9.099386826154683e-14,9.41355163017715e-13,180000.00118493123,3.9733980000019073,True
467,A,Optimizer-A,-483.37623374664184,429.40023564656303,1238.6240407930018,38.6675725149976,-17.941044785482593,-84.07112578704341,21.23599248113384,1095.5974659600288,-2.438225836825596e-08,7.922374271665601e-08,-7.33451273049468e-08,7.243361466180431e-11,-5.775024902732184e-11,-4.4495962470136874e-10,4.545005912098194e-10,1.1068154151686787e-07,180000.00000209248,21.555016099940985,True
468,T,ESPDI-T,323.81379251068915,-330.1576036803605,559.9702831874342,-44.03014953665656,44.89274081872408,-74.45057157342796,14.534323391705511,833.6747929037956,1.1899456328059652e-11,-1.2055203027234312e-11,5.7708529198775144e-11,-6.55599186050182e-12,6.70419275650147e-12,-3.25247676014051e-11,3.3849486514815906e-11,6.014315691096637e-11,180000.0,0.4413391000125557,True
468,T,Optimizer-T,323.81379251068915,-330.1576036803605,559.9702831874342,-44.03014953665656,44.89274081872408,-74.45057157342796,14.534323391705511,833.6747929042467,-5.995826057869635e-11,6.110312256168982e-11,-2.9601210371765774e-10,-5.3228532692628505e-12,5.425437876738215e-12,-2.6268764941050904e-11,2.7346227429183592e-11,3.0814241860828755e-10,180000.0,25.534826299990527,True
468,A,ESPDI-A,-250.26310586837675,-323.4872527594151,1782.1768526382125,-28.875243668311555,-14.363870445677797,-78.46767271699034,27.31903468306069,1355.682194839017,-2.2737367544323206e-13,-2.2737367544323206e-13,1.2505552149377763e-12,-5.684341886080802e-14,-2.842170943040401e-14,9.947598300641403e-14,1.180442248897588e-13,1.2912342630898533e-12,180000.00363670642,3.8233933999435976,True
468,A,Optimizer-A,-250.26310586837675,-323.4872527594151,1782.1768526382125,-28.875243668311555,-14.363870445677797,-78.46767271699034,26.13309159813081,1320.255229480521,-4.753441191874488e-08,-4.258611217608296e-08,1.7063635482372774e-07,1.4089351907387027e-10,1.233866342431611e-10,-1.0540546213633206e-10,2.1490825176118387e-10,1.8218085205164662e-07,180000.00001411056,15.725858299992979,True
469,T,ESPDI-T,-207.24617881274318,36.7652732684928,588.7620385164374,28.685609319036303,-5.088799569330085,-79.86086770887546,14.281210143763344,819.156460754959,6.543935932143332e-12,-1.1667370171261843e-12,-4.7907334647717334e-11,3.728094222221756e-13,-6.543723896079712e-14,-2.539600474360526e-12,2.567652520671879e-12,4.836628046273051e-11,180000.0,0.582088999915868,True
469,T,Optimizer-T,-207.24617881274318,36.7652732684928,588.7620385164374,28.685609319036303,-5.088799569330085,-79.86086770887546,14.281210143763342,819.1564607553883,-7.441380844852574e-12,1.317668196776367e-12,5.7688964716362534e-11,-1.3855583347321954e-13,2.4091839634365897e-14,1.0764722446765518e-12,1.0856199285594385e-12,5.8181844663096204e-11,180000.0,5.536256800056435,True
469,A,ESPDI-A,162.85306445141543,-40.20023658121454,1446.5745665493225,-0.29321502289297996,-34.17083799740448,-78.70466569821761,24.374936209025456,1207.9603773964118,3.410605131648481e-13,-1.2505552149377763e-12,-3.979039320256561e-13,1.4210854715202004e-14,-8.526512829121202e-14,-1.0658141036401503e-13,1.3722859588816026e-13,1.3559270475839825e-12,180000.0370524921,3.942263299948536,True
469,A,Optimizer-A,162.85306445141543,-40.20023658121454,1446.5745665493225,-0.29321502289297996,-34.17083799740448,-78.70466569821761,22.929547877234373,1166.8137816556882,2.5020386916847093e-08,-6.55708472696797e-08,5.3093618390676056e-08,-4.5076831156620756e-11,9.187850480429915e-11,-2.553903755142528e-10,2.7513237588024274e-10,8.80027731775944e-08,180000.00000858444,18.21787689998746,True
470,T,ESPDI-T,-504.0003657961838,-452.55732821748023,1088.8596072136852,51.09510210164544,45.87985339175542,-107.34647848905101,19.412899284754268,1113.5052079628222,8.445606925399848e-12,8.870278643546836e-12,-4.665892986647352e-11,1.4150208782481855e-12,1.333530508240699e-12,-8.074152457737682e-12,8.304969934507795e-12,4.8239670975629796e-11,180000.0,0.8312253999756649,True
470,T,Optimizer-T,-504.0003657961838,-452.55732821748023,1088.8596072136852,51.09510210164544,45.87985339175542,-107.34647848905101,19.412899284754268,1113.5052079634042,-3.310685059432217e-12,-3.057554209817681e-12,1.922728642966831e-11,1.509903313490213e-14,1.2878587085651816e-14,-8.881784197001252e-14,9.100795492231274e-14,1.974836238165658e-11,179999.99999999997,2.011321800062433,True
470,A,ESPDI-A,-164.20295204119884,366.44013386804545,1458.3234319812773,-1.670161069175677,12.687996914605428,-73.89999223207259,24.790592100629446,1216.256915900325,1.1368683772161603e-13,0.0,-1.3073986337985843e-12,1.4210854715202004e-14,-2.842170943040401e-14,-1.5631940186722204e-13,1.5951644855252062e-13,1.3123322310792896e-12,180000.00707006303,3.9017936000600457,True
470,A,Optimizer-A,-164.20295204119884,366.44013386804545,1458.3234319812773,-1.670161069175677,12.687996914605428,-73.89999223207259,23.597889748762096,1179.555342770056,-7.304538510202637e-08,1.2931006631302014e-07,-1.1488204876286545e-07,-2.963895795460303e-11,8.57820481314775e-11,2.7391422463551862e-12,9.079939708231336e-11,1.8776210124126326e-07,180000.00002162243,32.887396599981,True
471,T,ESPDI-T,146.20480513741052,168.04537974110713,500.89020073886036,-21.731606442585203,-24.977948252769732,-73.0365351272435,13.309694926638194,763.4312834892662,-5.941160513859775e-13,-8.648018824490566e-13,-7.586604955367449e-12,-4.27081980891586e-13,-4.851882784429051e-13,-4.079070414775288e-12,4.129966359746252e-12,7.658813937367053e-12,180000.0,0.4948366000317037,True
471,T,Optimizer-T,146.20480513741052,168.04537974110713,500.89020073886036,-21.731606442585203,-24.977948252769732,-73.0365351272435,13.309694926638194,763.43128348967,3.845945784064497e-11,4.416045307209515e-11,3.5984104584940724e-10,-2.3647750424515834e-13,-2.708944180085382e-13,-2.234656903965515e-12,2.2634038248096483e-12,3.645748946251295e-10,180000.0,2.5666172999190167,True
471,A,ESPDI-A,3.9512779247809817,165.13942589870726,1430.1169740767314,-36.550087225157405,12.330082745190253,-75.67544611438574,24.38875425534181,1211.1312024221443,-1.0231815394945443e-12,0.0,-5.684341886080802e-14,-8.526512829121202e-14,0.0,0.0,8.526512829121202e-14,1.0247593068766006e-12,180000.0323669915,4.79619439993985,True
471,A,Optimizer-A,3.9512779247809817,165.13942589870726,1430.1169740767314,-36.550087225157405,12.330082745190253,-75.67544611438574,22.94902974351258,1172.2538840921225,3.4518725258548305e-08,-1.3765840156954854e-08,3.202189624573748e-07,1.1407319533418558e-10,-1.2645973157532353e-10,-1.1419913903409906e-09,1.1546207573124618e-09,3.2236815082445656e-07,180000.00001012592,29.16174290003255,True
472,T,ESPDI-T,234.45869363410995,-340.57504038243775,1153.82208885828,-23.618221368275385,34.30786281192306,-113.15026358444914,19.534944489734798,1120.5056033885285,-2.595238694086399e-12,4.2572272746996265e-12,-2.96272725320082e-11,-5.964465032981536e-13,8.633545267588971e-13,-7.628273013260412e-12,7.70010900150178e-12,3.0043876674517505e-11,180000.0,0.5930153999943286,True
472,T,Optimizer-T,234.45869363410995,-340.57504038243775,1153.82208885828,-23.618221368275385,34.30786281192306,-113.15026358444914,19.534944489734798,1120.5056033891015,3.3409053301625136e-11,-4.866285152616001e-11,4.313243096021324e-10,-1.3944401189291966e-13,1.9939605522267811e-13,-1.8403056856186595e-12,1.8563212103005023e-12,4.35344573889378e-10,180000.0,1.4423962999135256,True
472,A,ESPDI-A,74.22992344302634,253.04535612317375,807.969501453422,-4.185889259518611,-7.855046873016406,-65.82594205107881,18.167330822526292,916.7812412529402,2.842170943040401e-14,1.1368683772161603e-13,6.252776074688882e-13,-1.4210854715202004e-14,2.842170943040401e-14,9.237055564881302e-14,9.768347613364995e-14,6.361639545275293e-13,180000.00318046685,3.905666899983771,True
472,A,Optimizer-A,74.22992344302634,253.04535612317375,807.969501453422,-4.185889259518611,-7.855046873016406,-65.82594205107881,17.253892476280278,885.6652976494097,2.736216769941972e-08,3.1190637204147775e-09,-5.561533455988865e-08,4.96322982712627e-11,2.185096548146248e-10,3.8675906921525893e-10,4.469814446922238e-10,6.20603111328933e-08,180000.0000254883,23.001742299995385,True
473,T,ESPDI-T,-219.54671367507498,376.19648027265373,1184.1217243648346,21.836579824905996,-37.41729645509653,-114.61578539732827,19.780763334256676,1134.6055355818353,2.554369933751915e-12,-3.635916180221195e-12,-3.2547440599866445e-11,5.499541794184992e-13,-9.061276035060573e-13,-7.691604297921373e-12,7.764296072993226e-12,3.2849361969905665e-11,180000.0,0.7145280000986531,True
473,T,Optimizer-T,-219.54671367507498,376.19648027265373,1184.1217243648346,21.836579824905996,-37.41729645509653,-114.61578539732827,19.780763334256676,1134.605535582421,-1.6619372544823818e-11,2.8536284446545324e-11,2.3431212525792944e-10,2.9976021664879227e-14,-4.618527782440651e-14,-4.796163466380676e-13,4.827664877816375e-13,2.3662775643758574e-10,180000.0,1.7896664999425411,True
473,A,ESPDI-A,-142.19170354197155,-69.82421569367881,745.5873624880746,8.990332833216058,13.598908827390716,-84.59409692925061,16.17519279246385,901.1046560822051,0.0,-1.2079226507921703e-13,8.881784197001252e-14,1.4210854715202004e-14,-2.2648549702353193e-14,0.0,2.673771110915334e-14,1.4993125209634564e-13,179999.9999999911,3.9091553000034764,True
473,A,Optimizer-A,-142.19170354197155,-69.82421569367881,745.5873624880746,8.990332833216058,13.598908827390716,-84.59409692925061,15.961479443374014,893.1600110064483,5.1491765136922615e-09,-3.737240764240378e-09,2.9731204165273084e-08,-2.5415669568928934e-11,1.4951817561836833e-11,-1.0464518140906875e-10,1.0872040792866969e-10,3.0404366272234844e-08,180000.00000170062,9.383376999991015,True
474,T,ESPDI-T,-215.51122807950097,224.1977414380918,457.1974720330629,32.78594386293702,-34.107432037253176,-68.20329908697948,13.007411584866036,746.0926021101259,-9.52249437885088e-12,1.0020611849515838e-11,5.934609647781884e-11,1.03944144957957e-11,-1.0807885836294773e-11,-6.183818040961242e-11,6.363029785670158e-11,6.09347989919429e-11,180000.0,0.405026400112547,True
474,T,Optimizer-T,-215.51122807950097,224.1977414380918,457.1974720330629,32.78594386293702,-34.107432037253176,-68.20329908697948,13.007411584866038,746.0926021105115,-7.085310116394794e-11,7.375189348124422e-11,4.234230743804801e-10,1.0106582237767725e-11,-1.0507150705052481e-11,-6.034106547758711e-11,6.207726961970783e-11,4.355991318338858e-10,180000.00000000003,36.10346630006097,True
474,A,ESPDI-A,-250.55128116925718,-12.13152770278316,1542.8898043955148,-26.092210053815922,-22.254170953626094,-69.55816400943269,25.82536111271788,1256.5405463481438,1.1368683772161603e-12,5.684341886080801e-13,-2.2737367544323206e-13,-5.684341886080802e-14,1.4210854715202004e-14,1.4210854715202004e-14,6.029155041345696e-14,1.2912342630898533e-12,180000.01944662325,3.754989799926989,True
474,A,Optimizer-A,-250.55128116925718,-12.13152770278316,1542.8898043955148,-26.092210053815922,-22.254170953626094,-69.55816400943269,24.417394392998368,1216.159642510298,1.0389912402449926e-07,5.7519612242971113e-08,1.1302619284947468e-07,-9.228173780684301e-11,-4.236078154917777e-11,1.2898127010885219e-10,1.6415396122238648e-10,1.639464974791675e-07,180000.00000802602,26.964147599996068,True
475,T,ESPDI-T,241.36881111473727,424.0985602736598,800.289614550036,-28.322539828179433,-49.76429352636811,-91.63694859218737,16.809653813905243,964.1855547324212,-9.276071650707839e-12,-1.6224309032754694e-11,-7.977829161176508e-11,-7.334827190064175e-13,-1.2955088390942393e-12,-6.493611204305694e-12,6.662081245672166e-12,8.193808346154564e-11,180000.0,0.5082917000399902,True
475,T,Optimizer-T,241.36881111473727,424.0985602736598,800.289614550036,-28.322539828179433,-49.76429352636811,-91.63694859218737,16.809653813905243,964.1855547329396,-6.757283621539045e-11,-1.1870149307924294e-10,-6.117524264936947e-10,2.5357493882438575e-13,4.4586556668946287e-13,2.3163693185779266e-12,2.37248038415669e-12,6.268150955220821e-10,180000.0,2.0909199999878183,True
475,A,ESPDI-A,-279.6810728213525,-144.78375064560424,1084.6023496132643,40.92871689821166,1.7488776591019786,-94.55442077275318,19.703163720306826,1071.0908931115155,-5.400124791776761e-13,-5.684341886080802e-14,-5.684341886080801e-13,-9.14823772291129e-14,0.0,-9.237055564881302e-14,1.3000517256771046e-13,7.861056409376107e-13,180000.00366949278,5.30825779994484,True
475,A,Optimizer-A,-279.6810728213525,-144.78375064560424,1084.6023496132643,40.92871689821166,1.7488776591019786,-94.55442077275318,19.19749601326155,1053.972383306993,1.6981638974151013e-08,-2.8561636191529586e-08,7.576490546057357e-08,-5.7841287315341106e-11,1.0950751416771709e-10,-3.509512680466287e-10,3.721616620784914e-10,8.273127597006678e-08,180000.00000939096,11.469117900007404,True
476,T,ESPDI-T,123.76329323720644,-154.40235680975846,512.0950035598123,-18.27536690517384,22.79964962077794,-74.18436121431722,13.396529437023418,768.4120273815915,4.0684399208942845e-13,-2.6551823890594295e-13,2.997085869413385e-12,-2.9896918274374684e-13,3.815905924575702e-13,-3.45315442906724e-12,3.4870144054003102e-12,3.0362058029271273e-12,180000.0,0.4576207000063732,True
476,T,Optimizer-T,123.76329323720644,-154.40235680975846,512.0950035598123,-18.27536690517384,22.79964962077794,-74.18436121431722,13.396529437023418,768.4120273819935,3.940336945618128e-11,-4.9173998206697433e-11,4.4371972762746736e-10,-1.7985612998927536e-13,2.2004620348070603e-13,-1.9770851622524788e-12,1.997406893439567e-12,4.4817173528673853e-10,180000.00000000003,16.051585500012152,True
476,A,ESPDI-A,-407.726573327992,121.54329395972502,1634.487660672064,36.402170749342986,-23.045359514582337,-63.26561487883191,27.241282301481096,1220.2581513619862,-6.536993168992922e-13,5.684341886080802e-14,-1.9326762412674725e-12,-7.815970093361102e-14,-2.842170943040401e-14,-9.947598300641403e-14,1.296618818777138e-13,2.0410270514479107e-12,180000.09545788783,3.708326500025578,True
476,A,Optimizer-A,-407.726573327992,121.54329395972502,1634.487660672064,36.402170749342986,-23.045359514582337,-63.26561487883191,24.864061596043488,1143.5602273184595,-9.781106717479006e-09,2.695055247222376e-08,-9.078139129314877e-09,-6.36808383802645e-11,2.3849811014997613e-11,9.29105681279907e-10,9.31590805906147e-10,3.007349226857428e-08,180000.00002702698,22.334668700001203,True
477,T,ESPDI-T,192.46417809815998,322.9256303295709,477.74942844702764,-28.353582691415216,-47.5730011330062,-68.94115681120175,13.42756218499057,770.1920359198284,2.055055381915789e-12,3.949681329405382e-12,1.3597077179190297e-11,-4.94848086118882e-13,-7.756399689196058e-13,-3.5478755350260016e-12,3.6652302522157e-12,1.4307471581081406e-11,180000.0,0.469347000005655,True
477,T,Optimizer-T,192.46417809815998,322.9256303295709,477.74942844702764,-28.353582691415216,-47.5730011330062,-68.94115681120175,13.42756218499057,770.1920359202413,-1.2124301562721485e-11,-2.035838164715642e-11,-8.567102582901498e-11,9.370282327836321e-14,1.5720758028692217e-13,6.963318810448982e-13,7.199809240178045e-13,8.88874966363146e-11,180000.0,9.338182199979201,True
477,A,ESPDI-A,3.657658466952455,423.2897944026522,978.8462526277463,42.02113164361489,-23.81329240483681,-56.56876868737729,20.831468787792446,1046.3003443640428,0.0,4.547473508864641e-13,-7.958078640513122e-13,-1.1368683772161603e-13,2.842170943040401e-14,-1.1368683772161603e-13,1.632702903446565e-13,9.165725883006586e-13,180000.00446310086,3.749821300036274,True
477,A,Optimizer-A,3.657658466952455,423.2897944026522,978.8462526277463,42.02113164361489,-23.81329240483681,-56.56876868737729,19.889267764916443,1019.6351329737463,2.385766346441612e-08,1.6786646987915182e-08,7.320093331486532e-08,-5.162981153716828e-11,-5.203482089655154e-11,-2.9681146429538785e-10,3.057291372477802e-10,7.879946866093436e-08,180000.0000059114,31.715357700013556,True
478,T,ESPDI-T,422.7248407232572,-373.69053502740024,839.2791783971034,-48.2095478339997,42.617442809116724,-93.31215432430596,17.288477383460982,991.6504135654559,-1.497302650789456e-11,1.2393411736319818e-11,-8.297925226715547e-11,-1.10353393090179e-12,9.100775688608564e-13,-5.9718480160952936e-12,6.14076518402524e-12,8.522525731312455e-11,180000.0,0.5597085999324918,True
478,T,Optimizer-T,422.7248407232572,-373.69053502740024,839.2791783971034,-48.2095478339997,42.617442809116724,-93.31215432430596,17.288477383460982,991.6504135659707,5.929656765601976e-11,-5.240430311914679e-11,3.233910916833338e-10,-3.3306690738754696e-13,2.948752353404416e-13,-1.7763568394002505e-12,1.831209597533235e-12,3.3293256389444205e-10,179999.99999999997,7.971316499984823,True
478,A,ESPDI-A,-450.1781287710346,280.84051648937407,1126.7846537610856,21.17352599503444,-15.513753826210184,-82.72621872770966,21.019032799111482,1083.406730554394,0.0,2.2737367544323206e-13,7.673861546209082e-13,2.842170943040401e-14,-1.4210854715202004e-14,1.0302869668521453e-13,1.0781769010388244e-13,8.003626044415298e-13,180000.00382033314,3.970502799958922,True
478,A,Optimizer-A,-450.1781287710346,280.84051648937407,1126.7846537610856,21.17352599503444,-15.513753826210184,-82.72621872770966,20.23168326901873,1054.607808157829,-6.242476605647395e-08,2.985212412864542e-08,-9.697471270442293e-08,1.3987033753437572e-11,-8.597567102697212e-12,-6.542322239511122e-11,6.745185914313531e-11,1.1913058228810487e-07,180000.00000012427,21.369803500012495,True
479,T,ESPDI-T,-23.856589394587257,-483.43182909404,1077.3239136231985,2.4665187068417254,49.98173168096274,-108.45985477745263,19.04153478532439,1092.2040979069716,1.0016716053612082e-12,1.7376434601097668e-11,-1.0663730033548535e-10,2.6006237094367e-13,5.079311971023515e-12,-3.0452265709079995e-11,3.087405916545754e-11,1.0804840419132397e-10,180000.0,0.6370568999554962,True
479,T,Optimizer-T,-23.856589394587257,-483.43182909404,1077.3239136231985,2.4665187068417254,49.98173168096274,-108.45985477745263,19.04153478532439,1092.2040979075464,2.127326093059878e-12,4.298783551348606e-11,-2.5490365374025714e-10,1.804667526528192e-13,3.652189661806915e-12,-2.1675106154361856e-11,2.1981384951305447e-11,2.5851180284190827e-10,180000.0,1.6406579000176862,True
479,A,ESPDI-A,-43.89123699232857,6.215118032880753,1787.8739562717528,-14.27847006463664,16.598168644169796,-78.17580442467718,27.565169513566218,1283.2447783733805,-5.684341886080801e-13,-2.8421709430404007e-13,-9.094947017729282e-13,1.4210854715202004e-14,-5.684341886080802e-14,-1.5631940186722204e-13,1.6693974379891657e-13,1.1095392719620996e-12,180000.08000206025,3.6381630999967456,True
479,A,Optimizer-A,-43.89123699232857,6.215118032880753,1787.8739562717528,-14.27847006463664,16.598168644169796,-78.17580442467718,25.36031968113698,1214.0909845669612,-2.545436785074065e-07,-1.1877839628114028e-07,-4.724007318657186e-07,-4.0678571622265736e-13,4.050093593832571e-13,1.0089706847793423e-11,1.0106022534831412e-11,5.496028049041126e-07,180000.00000000777,22.563435700023547,True
480,T,ESPDI-T,-169.04231233724664,56.69007843623705,588.3587239666562,23.4768850374559,-7.873214911759369,-80.09167543698943,14.233607088619097,816.4259953545807,-1.1477582258093491e-12,2.886515387877462e-13,9.288859395203963e-12,4.59693047516474e-13,-1.6026936722202123e-13,-4.242779738650171e-12,4.270618676340132e-12,9.36395095670767e-12,180000.0,0.4705403000116348,True
480,T,Optimizer-T,-169.04231233724664,56.69007843623705,588.3587239666562,23.4768850374559,-7.873214911759369,-80.09167543698943,14.233607088619095,816.4259953550063,-2.4408919330198842e-11,8.19322387712873e-12,2.2861534887397283e-10,1.2256862191861728e-13,-4.18554080283684e-14,-1.085354028873553e-12,1.0930545778927527e-12,2.3006064852802885e-10,180000.0,25.757726299925707,True
480,A,ESPDI-A,82.01595241650432,-50.190053757164094,969.7495477479234,1.1484330535826288,-29.961697761952376,-57.863803753622605,20.675647685906345,1010.055198550881,-1.7053025658242404e-13,2.2737367544323206e-13,3.410605131648481e-13,-7.105427357601002e-15,2.842170943040401e-14,4.973799150320701e-14,5.772476473450155e-14,4.43961293735052e-13,180000.04173109232,3.6491942000575364,True
480,A,Optimizer-A,82.01595241650432,-50.190053757164094,969.7495477479234,1.1484330535826288,-29.961697761952376,-57.863803753622605,19.320728154202975,972.891285773736,-2.4956292654410434e-08,1.3173040256620442e-07,2.350513810256416e-07,-1.0388578886022515e-11,2.41167086301175e-11,-4.2667736011026136e-10,4.27484628772875e-10,2.706009372218955e-07,180000.00001144988,25.505460700020194,True
481,T,ESPDI-T,124.85985241103629,208.5285646078219,387.8052323137109,-20.661265923668303,-34.506400919485884,-63.03074768369357,11.968858751512483,686.5222117361391,-4.21987970825391e-12,-7.039373532864712e-12,-3.700100881069701e-11,-3.4256625314199596e-13,-5.467223895827544e-13,-2.9141272728239187e-12,2.9846934132803312e-12,3.790032740619277e-11,180000.0,0.375785700045526,True
481,T,Optimizer-T,124.85985241103629,208.5285646078219,387.8052323137109,-20.661265923668303,-34.506400919485884,-63.03074768369357,11.968858751512483,686.522211736512,-5.885902876201499e-11,-9.830003477873106e-11,-5.139835224099443e-10,2.7711166694643907e-13,4.662936703425657e-13,2.417621658423741e-12,2.4777237832815294e-12,5.265988448650843e-10,179999.99999999997,27.606443000026047,True
481,A,ESPDI-A,220.87444868272655,412.3327898414117,1776.9937881796816,25.42752083173761,-12.019807971437935,-97.43237685245394,26.153908591556927,1339.033714280995,2.2737367544323206e-13,0.0,7.958078640513122e-13,5.684341886080802e-14,0.0,7.815970093361102e-14,9.664426065637204e-14,8.276526715781663e-13,180000.00343654092,3.7754252000013366,True
481,A,Optimizer-A,220.87444868272655,412.3327898414117,1776.9937881796816,25.42752083173761,-12.019807971437935,-97.43237685245394,25.056934244830472,1306.4894811305912,-2.250243366952536e-07,-8.604344641938408e-08,2.2951083877842393e-07,4.835918332446454e-10,2.474687121889474e-10,9.487060026458494e-10,1.0932268310600685e-09,3.327381130763952e-07,180000.00001373034,15.803997099981643,True
482,T,ESPDI-T,-267.9868043630829,331.5494988305373,522.2876983401757,37.71125460845741,-46.65583290722369,-71.91810496900699,14.049790724561886,805.8824657310979,-1.8488121190235463e-12,2.8313282707942422e-12,1.407704573568036e-11,1.305996977229995e-12,-1.5789453078340898e-12,-7.059242079776595e-12,7.3506186903249e-12,1.4477490897005726e-11,180000.0,0.4342636000365019,True
482,T,Optimizer-T,-267.9868043630829,331.5494988305373,522.2876983401757,37.71125460845741,-46.65583290722369,-71.91810496900699,14.049790724561886,805.8824657315345,8.749068136637561e-11,-1.0822587270808981e-10,-4.868505598665251e-10,7.460698725481052e-14,-9.769962616701378e-14,-4.298783551348606e-13,4.4710940463589785e-13,5.063505964168792e-10,180000.0,16.81917280005291,True
482,A,ESPDI-A,-78.455554425103,156.40470104740973,741.7818855052312,-8.976108069751987,-11.565059397571886,-72.1140376436662,16.86626019223236,891.4408811994763,1.1368683772161603e-13,1.7053025658242404e-13,-1.0942358130705543e-12,2.842170943040401e-14,4.263256414560601e-14,-2.0961010704922955e-13,2.157816629599582e-13,1.113264245400608e-12,180000.00539899574,3.812033500056714,True
482,A,Optimizer-A,-78.455554425103,156.40470104740973,741.7818855052312,-8.976108069751987,-11.565059397571886,-72.1140376436662,16.220260963791812,869.3263599118109,4.775957944435669e-08,-3.3465609452693532e-09,2.2499278884424712e-07,-5.681410897295791e-11,-2.1742163625049216e-11,-5.780336209681991e-10,5.812258008959144e-10,2.3003028481218334e-07,180000.0000088518,12.064557699952275,True
483,T,ESPDI-T,-93.04495652211374,287.3353044802968,403.8777730182625,14.918205585628044,-46.06941960607325,-63.539084631577666,12.348805179015296,708.3155729216833,2.0185734594252436e-12,-6.7062286713409636e-12,-2.408365477532537e-11,-9.402898598631637e-12,2.8973573540369557e-11,1.1639297858856423e-10,1.2031295828161373e-10,2.508127925645867e-11,180000.0,0.38292320002801716,True
483,T,Optimizer-T,-93.04495652211374,287.3353044802968,403.8777730182625,14.918205585628044,-46.06941960607325,-63.539084631577666,12.348805179015296,708.3155729220598,-4.622191518421914e-12,1.4301004824801566e-11,5.732569974270518e-11,-9.61342117022923e-12,2.969402501662444e-11,1.1903900087872898e-10,1.2306273488952767e-10,5.926313562766282e-11,180000.0,14.25620289996732,True
483,A,ESPDI-A,-7.47653492495715,-300.12672378176785,1545.2040630643642,-12.817309622476344,24.92770298270983,-89.69684639202185,24.67721034842867,1213.868368733387,5.684341886080802e-14,2.2737367544323206e-13,-6.821210263296962e-13,7.105427357601002e-15,4.263256414560601e-14,-1.2789769243681803e-13,1.3500311979441904e-13,7.212621278796132e-13,180000.0537831384,3.887229499989189,True
483,A,Optimizer-A,-7.47653492495715,-300.12672378176785,1545.2040630643642,-12.817309622476344,24.92770298270983,-89.69684639202185,23.06597583628121,1160.2453032199446,2.0288344936683204e-07,3.733485860242458e-08,2.1394734162072382e-07,-4.8405723873656825e-14,-8.926193117986259e-14,1.1723955140041653e-12,1.1767846224856876e-12,2.9720203680395874e-07,180000.00000000003,47.62011150002945,True
484,T,ESPDI-T,337.7605819594087,204.17986378120239,831.9287072540117,-39.36480645109016,-23.796444133089857,-94.65718706811838,16.922664030691223,970.6677119361648,7.576988082097502e-12,5.848986442749671e-12,5.409108230769455e-11,-9.57983692373432e-13,-5.051722928861579e-13,-6.1181615329530814e-12,6.213278711249005e-12,5.493147163531579e-11,180000.0,2.4453644999302924,True
484,T,Optimizer-T,337.7605819594087,204.17986378120239,831.9287072540117,-39.36480645109016,-23.796444133089857,-94.65718706811838,16.922664030691223,970.6677119366796,1.2664980175713936e-11,7.62656604536005e-12,8.416556340762327e-11,-1.7763568394002505e-15,-3.1086244689504383e-15,7.105427357601002e-15,7.95651227888113e-15,8.545412977860179e-11,180000.00000000003,3.8033738000085577,True
484,A,ESPDI-A,-324.4438108725658,173.32249774482113,1624.7699551524884,-13.134144030014628,-12.089809789985281,-97.30209941604359,24.860782308405156,1278.7859910984753,0.0,1.1368683772161603e-13,-8.526512829121202e-13,2.842170943040401e-14,0.0,-1.2789769243681803e-13,1.3101760682293512e-13,8.601970165740088e-13,180000.00461722395,6.146307299961336,True
484,A,Optimizer-A,-324.4438108725658,173.32249774482113,1624.7699551524884,-13.134144030014628,-12.089809789985281,-97.30209941604359,23.755050474742806,1245.3769871094482,1.5509691096169415e-07,1.879751397844881e-09,2.6693008692291187e-07,6.511058359137678e-11,-2.0088153362962657e-11,-3.213109778243961e-10,3.2845649098718257e-10,3.0872359248986894e-07,180000.00000295852,33.497223400045186,True
485,T,ESPDI-T,-369.9262145063738,138.7592629340679,660.9583531982123,47.57926148753661,-17.8469732505105,-83.12178373772906,15.354834488142986,880.7385192268357,3.1340719272186443e-12,-1.3817032455378181e-12,-1.648802692684817e-11,1.142053465685855e-12,-4.374322085110016e-13,-5.760659310682925e-12,5.889043109817227e-12,1.684002798822437e-11,180000.0,0.48899399989750236,True
485,T,Optimizer-T,-369.9262145063738,138.7592629340679,660.9583531982123,47.57926148753661,-17.8469732505105,-83.12178373772906,15.354834488142984,880.7385192272995,1.5720313939482367e-11,-5.882183629069004e-12,-7.746514540940552e-11,1.056932319443149e-13,-3.907985046680551e-14,-5.435651928564766e-13,5.551228808799375e-13,7.92627094408355e-11,180000.0,30.916185400099494,True
485,A,ESPDI-A,0.44843824671272614,19.570109581900283,1640.5369853852967,-15.739594039720405,31.929917249704232,-61.680052232322275,27.32398126621971,1251.2128772370434,-2.8421709430404007e-13,-1.1368683772161603e-13,0.0,-1.4210854715202004e-14,5.684341886080802e-14,1.4210854715202004e-14,6.029155041345696e-14,3.06111178766429e-13,180000.08601983785,3.8252552999183536,True
485,A,Optimizer-A,0.44843824671272614,19.570109581900283,1640.5369853852967,-15.739594039720405,31.929917249704232,-61.680052232322275,25.26209685868426,1192.0510584393141,1.7386031117751393e-07,-2.5840870577701774e-07,2.622020467413222e-07,-2.6439295197633328e-11,5.417533088802884e-11,-2.6503599315219617e-10,2.718052252506305e-10,4.0712698306478514e-07,180000.0000002504,22.748332199989818,True
486,T,ESPDI-T,409.32750873238143,-383.0579127302801,596.8695924293304,-53.28957766455809,49.86958842243317,-75.861097423366,15.172031509526855,870.2531164163429,-1.3960403037575897e-11,1.1008951346022644e-11,-5.4313090917107454e-11,-1.2094769630266455e-12,1.0305228892448781e-12,-4.8585996337280335e-12,5.111829648003927e-12,5.7148943189534416e-11,180000.0,0.6133072000229731,True
486,T,Optimizer-T,409.32750873238143,-383.0579127302801,596.8695924293304,-53.28957766455809,49.86958842243317,-75.861097423366,15.172031509526853,870.2531164167958,8.343370438979036e-11,-7.811662428025556e-11,3.5135627740601194e-10,-5.453415496958769e-13,5.062616992290714e-13,-2.298605750183924e-12,2.4160477455360042e-12,3.6947885418485855e-10,180000.0,3.0896994000067934,True
486,A,ESPDI-A,-174.58972661547756,-324.8565336026953,1243.9783413599075,9.228781703296868,15.790453365645291,-70.42747618798127,22.979649848937143,1090.3266125493592,-1.1368683772161603e-13,-1.1368683772161603e-13,-1.7053025658242404e-13,0.0,0.0,1.4210854715202004e-14,1.4210854715202004e-14,2.3437142008433856e-13,180000.03827532573,3.836499399971217,True
486,A,Optimizer-A,-174.58972661547756,-324.8565336026953,1243.9783413599075,9.228781703296868,15.790453365645291,-70.42747618798127,21.324692411607497,1033.7156019543672,2.7765364114085304e-08,5.31460700374655e-08,7.840083782184593e-08,-9.843681425536488e-12,-1.545075178910338e-11,5.304734429500968e-10,5.307896923171979e-10,9.870213562016939e-08,180000.0000040509,22.24976879998576,True
487,T,ESPDI-T,43.057042971918094,370.96381293856757,600.8072907897918,-5.782181144875153,-49.8171684944398,-78.94985345146713,14.714179696627669,843.9911773489075,1.042195233651004e-13,1.846279151698077e-12,3.555676803337904e-12,-1.7560172066444224e-13,-1.4580420204524103e-12,-6.906170080256402e-12,7.060588337747356e-12,4.0077981417282824e-12,180000.0,0.5989676000317559,True
487,T,Optimizer-T,43.057042971918094,370.96381293856757,600.8072907897918,-5.782181144875153,-49.8171684944398,-78.94985345146713,14.714179696627667,843.9911773493659,-1.0598133481920513e-11,-9.111555954177675e-11,-4.0884629015636165e-10,-4.163336342344337e-15,-2.1316282072803006e-14,-1.474376176702208e-13,1.4902875009600324e-13,4.190103275559345e-10,180000.0,19.052387399948202,True
487,A,ESPDI-A,-207.8051657425927,-143.4719978007064,1651.234143728294,-42.11790234654141,-2.6289855780932996,-55.26023270814228,27.718661434122485,1303.918406574996,0.0,0.0,2.2737367544323206e-13,5.684341886080802e-14,1.4210854715202004e-14,-8.526512829121202e-14,1.0345658394727079e-13,2.2737367544323206e-13,180000.0373661833,4.0677213000599295,True
487,A,Optimizer-A,-207.8051657425927,-143.4719978007064,1651.234143728294,-42.11790234654141,-2.6289855780932996,-55.26023270814228,26.112154309600093,1258.2103077242155,1.0965961114698863e-07,2.3791182609156193e-07,-5.423766396006613e-07,-6.359357485052897e-13,-1.900701818158268e-13,1.815436689867056e-12,1.932964387969405e-12,6.023285536114289e-07,180000.00000000052,40.598716699983925,True
488,T,ESPDI-T,215.06573938233834,-310.26098068680034,398.6809482663076,-33.92944330678202,48.94774214039171,-61.64123822258016,12.54789003900596,719.7348887680419,-6.0999729573074646e-12,9.112555328372185e-12,-3.3099825181084896e-11,-6.152717224594539e-13,9.40400535220931e-13,-3.31523697383318e-12,3.500529767302746e-12,3.4868994274439695e-11,180000.0,0.3865330999251455,True
488,T,Optimizer-T,215.06573938233834,-310.26098068680034,398.6809482663076,-33.92944330678202,48.94774214039171,-61.64123822258016,12.54789003900596,719.7348887684129,7.60544960343168e-11,-1.0967893260271921e-10,4.140270348784725e-10,-4.662936703425657e-13,6.759037773917953e-13,-2.5348612098241574e-12,2.6645444369282397e-12,4.350082070882866e-10,180000.0,15.7033765000524,True
488,A,ESPDI-A,-72.1119108028957,-136.9387230713013,1650.241324537772,-37.32070017011707,-19.622635404885067,-91.64936356593348,25.36565458899958,1309.845547386196,6.821210263296962e-13,3.410605131648481e-13,-1.4779288903810084e-12,-2.842170943040401e-14,2.842170943040401e-14,-1.4210854715202004e-13,1.4768353431425771e-13,1.6630950583848736e-12,180000.004209107,3.914773100055754,True
488,A,Optimizer-A,-72.1119108028957,-136.9387230713013,1650.241324537772,-37.32070017011707,-19.622635404885067,-91.64936356593348,24.224407532498013,1278.0851122512704,1.4794133727170697e-08,9.27985364720632e-09,1.1000744137845686e-07,2.297717571764224e-11,1.8539836332820414e-11,-3.0613023227488156e-10,3.0755063850995355e-10,1.1138500453420829e-07,180000.00000441202,17.78120859991759,True
489,T,ESPDI-T,-357.4971971904625,136.9554310474006,562.7065689441418,49.24988204849936,-18.86738938932809,-75.87312426573129,14.347808267113596,822.9764649750032,1.821849583086982e-11,-7.077727347346713e-12,-8.05719384440462e-11,1.490002565773807e-12,-5.837830219235229e-13,-6.718570144670366e-12,6.906525541222205e-12,8.290865503295762e-11,180000.0,0.7336710999952629,True
489,T,Optimizer-T,-357.4971971904625,136.9554310474006,562.7065689441418,49.24988204849936,-18.86738938932809,-75.87312426573129,14.347808267113596,822.9764649754507,1.613318367787997e-10,-6.177236500093386e-11,-7.098286403106613e-10,-2.078337502098293e-13,7.527312106958561e-14,8.775202786637237e-13,9.049324560142031e-13,7.305480718210897e-10,180000.0,36.03203749994282,True
489,A,ESPDI-A,342.3796764530164,210.510952561095,1277.8152909334196,-44.78331944236557,-24.108804255648213,-70.76919175616996,23.27768450557921,1116.212710169184,-7.300826609935029e-13,-2.1316282072803006e-13,2.8421709430404007e-13,-9.547918011776346e-14,-2.4868995751603507e-14,1.1368683772161603e-13,1.5053052134631917e-13,8.119349953775339e-13,180000.07626013478,3.742843499989249,True
489,A,Optimizer-A,342.3796764530164,210.510952561095,1277.8152909334196,-44.78331944236557,-24.108804255648213,-70.76919175616996,21.51895699160297,1059.6369018020669,1.9924883420793276e-07,8.397906698727699e-08,2.141803037147838e-07,-6.943196018127651e-12,-4.046984969363621e-12,-2.0822454871449736e-11,2.2319513551194603e-11,3.0434484409076305e-07,180000.00000007718,21.124722099979408,True
490,T,ESPDI-T,-392.1436288891193,88.05663636591426,678.2555749033477,49.84553024816557,-11.192913535183237,-84.2787197196488,15.534610933775694,891.0503230200102,9.865927004396383e-12,-2.344836564499575e-12,-4.832905858278766e-11,1.0484252355169588e-12,-2.3336454296751796e-13,-4.903515093968025e-12,5.01977238140889e-12,4.938150137114923e-11,180000.0,0.8390157999237999,True
490,T,Optimizer-T,-392.1436288891193,88.05663636591426,678.2555749033477,49.84553024816557,-11.192913535183237,-84.2787197196488,15.534610933775694,891.0503230204849,5.260636370962857e-11,-1.1814327294246141e-11,-2.5015012283802207e-10,-2.744471316873387e-13,6.261657858885883e-14,1.2683187833317788e-12,1.2991822813438404e-12,2.5589468886251394e-10,179999.99999999997,17.569931100006215,True
490,A,ESPDI-A,-277.8342426310566,-229.05057503900315,1732.5169385489012,19.79936676727948,5.193985346980099,-86.99679327032618,26.53637195298404,1264.7813134512235,5.684341886080802e-14,-3.410605131648481e-13,1.4210854715202004e-12,2.1316282072803006e-14,0.0,1.1368683772161603e-13,1.156679772130055e-13,1.4625448250477128e-12,180000.05720393066,3.9962595000397414,True
490,A,Optimizer-A,-277.8342426310566,-229.05057503900315,1732.5169385489012,19.79936676727948,5.193985346980099,-86.99679327032618,24.603046657188997,1199.9530887338296,-3.125573881018124e-08,2.2875745635655286e-07,3.3688628775507823e-07,-5.1239013032500225e-12,4.202860282020993e-12,9.160316949419212e-11,9.184257760155323e-11,4.084106584366865e-07,180000.0000000838,19.45961349993013,True
491,T,ESPDI-T,-191.32130065107893,325.2710414888078,530.5193078234793,27.023404679449612,-45.94329515190094,-73.36704102851958,13.998117198586787,802.9185220438067,-1.4333601579957778e-12,2.942983096804186e-12,7.841567456132181e-12,4.666891872950885e-13,-7.875644580934704e-13,-3.9845349242284556e-12,4.088346259257706e-12,8.497402604306575e-12,180000.0,0.4386337000178173,True
491,T,Optimizer-T,-191.32130065107893,325.2710414888078,530.5193078234793,27.023404679449612,-45.94329515190094,-73.36704102851958,13.998117198586787,802.9185220442232,-6.886669012828861e-11,1.1709611058563496e-10,5.367324362737236e-10,3.326228181776969e-13,-5.728750807065808e-13,-2.604139126560767e-12,2.6870735731929115e-12,5.536567784032231e-10,180000.0,20.335433800006285,True
491,A,ESPDI-A,161.21050286414254,-33.32680779234374,1208.3319904829223,10.083892344009271,12.071775830813799,-79.66138819713942,21.969253640266153,1101.0713555079747,-6.821210263296962e-13,-1.1368683772161603e-13,-2.8421709430404007e-13,2.842170943040401e-14,2.842170943040401e-14,-2.1316282072803006e-14,4.5496934130773415e-14,7.476584436270687e-13,180000.030559637,3.855384499998763,True
491,A,Optimizer-A,161.21050286414254,-33.32680779234374,1208.3319904829223,10.083892344009271,12.071775830813799,-79.66138819713942,20.67749074265037,1060.2520780090454,1.4073297850956427e-08,3.310065033821784e-09,-2.1645572445549988e-08,1.687538997430238e-14,-1.127986593019159e-13,3.0304647680168273e-12,3.0326102661763805e-12,2.6029695530785935e-08,180000.0000000002,22.22071129991673,True
492,T,ESPDI-T,15.35212142238929,33.4995369418253,316.95296271243944,-2.8866087523729007,-6.298807433589367,-58.71144119658761,10.545879828028784,604.9015110423097,1.568208995821052e-14,2.5351601243631117e-14,-6.196410572145705e-13,-3.0688125651767706e-14,-6.95745544510018e-14,-1.9052953659226546e-12,1.9068122118051942e-12,6.203576963470866e-13,180000.0,0.3937855999683961,True
492,T,Optimizer-T,15.35212142238929,33.4995369418253,316.95296271243944,-2.8866087523729007,-6.298807433589367,-58.71144119658761,10.545879828028784,604.9015110426335,-5.582076467725017e-12,-1.2192996612370166e-11,-3.1392488608616986e-10,3.594347042223944e-14,7.815970093361102e-14,2.0019541580040823e-12,2.0038017174026625e-12,3.1421117556238434e-10,179999.99999999997,28.677704700035974,True
492,A,ESPDI-A,-14.997202463576741,28.11768473975269,1618.0778091204627,32.398785150945585,-44.51231480033568,-90.25322208672304,25.15692117641689,1302.645249950494,-1.1368683772161603e-13,-6.821210263296962e-13,3.410605131648481e-13,0.0,-1.1368683772161603e-13,0.0,1.1368683772161603e-13,7.710616481660131e-13,180000.0297208865,3.9297922000987455,True
492,A,Optimizer-A,-14.997202463576741,28.11768473975269,1618.0778091204627,32.398785150945585,-44.51231480033568,-90.25322208672304,23.921906535483433,1269.5199304482576,5.642864493320729e-08,-7.650265845280912e-08,-6.848161149264342e-09,-1.8707702054143738e-11,2.5798030378609837e-11,-2.0098056552342314e-10,2.0349128778814406e-10,9.530868811641172e-08,180000.00000309455,21.07989589998033,True
493,T,ESPDI-T,35.85657342576672,-54.87849313011805,380.12369765914923,-6.169163836466481,9.441906542436413,-64.3447187919769,11.515791574568826,660.5347147794146,2.5663439879057212e-12,-3.846456099053548e-12,7.472459207392285e-11,1.4632392519864368e-14,-1.3860440573054689e-14,4.948680354388557e-13,4.952782967411827e-13,7.486752304304169e-11,180000.0,0.41021360002923757,True
493,T,Optimizer-T,35.85657342576672,-54.87849313011805,380.12369765914923,-6.169163836466481,9.441906542436413,-64.3447187919769,11.515791574568826,660.5347147797584,1.1189771331743259e-11,-1.7126300377867665e-11,3.2169467090170656e-10,6.45039577307216e-14,-9.747758156208874e-14,1.8687273950490635e-12,1.8723794264189563e-12,3.2234450892429817e-10,180000.0,28.8339699000353,True
493,A,ESPDI-A,124.510941103905,-432.7708054268322,1658.2046302984556,-2.92450035964152,-15.043659599029855,-86.82264926180113,25.79141535525619,1298.2476230318262,5.684341886080802e-14,6.821210263296962e-13,-1.7621459846850485e-12,0.0,-5.684341886080802e-14,-1.9184653865522705e-13,2.0009065111038244e-13,1.8904176099926974e-12,180000.00625272666,3.933022400015034,True
493,A,Optimizer-A,124.510941103905,-432.7708054268322,1658.2046302984556,-2.92450035964152,-15.043659599029855,-86.82264926180113,24.659663557340977,1264.6483038181195,-2.448163915848062e-08,3.045244135114875e-07,3.4404033044665994e-07,-3.836930773104541e-13,1.1439738045737613e-12,-1.5017320720289717e-11,1.5065716646053376e-11,4.601067463689795e-07,180000.0000000204,32.75037569995038,True
494,T,ESPDI-T,70.87523849376227,-121.48362945585437,473.8987526164035,-10.916714910547142,18.711783935440707,-71.67572708738439,12.848991171368562,737.0057597539417,-1.4659190744961692e-12,2.661684620538368e-12,-2.6444358855459704e-11,-2.0664026045835726e-13,3.6590869223473987e-13,-3.704647699720454e-12,3.728405013855024e-12,2.661836957870471e-11,180000.0,0.563279900001362,True
494,T,Optimizer-T,70.87523849376227,-121.48362945585437,473.8987526164035,-10.916714910547142,18.711783935440707,-71.67572708738439,12.848991171368562,737.0057597543273,7.864153772629834e-12,-1.3489653838405502e-11,1.424931284077502e-10,-6.494804694057166e-14,1.1146639167236572e-13,-1.199040866595169e-12,1.2059610296519311e-12,1.4334611023207836e-10,180000.0,2.270937600056641,True
494,A,ESPDI-A,-488.0180481235754,434.3391999831923,1779.166656097857,38.27114460665351,3.653705490385782,-87.84616346852034,26.79820606602838,1315.459664585078,1.1368683772161603e-13,2.2737367544323206e-13,-7.958078640513122e-13,2.842170943040401e-14,5.684341886080802e-14,-4.263256414560601e-14,7.652779469160725e-14,8.354242286656625e-13,180000.00371822645,4.047695300076157,True
494,A,Optimizer-A,-488.0180481235754,434.3391999831923,1779.166656097857,38.27114460665351,3.653705490385782,-87.84616346852034,25.393657344173484,1271.5929749464394,8.900090887649963e-09,2.831252120895493e-07,-3.5760248096039504e-08,7.743583552155542e-11,-9.43778388773353e-12,-7.563194515114446e-10,7.603318309279215e-10,2.8551338441910387e-07,180000.00001160774,21.390536400023848,True
495,T,ESPDI-T,-263.4795731232112,-166.58658770345355,353.5907910511729,44.37269706551095,28.054911823793788,-58.44622243859703,11.762319952311648,674.675345114978,-1.2859577226860541e-12,-8.522836570604847e-13,6.328250098421029e-12,7.891257092218495e-13,4.996801583612154e-13,-3.007233351226546e-12,3.1489445968997323e-12,6.513587644669722e-12,180000.0,0.3734005999285728,True
495,T,Optimizer-T,-263.4795731232112,-166.58658770345355,353.5907910511729,44.37269706551095,28.054911823793788,-58.44622243859703,11.762319952311648,674.6753451153345,-2.9529267919770064e-11,-1.8578694138682295e-11,1.1505640884479362e-10,2.0694557179012918e-13,1.3633538742396922e-13,-8.686384944667225e-13,9.032976484066598e-13,1.2022945876962341e-10,180000.0,31.747591500054114,True
495,A,ESPDI-A,288.0682172443318,81.59873410799173,1264.4353686180784,-37.067984771748165,31.32103314069316,-59.389838402941436,23.82239898097776,1140.1488185973703,4.369837824924616e-13,-2.2737367544323206e-13,8.526512829121202e-13,5.595524044110789e-14,5.684341886080802e-14,7.105427357601002e-14,1.06821687844847e-13,9.847171292801134e-13,180000.05889358674,3.954691000049934,True
495,A,Optimizer-A,288.0682172443318,81.59873410799173,1264.4353686180784,-37.067984771748165,31.32103314069316,-59.389838402941436,22.265315203023228,1096.4094637720773,-2.237089024647122e-08,1.2452009132386317e-08,4.648987328437215e-08,-6.505906924303417e-12,2.041744551206648e-11,-2.844302571247681e-11,3.5611860634155575e-11,5.307369951161944e-08,180000.0000001156,33.447187500074506,True
496,T,ESPDI-T,363.7873554822887,472.73071413335043,934.725104800182,-39.56401852141751,-51.41225072218151,-99.01424391931621,18.11636204680826,1039.1370805855531,-2.3606412506184393e-12,-2.6257799645539037e-12,-1.1960960433904377e-11,-1.0926259896848478e-12,-1.3785222963136334e-12,-7.32183758067606e-12,7.53017004008335e-12,1.2471243804761419e-11,180000.0,0.6440834000241011,True
496,T,Optimizer-T,363.7873554822887,472.73071413335043,934.725104800182,-39.56401852141751,-51.41225072218151,-99.01424391931621,18.11636204680826,1039.137080586086,1.0876544109805764e-10,1.4137846449102653e-10,7.606342222743478e-10,-6.332712132461893e-13,-8.22453216642316e-13,-4.472866521609831e-12,4.591731333955594e-12,7.812696151099168e-10,180000.0,1.9862753000343218,True
496,A,ESPDI-A,23.264874444213774,491.1088980013591,897.7221482278809,-21.736743194732348,-30.33858566131753,-66.28613161640789,19.369286527138403,983.8007993325646,4.547473508864641e-13,-5.684341886080801e-13,-8.526512829121202e-14,5.684341886080802e-14,-1.1368683772161603e-13,-7.105427357601002e-14,1.4561792860887974e-13,7.329275012027453e-13,180000.03362088563,4.395202700048685,True
496,A,Optimizer-A,23.264874444213774,491.1088980013591,897.7221482278809,-21.736743194732348,-30.33858566131753,-66.28613161640789,18.59501816006744,957.1048537587103,-1.360744529617065e-07,1.2625260249641006e-07,-2.1051018705975366e-08,4.944844533838477e-11,-1.3732659454035456e-10,-6.660840767835907e-10,6.818883630471211e-10,1.8681306639125523e-07,180000.00000542038,21.014210299937986,True
497,T,ESPDI-T,-365.99870267907033,-197.87630809389762,501.2686128694552,52.44385755685559,28.35364398723665,-70.3042255285944,13.800778058150009,791.5993389898958,-6.414252345699644e-12,-3.665657819928635e-12,2.7674447730830106e-11,-1.6143153220432582e-11,-8.743119075949046e-12,6.348248142440394e-11,6.608380266657161e-11,2.864358108919981e-11,180000.0,0.4432459999807179,True
497,T,Optimizer-T,-365.99870267907033,-197.87630809389762,501.2686128694552,52.44385755685559,28.35364398723665,-70.3042255285944,13.800778058150009,791.5993389903088,-1.1075051986608742e-10,-5.99471583484501e-11,4.3427395013395653e-10,-1.6622259124687844e-11,-8.990141964204668e-12,6.514433437132539e-11,6.78299819521417e-11,4.5216501767564124e-10,179999.99999999997,14.234538699965924,True
497,A,ESPDI-A,-84.45481970995382,290.9011330185308,1760.4556187162077,-39.99385456726347,19.542041140073735,-71.01337369095958,27.597177043651463,1349.8292148900073,-1.3642420526593924e-12,9.094947017729282e-13,1.0231815394945443e-12,-5.684341886080802e-14,2.842170943040401e-14,8.526512829121202e-14,1.0634429903501374e-13,1.9326762412674725e-12,180000.01091941068,4.947053899988532,True
497,A,Optimizer-A,-84.45481970995382,290.9011330185308,1760.4556187162077,-39.99385456726347,19.542041140073735,-71.01337369095958,26.21725886960612,1310.4129823031708,1.1049441175687461e-07,-8.979257510450253e-08,1.3687619571101095e-07,-1.1121770171484968e-10,1.1019363199693544e-10,1.616342615307076e-10,2.2502810537349884e-10,1.9750142917385294e-07,180000.0000059021,26.648010300006717,True
498,T,ESPDI-T,96.34898016941703,399.1437034851373,559.1095579417008,-13.240743855948239,-54.85226237235048,-75.18041705180687,14.382687802075568,824.9771215107321,-2.976079442157083e-12,-1.2368055107088612e-11,-4.771450175613569e-11,-2.5828904987035273e-13,-1.0926468063665595e-12,-4.176325951732451e-12,4.324614287061904e-12,4.938116557772089e-11,180000.0,0.4466973999515176,True
498,T,Optimizer-T,96.34898016941703,399.1437034851373,559.1095579417008,-13.240743855948239,-54.85226237235048,-75.18041705180687,14.382687802075568,824.9771215111687,8.750444813188096e-12,3.6197267405668754e-11,1.4244072588098788e-10,-5.129230373768223e-14,-2.1582735598713043e-13,-8.810729923425242e-13,9.085713873166621e-13,1.4722830176827032e-10,180000.0,7.550694299978204,True
498,A,ESPDI-A,478.97248673392266,-436.8493888363979,1713.9709915805602,-42.84415145369644,-32.30585812238463,-69.23794457750729,27.302552164659165,1350.906285909079,-2.2737367544323206e-13,-1.3642420526593924e-12,-2.2737367544323206e-12,-4.973799150320701e-14,-1.7053025658242404e-13,-1.8474111129762605e-13,2.5628834232622114e-13,2.6613406386603914e-12,180000.01930297236,3.9267120000440627,True
498,A,Optimizer-A,478.97248673392266,-436.8493888363979,1713.9709915805602,-42.84415145369644,-32.30585812238463,-69.23794457750729,26.212550120644835,1317.0790476940529,4.2407191636899394e-08,1.1917137226768937e-07,3.0766772596280134e-07,-4.7978065964571215e-11,8.973799481282185e-11,-3.6691361060547933e-10,3.8076291859144595e-10,3.326554004819617e-07,180000.0000048777,28.868411000003107,True
499,T,ESPDI-T,227.27237955758005,384.6701918634429,976.9194233699568,-24.587907549335423,-41.616298174619075,-103.01945901107494,18.210164970290414,1044.5175259423959,3.3100249158344447e-12,4.9858698441575255e-12,3.141284368041175e-11,-5.623401050369736e-13,-9.919877419495293e-13,-7.028752579962827e-12,7.120648067714428e-12,3.197783468492369e-11,180000.0,0.63143469998613,True
499,T,Optimizer-T,227.27237955758005,384.6701918634429,976.9194233699568,-24.587907549335423,-41.616298174619075,-103.01945901107494,18.210164970290414,1044.5175259429525,-3.780575852374568e-11,-6.408562569504284e-11,-4.3310954822572967e-10,2.375877272697835e-13,3.89910326248355e-13,2.7036151095671812e-12,2.7418994604733925e-12,4.394543475294977e-10,180000.00000000003,2.834248899947852,True
499,A,ESPDI-A,155.3415286702499,-91.18545455308646,822.4818554936395,17.590568076372982,-1.2454376177114241,-60.920777490865525,18.634367510696016,946.9181217661044,-2.2737367544323206e-13,-1.7053025658242404e-13,9.663381206337363e-13,-8.526512829121202e-14,2.1316282072803006e-14,1.1368683772161603e-13,1.4369837526939964e-13,1.007267948504554e-12,180000.01237383563,4.7134074999485165,True
499,A,Optimizer-A,155.3415286702499,-91.18545455308646,822.4818554936395,17.590568076372982,-1.2454376177114241,-60.920777490865525,17.74385635075775,920.817352068394,6.798461477787731e-08,-1.8907109560077293e-08,-7.501778753749022e-08,-2.1156409957256983e-11,7.891021169825763e-12,2.7391422463551862e-11,3.5498618592262634e-11,1.0299055823439916e-07,180000.00000078758,25.620283699943684,True
500,T,ESPDI-T,-163.52754535896315,-333.4841003934246,423.56087590227855,25.265468062782205,51.524236295728784,-64.13187840528389,12.809857730554453,734.7611032751302,2.6186997720018673e-12,5.232146963948803e-12,-2.0380121147547253e-11,8.202154233583059e-13,1.6479248521328316e-12,-6.229475268959561e-12,6.495750286577422e-12,2.1203355591437505e-11,180000.0,0.3966568000614643,True
500,T,Optimizer-T,-163.52754535896315,-333.4841003934246,423.56087590227855,25.265468062782205,51.524236295728784,-64.13187840528389,12.809857730554455,734.7611032755303,6.398548357822165e-11,1.30444988144518e-10,-4.804139308589583e-10,7.149836278586008e-14,1.438849039914203e-13,-5.169198402654729e-13,5.413141442247383e-13,5.019039569520431e-10,180000.0,18.68321239994839,True
500,A,ESPDI-A,-411.6370402878256,438.37584568985903,1435.2324395424516,-17.820476200814436,-18.097687012119536,-58.26952985137785,25.589982498256468,1222.1344611257864,0.0,-1.1368683772161603e-13,2.2737367544323206e-13,1.7053025658242404e-13,-2.842170943040401e-14,-4.263256414560601e-14,1.7806149921485808e-13,2.5421149729252077e-13,180000.02298240463,3.790864000096917,True
500,A,Optimizer-A,-411.6370402878256,438.37584568985903,1435.2324395424516,-17.820476200814436,-18.097687012119536,-58.26952985137785,24.495941951099937,1183.8081785514769,-7.426908046589427e-08,1.8719771328343178e-08,-2.8471060176116225e-08,-1.901234725210088e-10,3.8184566619747784e-11,-2.7607427455222933e-10,3.373751635804338e-10,8.171246795555113e-08,180000.00001270275,35.021909799892455,True
